time_s,z_minus,z_plus,lockin_signal,f0_mhz,peak_shift_kHz,peak_shift_linear_kHz,B_shift_nT
0.0057833340833894,-1.001961175634991,-1.0004736258512634,0.0014875497837278,2929.4429555591837,-3773.9459463291496,-156.89289169691386,-134668.35377994395
0.111970646015834,-1.0027630503815053,-1.00234013626671,0.0004229141147953,2932.9283793257473,-288.5221797655504,-44.60504054089392,-10295.538815499229
0.2105114795267582,-1.0026385979609298,-1.0003442206980675,0.0022943772628623,,,-241.98953699010335,
0.3357041875133291,-1.001808134268729,-1.0007472951226233,0.0010608391461057,2931.5044462645837,-1712.4552409291027,-111.88742930052092,-61106.738543002524
0.4455317085376009,-1.0042189209975156,-1.000326188199897,0.0038927327976185,,,-410.5691869290015,
0.5451416045543738,-1.0028278529153491,-1.002403777455403,0.000424075459946,2932.9349974842225,-281.9040212903019,-44.72752840714659,-10059.378435994215
0.6537542920559645,-1.0010265544458483,-1.0010140238282472,1.253061760131402e-05,2933.194366606677,-22.534898836056527,-1.3216127970048488,-804.1285625198589
0.7596601460245438,-1.0031452497258986,-1.00196190345702,0.0011833462688786,2932.3859315576824,-830.9699478304537,-124.80833921260512,-29652.08206645924
0.8773699590237811,-1.0028735704086364,-1.0013270700781158,0.0015465003305206,2931.8018929133295,-1415.0085921833124,-163.11044613078354,-50492.74165655554
0.9852737710461952,-1.0033334283734552,-1.0009220455806371,0.002411382792818,2930.5206772258935,-2696.2242796194005,-254.330190150142,-96211.25747999574
1.0921371045405976,-1.0037053689989248,-1.002057560580105,0.0016478084188198,2932.1764277934444,-1040.473712068433,-173.79547939784456,-37127.95147261037
1.2330455210176297,-1.0020859284911383,-1.0013394931185848,0.0007464353725534,2932.4233743451705,-793.5271603423644,-78.7270485639558,-28315.984882328157
1.3368433130672202,-1.0039826877976046,-1.0004862961504262,0.0034963916471784,,,-368.7668150882622,
1.444504771498032,-1.0014985485116796,-1.001677715318134,-0.0001791668064543,2933.417338771805,200.4372662922833,18.8968454488452,7152.343216253329
1.5462955420371145,-1.0035297562211407,-1.0010533508883823,0.0024764053327583,2930.7779012954175,-2439.0002100954007,-261.18816184850505,-87032.5510310948
1.652392125048209,-1.0016364797541848,-1.0012841141224404,0.0003523656317443,2932.782735830584,-434.1656749288631,-37.16424384839217,-15492.63755812386
1.7537856880226173,-1.0012143827927575,-1.0020708243461558,-0.0008564415533982,2934.1824113880134,965.5098825005552,90.32947559246809,34452.964690998975
1.8553651255206205,-1.0030276147339647,-1.0006497785167852,0.0023778362171795,,,-250.7920099050031,
1.9559867920470424,-1.0039504040039222,-1.0001218652231456,0.0038285387807766,,,-403.79860012770865,
2.0575184795306996,-1.0043561619230588,-1.000989896786541,0.0033662651365178,2929.673703321429,-3543.198184083849,-355.04228313156256,-126434.41992876993
2.155996458546724,-1.00213402576662,-1.0001032266734402,0.0020307990931798,,,-214.1897674079356,
2.2529532920452766,-1.003307568888734,-0.9999544065467748,0.0033531623419593,,,-353.66032244018015,
2.3815483130747452,-1.0030070500578152,-1.0003604171701557,0.0026466328876595,,,-279.14217833055494,
2.478713708522264,-1.0024070838150163,-1.000456683657609,0.0019504001574075,,,-205.71003673899116,
2.577746458526235,-1.0031112175171002,-1.000405143972158,0.0027060735449422,,,-285.41142505255067,
2.6783333965577185,-1.0037486977572396,-1.0004583667322184,0.0032903310250211,,,-347.0334605284754,
2.7807705210288987,-1.003792210441329,-0.9997404161041068,0.0040517943372223,,,-427.345516151169,
2.878429146541748,-1.002446273594206,-1.00059305169793,0.0018532218962761,2929.7494659758913,-3467.4355296215253,-195.460579164019,-123730.92811952345
2.9752531880512834,-1.0034084464694275,-1.0013133904933231,0.0020950559761043,2931.427843163287,-1789.0583422254167,-220.96698473789425,-63840.22060467516
3.073098167020362,-1.0018756554980268,-1.0008223354909815,0.0010533200070452,2931.6451113518124,-1571.7901537004764,-111.09438056818507,-56087.28781403355
3.169603979506064,-1.002421040575284,-1.001637905042606,0.0007831355326779,2932.5254707665026,-691.4307390102294,-82.59783951875298,-24672.806844498624
3.2664466670248657,-1.0025410772984895,-1.0004658578022028,0.0020752194962867,,,-218.87481766307303,
3.3646666045533493,-1.003286211955509,-1.0001464410266396,0.0031397709288694,,,-331.15378435373555,
3.4958498125197366,-1.0038746335138389,-1.0009629871148666,0.002911646398972,2930.13802148235,-3078.8800231630375,-307.09333437478693,-109865.83011572357
3.595597375591751,-1.0026595054067295,-1.0007421822429077,0.0019173231638218,2930.486247161099,-2730.6543444137787,-202.2213836336887,-97439.84957228728
3.6947456460329704,-1.0033658429467462,-1.0004136384828,0.0029522044639462,,,-311.37102118906904,
3.7922337920754217,-1.002598663650304,-1.0005844208695838,0.0020142427807203,,,-212.44356182475892,
3.8907518125488423,-1.0031469789812344,-1.0006055497094266,0.0025414292718077,,,-268.04628111185536,
3.990701875009108,-1.0032731730744704,-1.0015458654532048,0.0017273076212656,2931.8566075628273,-1360.29394268553,-182.18031457831785,-48540.320535452825
4.091705083556008,-1.0041434601803048,-1.001044404464515,0.0030990557157897,2930.221229929004,-2995.671576508812,-326.8595230214417,-106896.64489397702
4.191907771048136,-1.0025602691477709,-1.000018277498994,0.0025419916487767,,,-268.10559539488247,
4.285659479559399,-1.0034525653506974,-1.0009808313206354,0.0024717340300619,2930.619522214342,-2597.3792911709097,-260.6954763625792,-92684.10259673528
4.380396063090302,-1.0027779275338429,-1.0005543113079929,0.0022236162258499,,,-234.52632208612525,
4.4764723750413395,-1.0041683701183677,-1.0016868046374376,0.0024815654809298,2931.5524068333143,-1664.4946721985434,-261.7324062005629,-59395.32801165227
4.602401437994558,-1.0014235815232368,-1.0000570041910668,0.00136657733217,,,-144.1338446060668,
4.697868396004196,-1.0033491378827264,-1.0011527855809803,0.002196352301746,2931.157875356908,-2059.0261486049712,-231.6507773894332,-73473.6707324069
4.795876604563091,-1.0014535113520031,-1.0031710976593546,-0.0017175863073515,2934.639982637743,1423.0811322299814,181.15500095988625,50780.79975128395
4.896493083506357,-1.0034686707120424,-0.9998104210567156,0.0036582496553267,,,-385.8380897578386,
4.994981584022753,-1.0020665364754198,-0.998986356045118,0.0030801804303016,,,-324.8687337690633,
5.1007539795245975,-1.0037597026037457,-0.999835754228503,0.0039239483752424,,,-413.8615152214514,
5.205368791997898,-1.0025243938937525,-1.001153039015822,0.0013713548779301,2931.768048461192,-1448.8530443209129,-144.6377356204837,-51700.43692267031
5.304417000093963,-1.0020394326805075,-1.001395061798555,0.0006443708819525,2932.539423225245,-677.4782802676782,-67.9622370295082,-24174.93149684835
5.403539313003421,-1.0018447244217137,-0.9994667752804434,0.0023779491412703,,,-250.8039200859819,
5.503009834035765,-1.0032527498917672,-0.999722990635758,0.0035297592560092,,,-372.2861195819684,
5.633095313038211,-1.0025886564501705,-1.0009861260987791,0.0016025303513911,2931.3690906426623,-1847.8108628505652,-169.0199707008976,-65936.7279064575
5.739787750528194,-1.003889054489468,-0.9991505766928463,0.0047384777966213,,,-499.7704896236527,
5.841677313030232,-1.0019080799041502,-1.0000104834138115,0.0018975964903387,,,-200.1407979079625,
5.9439314375049435,-1.0025003197681586,-1.0015435719281491,0.0009567478400094,2932.3581925076214,-858.7089978914264,-100.9088481514402,-30641.913998409447
6.042176333547104,-1.005057423440035,-1.0008255821380123,0.0042318413020223,,,-446.3351925019781,
6.142781875561923,-1.0026328429516131,-1.0010424759098526,0.0015903670417605,2931.461000667948,-1755.9008375646954,-167.7370981265307,-62657.038166025384
6.242304562532809,-1.0033543779856704,-1.0001772944137184,0.003177083571952,,,-335.0891743044567,
6.342867292056326,-1.0023171103588515,-1.0002647758118783,0.0020523345469734,,,-216.46112642841143,
6.440329104545526,-1.002445765626138,-1.0018100953174314,0.0006356703087064,2932.687944443606,-528.9570619070219,-67.04458162668995,-18875.14494387032
6.537520125566516,-1.0018320731093124,-0.999749772823532,0.0020823002857803,,,-219.6216333671956,
6.664164667017758,-1.002303319283941,-1.000827059579713,0.0014762597042279,2931.2055547690693,-2011.3467364435564,-155.7021193008489,-71772.29290763475
6.762694500561338,-1.002715504443863,-1.000448642552401,0.0022668618914618,,,-239.08747197530496,
6.861283146077767,-1.0028011821406186,-1.0008465075777742,0.0019546745628444,2930.7675176774655,-2449.383828047303,-206.1608611998736,-87403.07693574445
6.9602399585419334,-1.0015296820518722,-1.0020833463431675,-0.0005536642912953,2933.7644519003793,547.5503948664482,58.39535095945766,19538.623853355988
7.058562021527905,-1.0040996080023352,-1.000684523929054,0.0034150840732811,,,-360.19124973567165,
7.156943354522809,-1.0028038789030145,-1.000192393136434,0.0026114857665802,,,-275.43518746458574,
7.257899229589384,-1.0036924308466528,-1.000766308501682,0.0029261223449708,,,-308.6201222864533,
7.356501166999806,-1.0038491788626296,-1.0024737463327416,0.001375432529888,2932.4458132155823,-771.0882899305034,-145.0678083575452,-27515.282969258613
7.454927396029234,-1.003559714951464,-1.000702982907972,0.0028567320434917,,,-301.3014797953946,
7.553387813037261,-1.0030283420930195,-1.0003004187637523,0.0027279233292669,,,-287.7159367288379,
7.680749000515789,-1.003082640654868,-1.0001831900881872,0.0028994505666808,,,-305.80703161319707,
7.782027188048232,-1.0036487909522722,-0.9998289714789204,0.0038198194733517,,,-402.87896881826055,
7.8824362710583955,-1.0024756303255955,-1.0014896637314956,0.0009859665940998,2932.3098842414447,-907.0172640681448,-103.99057010197645,-32365.731661010017
7.982264458551072,-1.0037495542644772,-1.0021933886605303,0.0015561656039468,2932.2736755718665,-943.2259336463176,-164.12984912050285,-33657.79095226654
8.082966042042244,-1.001699897342531,-1.0002439432878265,0.0014559540547045,,,-153.56046857671578,
8.183893292036373,-1.0046559100338806,-1.0003149937969185,0.004340916236962,,,-457.8394003890239,
8.283747938054148,-1.0024326347252437,-1.001635586445637,0.0007970482796066,2932.514335929753,-702.5655757597633,-84.06522643983251,-25070.13901512144
8.379633146047127,-1.0040337798970296,-1.0022250877099823,0.001808692187047,2932.1670589908276,-1049.8425146852242,-190.76400031752112,-37462.2650116052
8.475706146040466,-1.002501237799852,-1.0013849892710374,0.0011162485288147,2932.152548003476,-1064.353502036738,-117.73149473983813,-37980.07072640373
8.571194146526977,-1.0025359648239875,-1.0010491494397182,0.0014868153842693,2931.5552875371604,-1661.6139683524125,-156.81543408441746,-59292.53384072268
8.701218563015573,-1.004470317113804,-1.000633557811041,0.0038367593027628,,,-404.6656241962716,
8.796209458552767,-1.0037094404381623,-0.9989606293777892,0.0047488110603731,,,-500.8603460092443,
8.893056396045722,-1.0027128473224738,-1.0011929338284846,0.0015199134939891,2931.694722773513,-1522.178731999702,-160.3063143228138,-54316.96874106844
8.988418084045406,-1.002920744197519,-1.0009057923270797,0.0020149518704393,2930.854342077769,-2362.5594277436903,-212.51835000172903,-84304.86110989474
9.082954313023947,-1.0030162989730418,-1.001415244961913,0.0016010540111288,2931.8378672794397,-1379.034226073145,-168.86426008508587,-49209.0431798867
9.179535854549613,-1.0036536716147444,-1.0006305647564715,0.0030231068582728,,,-318.84914514553424,
9.275698750512674,-1.001249927370734,-1.0008317210862685,0.0004182062844657,2932.460068049588,-756.8334559250616,-44.10850246055212,-27006.617753534883
9.371176854532678,-1.0025679418054452,-1.0018025215283053,0.0007654202771398,2932.5941083726684,-622.7931328444356,-80.7293994175083,-22223.56311891363
9.467888396058695,-1.00152220495328,-1.0002948014134765,0.0012274035398038,,,-129.4550896685213,
9.589333521027584,-1.0029380098099625,-0.999048556045969,0.0038894537639933,,,-410.2233450129387,
9.6881673130556,-1.0038020046830505,-1.0020586694764115,0.0017433352066389,2932.130000897325,-1086.9006081879888,-183.8707549545978,-38784.63489109295
9.78414237551624,-1.0040898768342628,-0.9991960515667158,0.004893825267547,,,-516.1550934855992,
9.881228792015463,-1.0016754110233703,-1.000318581959439,0.0013568290639318,,,-143.1056880968491,
9.978747750050388,-1.003901011577797,-1.0013327411375574,0.0025682704402398,2931.1579681930525,-2058.93331246034,-270.8772374790972,-73470.35799530188
10.076776479487307,-1.001066159763141,-1.0001774986809016,0.0008886610822393,,,-93.72769130569664,
10.177830083994197,-1.0036503748655918,-1.001156902452332,0.0024934724132597,2930.954791283196,-2262.1102223170055,-262.9882384859151,-80720.46182975326
10.274373625055889,-1.002335794970136,-1.0007449976684153,0.0015907973017208,2930.885250246999,-2331.65125851383,-167.78247793841695,-83201.94328125284
10.371925438055769,-1.0040477282100488,-0.999953123274009,0.0040946049360398,,,-431.860779248393,
10.509996208536904,-1.0022540115525396,-1.000743198188924,0.0015108133636154,2930.972433162387,-2244.4683431258454,-159.34651735684656,-80090.93431079951
10.607075229519978,-1.003464032002377,-1.0015219236272628,0.0019421083751145,2931.7128364695504,-1504.0650359624124,-204.83549679720224,-53670.60505147061
10.703204813005868,-1.0013237737791325,-0.9992060742138332,0.0021176995652991,,,-223.3552195560009,
10.800728854548652,-1.002287923140773,-1.0002430240245228,0.0020448991162502,,,-215.67690647159176,
10.900007292046212,-1.0024473319484764,-1.0012262161284418,0.0012211158200345,2931.95485243783,-1262.0490676827103,-128.7919195698968,-45034.579920165226
10.995863708492834,-1.0039132311378858,-1.000009797685433,0.0039034334524528,,,-411.6977923029894,
11.09366587502882,-1.0018835727689583,-1.0001200252226214,0.0017635475463368,,,-186.0025642277124,
11.190710333525203,-1.0041778041348388,-1.0016334209232085,0.0025443832116303,2931.4778329256264,-1739.068579886407,-268.3578351624989,-62056.40093799625
11.287715563026724,-1.003321013333769,-1.0006146007375425,0.0027064125962268,,,-285.4471850231123,
11.417195667047054,-1.0037485274090427,-1.0014620551749218,0.0022864722341209,2931.463757844911,-1753.143660601836,-241.15578820956017,-62558.6518913016
11.514550438034348,-1.0032339565008483,-1.0007131084840195,0.0025208480168288,2928.8848908411373,-4332.0106643755025,-265.87556209208293,-154582.16758405304
11.614350125484634,-1.0034053303331298,-1.001446842472732,0.0019584878603977,2931.641321359036,-1575.580146477023,-206.5630522973272,-56222.528778083884
11.7208767090342,-1.0012223489427758,-1.0018140373325608,-0.0005916883897849,2933.927302588358,710.4010828452374,62.405778597887625,25349.738896846895
11.819614479551092,-1.0029763800075049,-0.9989966082246272,0.0039797717828775,,,-419.74924815250847,
11.91868056257954,-1.0032898572213222,-1.00036225999731,0.0029275972240121,,,-308.77567878629634,
12.021321063046344,-1.0036366943385395,-1.0008983793755606,0.0027383149629791,2930.0867116235268,-3130.189881986098,-288.81194943402227,-111696.75570889587
12.125041792052798,-1.002675834991201,-0.9996100040821034,0.0030658309090976,,,-323.3552799668476,
12.225271438073833,-1.0028439707062022,-1.0001896771314316,0.0026542935747706,,,-279.95015623246735,
12.367119438014925,-1.0028256686141015,-1.0013661267431002,0.0014595418710012,2931.893770740064,-1323.1307654486957,-153.93887801203522,-47214.20087955665
12.469920145988,-1.0032992494822783,-0.999865042519128,0.0034342069631503,,,-362.20815399124126,
12.56935785454698,-1.002191144363063,-1.0012395822944973,0.0009515620685653,2932.185803096528,-1031.0984089846895,-100.36190129531884,-36793.40597290499
12.6706022710423,-1.0038272221072662,-1.0006318831249794,0.0031953389822867,,,-337.0145849010356,
12.774196646059863,-1.0016028878039176,-0.9994095194638176,0.0021933683401,,,-231.33605691656297,
12.879544209048618,-1.004576012629749,-0.998690109996544,0.0058859026332048,,,-620.7901708374031,
12.984493375523016,-1.0019807089876462,-1.0000297498747397,0.0019509591129065,,,-205.76899015724095,
13.090667146025226,-1.001844935248151,-1.0007521811859477,0.0010927540622036,2931.475943036709,-1740.9584688039104,-115.25351729947872,-62123.83916656831
13.19374472956406,-1.001055272813637,-1.0015247504434155,-0.0004694776297784,2933.885937566223,669.0360607103685,49.51612626918587,23873.681869482174
13.334699958562853,-1.0049518719219448,-1.000426438739625,0.0045254331823201,,,-477.3005286423168,
13.448816500545943,-1.001926994277727,-1.0014595936052422,0.0004674006724847,2932.7233767659854,-493.52473952740183,-49.29706816502947,-17610.788592899007
13.56469627149636,-1.0034362978485991,-1.0020792495985045,0.0013570482500948,2932.333065155573,-883.8363499398838,-143.12880581116613,-31538.55088281058
13.679902625561226,-1.0031132914435843,-1.0005367984135731,0.0025764930300109,,,-271.74447963833876,
13.819252584013157,-1.0026648751076397,-1.000679058843512,0.0019858162641275,2930.102061396572,-3114.8401089408253,-209.44539770419885,-111149.01901730035
13.92644020851003,-1.0040737764351877,-1.0005961214163102,0.0034776550188775,,,-366.7906501041191,
14.033872208558025,-1.0033210046418044,-1.002310483119257,0.0010105215225473,2932.5845371021974,-632.3644033154778,-106.580395176518,-22565.101460015623
14.13751047954429,-1.0026091540824886,-1.0013189603733152,0.0012901937091733,2931.977266434454,-1239.6350710587285,-136.07761171805268,-44234.76559587241
14.267139792034868,-1.001962059618018,-1.0003777980360755,0.0015842615819423,,,-167.09315110943683,
14.37039493804332,-1.0038936027448115,-1.000458540868159,0.0034350618766525,,,-362.2983223022316,
14.472553500556389,-1.0034570595902963,-1.0014159779318232,0.002041081658473,2931.5641036620113,-1652.797843501503,-215.2742765924774,-58977.941889148686
14.577846229542049,-1.0018326684573156,-1.0013508407454892,0.0004818277118263,2932.672315073168,-544.5864323446585,-50.81869785816068,-19432.858704847935
14.683383437572047,-1.003287012620663,-1.0004379004609312,0.0028491121597318,,,-300.49780545079614,
14.788811542035546,-1.0022776699273066,-0.9999903577284592,0.0022873121988474,,,-241.24437986297133,
14.892311833507849,-1.0032814180110294,-1.0010681716240613,0.0022132463869681,2931.010646557021,-2206.2549484917326,-233.4326080965876,-78727.33901269385
14.995337312517222,-1.002297373713744,-1.0006904060256654,0.0016069676880785,2930.695740695703,-2521.1608098097713,-169.4879796320526,-89964.34519732269
15.116411750554107,-1.0011396916069817,-1.0004026526857135,0.0007370389212679,2930.9375433115233,-2279.3581939895375,-77.73599842903094,-81335.93327110824
15.232100542052647,-1.002764011763254,-1.0028198215240711,-5.580976081720479e-05,2933.2514478436933,34.546338180462044,5.886293591758879,1232.7411568820312
15.334897063032258,-1.0021046681804615,-0.9997872742577374,0.0023173939227243,,,-244.4171198262945,
15.44110279204324,-1.0020894475136777,-1.0015165778991466,0.0005728696145308,2932.648552567424,-568.3489380890023,-60.4209495186667,-20280.792823615553
15.548340354580432,-1.0029700895592488,-1.001106446353419,0.0018636432058298,2931.3345083451127,-1882.39316040017,-196.5597218004817,-67170.75222666892
15.653553438023664,-1.004010236198955,-1.0001552851554745,0.0038549510434802,,,-406.5843195148212,
15.761279417027254,-1.0024317449750253,-1.001692647123878,0.0007390978511472,2932.577338217688,-639.5632878247852,-77.95315516965977,-22821.984292919824
15.866056104539894,-1.004173259105418,-1.0017031184805707,0.0024701406248472,2931.570589590384,-1646.3119151289902,-260.52741882628186,-58746.499968919146
15.973161166999487,-1.0021691133496882,-1.0011484211319748,0.0010206922177133,2932.0554838582893,-1161.4176472235158,-107.65310534233996,-41443.678533525395
16.1097931250697,-1.0016945905332708,-1.0012844435485315,0.0004101469847392,2932.7206854579117,-496.2160476011377,-43.25848261384247,-17706.824421964662
16.220199917035643,-1.0026657405412167,-1.0001773804175609,0.0024883601236558,,,-262.4490418096649,
16.3281935005798,-1.0030182588122147,-1.0003357343430934,0.0026825244691213,,,-282.927687941533,
16.435570062545594,-1.0024918497320456,-1.000812951450173,0.0016788982818729,2930.9655467348753,-2251.3547706375903,-177.07454848865308,-80336.6675220379
16.53834920853842,-1.003197776215287,-1.0014766675081903,0.0017211087070965,2931.809561316248,-1407.340189264687,-181.52651086700195,-50219.10466973619
16.64296408352675,-1.0047134586153377,-1.0009724977980878,0.0037409608172498,,,-394.5616924981714,
16.745152792020235,-1.0040256482027967,-1.0020917305857209,0.001933917617076,2932.0540400688883,-1162.8614366245529,-203.97161195253753,-41495.19828092181
16.84787508350564,-1.003449813232755,-1.0004052597600035,0.0030445534727512,,,-321.1111342227541,
16.98016481299419,-1.0051588136283265,-1.001714349105734,0.0034444645225923,2931.1176064535516,-2099.295051961235,-363.2900257915813,-74910.61418645571
17.084038375585806,-1.002630812924319,-1.0005528276991222,0.002077985225197,,,-219.16652098025872,
17.187192562560085,-1.0024732570957269,-1.000251487970624,0.0022217691251027,,,-234.33150710873065,
17.28910179209197,-1.0024501557911922,-1.0005234699823256,0.0019266858088666,,,-203.20886820131747,
17.39503702154616,-1.0025301053402529,-0.999657051103206,0.0028730542370466,,,-303.0229926977986,
17.498796437575947,-1.002821401671424,-1.000201176885014,0.0026202247864097,,,-276.3568978548221,
17.60267695906805,-1.002157971364133,-0.999804158036846,0.0023538133272874,,,-248.25829930027757,
17.70653654204216,-1.0033469833755435,-1.0012051938525617,0.0021417895229822,2931.2682263629326,-1948.675142580214,-225.8960038464496,-69535.93857337332
17.843478042050265,-1.0020049227533172,-1.0003332932188336,0.0016716295344836,,,-176.30790873689537,
17.949562792025972,-1.0027862699123826,-1.00179455930044,0.0009917106119425,2932.440490552027,-776.4109534859926,-104.59639558705103,-27705.21529710222
18.05818679201184,-1.0042108048008624,-1.0007014901727165,0.0035093146281461,,,-370.12981071742126,
18.167428229528017,-1.0029805195551007,-1.000152590358753,0.0028279291963477,,,-298.26362383456654,
18.272434646089096,-1.0027994396615854,-1.0000593530409874,0.0027400866205979,,,-288.99880737313515,
18.376773895986844,-1.0020974999193188,-0.9998751738310576,0.0022223260882611,,,-234.39025039345384,
18.482958500506356,-1.003733201463583,-1.0011452561600354,0.0025879453035475,2930.867849309222,-2349.0521962908133,-272.9523587502284,-83822.87311914121
18.591634792042896,-1.002979296244043,-1.000236667121662,0.0027426291223808,,,-289.26696677272304,
18.731010021525435,-1.0028623836450914,-1.0019721254665654,0.0008902581785259,2932.5635217363338,-653.3797691790824,-93.89613814186758,-23315.007464283553
18.840499646554235,-1.0031597999300197,-1.0007264756205558,0.0024333243094636,2929.5449245549457,-3671.976950567114,-256.6443768969632,-131029.72275789015
18.946610959013924,-1.0023135769384668,-1.001095139065716,0.0012184378727506,2931.834225178028,-1382.67632748466,-128.5094746408043,-49339.0068328811
19.062244188040495,-1.0031720494433547,-1.0019876071652494,0.0011844422781053,2932.3944945687304,-822.4069367824995,-124.92393605432817,-29346.522151816283
19.172281667008065,-1.0035761183885894,-1.0002014525424825,0.0033746658461069,,,-355.92831170966633,
19.28471195907332,-1.0011213579471776,-1.0004766687358897,0.0006446892112881,2931.461893607653,-1755.0078978597412,-67.99581144195069,-62625.17477375611
19.392408062529285,-1.0038337018545374,-1.0014269047771498,0.0024067970773875,2931.3601318925257,-1856.7696129871365,-253.84653161161168,-66256.40925589268
19.501172208518256,-1.0014317612477883,-1.0015523663910166,-0.0001206051432283,2933.3609335414094,144.03203589654368,12.720306830363729,5139.595914093051
19.64603937556967,-1.0026332442802497,-1.0009168132631103,0.0017164310171391,2931.1506242278806,-2066.2772776322527,-181.033151712302,-73732.41784300073
19.758935854537413,-1.0024414197738467,-1.001598870326528,0.0008425494473187,2932.466314380003,-750.58712550981,-88.86426567604435,-26783.72557485762
19.871725834032983,-1.001991899388096,-0.9999302171146732,0.0020616822734227,,,-217.4470375215865,
19.982887063059025,-1.002050286374311,-1.0011811687925685,0.0008691175817425,2932.216587406876,-1000.3140986368636,-91.6664249599476,-35694.907887413065
20.095777500537224,-1.004288199416972,-1.0004089887175645,0.0038792106994076,,,-409.14300199500616,
20.208298042067327,-1.0033528469718185,-1.000794124879246,0.0025587220925722,2929.8147585907523,-3402.1429147605886,-269.8701667290018,-121401.0460591132
20.32803179207258,-1.0029933557742794,-1.0010183298472497,0.0019750259270296,2931.111992661903,-2104.908843609792,-208.30733348061375,-75110.9350417425
20.44084508356173,-1.0022582338262311,-1.001761053500906,0.000497180325325,2932.779597832774,-437.3036727388353,-52.43794848981449,-15604.612929590183
20.584747896064073,-1.0027475753045714,-1.0000811702788142,0.0026664050257572,,,-281.2275592402269,
20.69550270854961,-1.0034772443771862,-0.9994977779010432,0.0039794664761431,,,-419.71704724269944,
20.804995187558234,-1.0029182164320485,-0.9999148013250256,0.0030034151070229,,,-316.7722426915975,
20.90954458352644,-1.0022430513681746,-1.000675689766248,0.0015673616019267,2930.6959866101624,-2520.9148953504155,-165.31069867438137,-89955.5700596066
21.016126584087033,-1.001967103271489,-1.0016235002532077,0.0003436030182812,2932.8779640164635,-338.9374890493855,-36.240045021516835,-12094.543571559572
21.12167025054805,-1.0024101368823417,-0.9996591290822512,0.0027510078000906,,,-290.15067163346686,
21.225120167073328,-1.003444191315558,-1.00265122923849,0.0007929620770681,2932.7639567371175,-452.9447683953549,-83.63425186718575,-16162.745089757169
21.326497875037603,-1.0042711009456873,-1.0016542121213394,0.0026168888243478,2931.4587263306644,-1758.1751748484749,-276.0050516576653,-62738.1949346444
21.462212083570193,-1.001994038132472,-1.0016654734386798,0.0003285646937922,2932.899440447596,-317.4610579167165,-34.653942666378384,-11328.18505269471
21.565138875565022,-1.004230817938072,-1.0017925857630878,0.0024382321749842,2931.650637986381,-1566.2635191320078,-257.1620128255334,-55890.07704581814
21.666672875056975,-1.00180810710346,-0.9995672815658044,0.0022408255376555,,,-236.3413999563437,
