batch,time_s,timestamp_epoch_s,acq_seconds,peak_01,peak_01_ref,peak_01_freq_mhz,peak_01_raw,peak_01_ref_raw,peak_01_spike_sig,peak_01_spike_ref,peak_02,peak_02_ref,peak_02_freq_mhz,peak_02_raw,peak_02_ref_raw,peak_02_spike_sig,peak_02_spike_ref,z_minus,z_plus,lockin_signal,f0_mhz,delta_f_mhz,peak_shift_kHz,delta_f_linear_mhz,peak_shift_linear_kHz,B_shift_nT,B_shift_linear_nT
0,0.005783334083389491,1785869739.7517178,0.010617249994538724,-5682.635351652046,-5671.512519485283,2930.2169026906186,-5682.635351652046,-5671.512519485283,False,False,-5728.602040223737,-5725.890110645842,2936.2169004017996,-5728.602040223737,-5725.890110645842,False,False,-1.0019611756349913,-1.0004736258512634,0.0014875497837278928,2929.4429555591837,-3.7739459463291496,-3773.9459463291496,-0.15689289169691387,-156.89289169691386,-134668.35377994395,-5598.518830178199
1,0.11197064601583406,1785869739.8582542,0.011316791991703212,-5682.519077238133,-5666.861254088088,2930.2169026906186,-5682.519077238133,-5666.861254088088,False,False,-5736.528893235932,-5723.135975181098,2936.2169004017996,-5736.528893235932,-5723.135975181098,False,False,-1.0027630503815053,-1.00234013626671,0.00042291411479533636,2932.9283793257473,-0.2885221797655504,-288.5221797655504,-0.04460504054089392,-44.60504054089392,-10295.538815499229,-1591.672871142375
2,0.2105114795267582,1785869739.95622,0.010171208996325731,-5666.924300822202,-5652.010916343186,2930.2169026906186,-5666.924300822202,-5652.010916343186,False,False,-5706.256704465569,-5704.293168689061,2936.2169004017996,-5706.256704465569,-5704.293168689061,False,False,-1.0026385979609298,-1.0003442206980675,0.0022943772628623016,,,,-0.24198953699010337,-241.98953699010337,,-8635.08196510503
3,0.3357041875133291,1785869740.0816169,0.010564625030383468,-5663.546729528991,-5653.324759299447,2930.2169026906186,-5663.546729528991,-5653.324759299447,False,False,-5715.024562154233,-5710.7569413454785,2936.2169004017996,-5715.024562154233,-5710.7569413454785,False,False,-1.001808134268729,-1.0007472951226233,0.0010608391461057742,2931.5044462645837,-1.7124552409291027,-1712.4552409291027,-0.11188742930052092,-111.88742930052092,-61106.738543002524,-3992.557425796493
4,0.44553170853760093,1785869740.19162,0.010935832979157567,-5693.947946021946,-5670.026551945472,2930.2169026906186,-5693.947946021946,-5670.026551945472,False,False,-5733.717205122719,-5731.847544090228,2936.2169004017996,-5733.717205122719,-5731.847544090228,False,False,-1.0042189209975156,-1.000326188199897,0.003892732797618592,,,,-0.4105691869290015,-410.5691869290015,,-14650.627566692889
5,0.5451416045543738,1785869740.290907,0.010297790984623134,-5706.71768958034,-5690.625437845769,2930.2169026906186,-5706.71768958034,-5690.625437845769,False,False,-5747.8735642020965,-5734.09008772198,2936.2169004017996,-5747.8735642020965,-5734.09008772198,False,False,-1.0028278529153491,-1.002403777455403,0.00042407545994604945,2932.9349974842225,-0.2819040212903019,-281.9040212903019,-0.04472752840714659,-44.72752840714659,-10059.378435994215,-1596.0436913769122
6,0.6537542920559645,1785869740.3998358,0.01093033398501575,-5670.381650212429,-5664.566664119572,2930.2169026906186,-5670.381650212429,-5664.566664119572,False,False,-5723.598292936394,-5717.800307179754,2936.2169004017996,-5723.598292936394,-5717.800307179754,False,False,-1.0010265544458485,-1.0010140238282472,1.253061760131402e-05,2933.194366606677,-0.022534898836056527,-22.534898836056527,-0.0013216127970048488,-1.3216127970048488,-804.1285625198589,-47.160034149473624
7,0.7596601460245438,1785869740.5057201,0.010888707940466702,-5669.541325610539,-5651.7651129382275,2930.2169026906186,-5669.541325610539,-5651.7651129382275,False,False,-5720.0985405141055,-5708.898233334352,2936.2169004017996,-5720.0985405141055,-5708.898233334352,False,False,-1.0031452497258986,-1.00196190345702,0.0011833462688786156,2932.3859315576824,-0.8309699478304537,-830.9699478304537,-0.12480833921260513,-124.80833921260513,-29652.08206645924,-4453.623294768952
8,0.8773699590237811,1785869740.62319,0.010410750051960349,-5687.853764098175,-5671.556148179845,2930.2169026906186,-5687.853764098175,-5671.556148179845,False,False,-5736.479405202188,-5728.87678424061,2936.2169004017996,-5736.479405202188,-5728.87678424061,False,False,-1.0028735704086364,-1.0013270700781158,0.001546500330520617,2931.8018929133295,-1.4150085921833124,-1415.0085921833124,-0.16311044613078354,-163.11044613078354,-50492.74165655554,-5820.38417537766
9,0.9852737710461952,1785869740.7309928,0.01021479198243469,-5671.7595607788,-5652.9159702906745,2930.2169026906186,-5671.7595607788,-5652.9159702906745,False,False,-5710.830803557782,-5705.570007946939,2936.2169004017996,-5710.830803557782,-5705.570007946939,False,False,-1.0033334283734552,-1.0009220455806371,0.002411382792818051,2930.5206772258935,-2.6962242796194005,-2696.2242796194005,-0.254330190150142,-254.33019015014202,-96211.25747999574,-9075.442126396732
10,1.0921371045405976,1785869740.837831,0.010166790918447077,-5682.996831922243,-5662.016969771066,2930.2169026906186,-5682.996831922243,-5662.016969771066,False,False,-5725.035915579057,-5713.2804948497715,2936.2169004017996,-5725.035915579057,-5713.2804948497715,False,False,-1.0037053689989248,-1.002057560580105,0.0016478084188198405,2932.1764277934444,-1.040473712068433,-1040.473712068433,-0.17379547939784457,-173.79547939784456,-37127.95147261037,-6201.665693614208
11,1.2330455210176297,1785869740.9787688,0.010227708029560745,-5679.265982516735,-5667.444099397867,2930.2169026906186,-5679.265982516735,-5667.444099397867,False,False,-5729.754797200232,-5722.090096891524,2936.2169004017996,-5729.754797200232,-5722.090096891524,False,False,-1.0020859284911383,-1.0013394931185848,0.0007464353725534778,2932.4233743451705,-0.7935271603423644,-793.5271603423644,-0.0787270485639558,-78.7270485639558,-28315.984882328157,-2809.272358120033
12,1.3368433130672202,1785869741.08236,0.009813542012125254,-5683.38889873766,-5660.843526301311,2930.2169026906186,-5683.38889873766,-5660.843526301311,False,False,-5723.255466577009,-5720.473622275882,2936.2169004017996,-5723.255466577009,-5720.473622275882,False,False,-1.0039826877976046,-1.0004862961504262,0.0034963916471784096,,,,-0.3687668150882622,-368.7668150882622,,-13158.964283766136
13,1.444504771498032,1785869741.189999,0.009773375000804663,-5676.679249319925,-5668.185198826299,2930.2169026906186,-5676.679249319925,-5668.185198826299,False,False,-5727.554025430205,-5717.960914814928,2936.2169004017996,-5727.554025430205,-5717.960914814928,False,False,-1.0014985485116796,-1.001677715318134,-0.00017916680645435612,2933.417338771805,0.2004372662922833,200.4372662922833,0.0188968454488452,18.8968454488452,7152.343216253329,674.309358009035
14,1.5462955420371145,1785869741.291876,0.009952083928510547,-5683.246462083932,-5663.256547055048,2930.2169026906186,-5683.246462083932,-5663.256547055048,False,False,-5727.794417275423,-5721.7673885136155,2936.2169004017996,-5727.794417275423,-5721.7673885136155,False,False,-1.0035297562211407,-1.0010533508883823,0.0024764053327583913,2930.7779012954175,-2.4390002100954007,-2439.0002100954007,-0.2611881618485051,-261.18816184850505,-87032.5510310948,-9320.159928936093
15,1.652392125048209,1785869741.398863,0.011730499914847314,-5693.494724455176,-5684.192658251062,2930.2169026906186,-5693.494724455176,-5684.192658251062,False,False,-5739.336529938564,-5731.976018583611,2936.2169004017996,-5739.336529938564,-5731.976018583611,False,False,-1.0016364797541848,-1.0012841141224404,0.00035236563174434465,2932.782735830584,-0.43416567492886315,-434.16567492886315,-0.03716424384839217,-37.16424384839217,-15492.637558123863,-1326.1577165426836
16,1.7537856880226173,1785869741.499326,0.009877791977487504,-5689.87724424611,-5682.975936057707,2930.2169026906186,-5689.87724424611,-5682.975936057707,False,False,-5746.041206406457,-5734.166754286763,2936.2169004017996,-5746.041206406457,-5734.166754286763,False,False,-1.0012143827927575,-1.0020708243461558,-0.0008564415533982572,2934.1824113880134,0.9655098825005552,965.5098825005552,0.09032947559246808,90.32947559246809,34452.964690998975,3223.289879834002
17,1.8553651255206205,1785869741.600947,0.009959417046047747,-5673.388585444875,-5656.263598435065,2930.2169026906186,-5673.388585444875,-5656.263598435065,False,False,-5715.94514625424,-5712.233459669286,2936.2169004017996,-5715.94514625424,-5712.233459669286,False,False,-1.0030276147339647,-1.0006497785167852,0.002377836217179574,,,,-0.2507920099050031,-250.7920099050031,,-8949.186765094315
18,1.9559867920470424,1785869741.70161,0.010048416093923151,-5683.638006235291,-5661.273687990952,2930.2169026906186,-5683.638006235291,-5661.273687990952,False,False,-5719.490778494361,-5718.793856404926,2936.2169004017996,-5719.490778494361,-5718.793856404926,False,False,-1.0039504040039222,-1.0001218652231456,0.0038285387807766025,,,,-0.40379860012770863,-403.79860012770865,,-14409.02798057767
19,2.0575184795306996,1785869741.803083,0.009935291018337011,-5709.728314026347,-5684.9636916587715,2930.2169026906186,-5709.728314026347,-5684.9636916587715,False,False,-5747.139577283981,-5741.456128312499,2936.2169004017996,-5747.139577283981,-5741.456128312499,False,False,-1.0043561619230588,-1.000989896786541,0.003366265136517832,2929.673703321429,-3.543198184083849,-3543.198184083849,-0.35504228313156255,-355.04228313156256,-126434.41992876993,-12669.222207092582
20,2.155996458546724,1785869741.9020941,0.010999916936270893,-5712.801956169575,-5700.636650670905,2930.2169026906186,-5712.801956169575,-5700.636650670905,False,False,-5760.843821255005,-5760.249209890882,2936.2169004017996,-5760.843821255005,-5760.249209890882,False,False,-1.00213402576662,-1.0001032266734402,0.0020307990931798248,,,,-0.21418976740793558,-214.1897674079356,,-7643.083335995417
21,2.2529532920452766,1785869741.998445,0.009792833938263357,-5687.254182840725,-5668.50521135801,2930.2169026906186,-5687.254182840725,-5668.50521135801,False,False,-5728.242396919033,-5728.5035791790215,2936.2169004017996,-5728.242396919033,-5728.5035791790215,False,False,-1.003307568888734,-0.9999544065467747,0.0033531623419593704,,,,-0.35366032244018014,-353.66032244018015,,-12619.908736803458
22,2.3815483130747452,1785869742.127053,0.009820207953453064,-5664.756496622551,-5647.773359415593,2930.2169026906186,-5664.756496622551,-5647.773359415593,False,False,-5706.518355900602,-5704.46236971605,2936.2169004017996,-5706.518355900602,-5704.46236971605,False,False,-1.0030070500578152,-1.0003604171701557,0.002646632887659539,,,,-0.27914217833055494,-279.14217833055494,,-9960.825661238758
23,2.478713708522264,1785869742.224194,0.009776916936971247,-5615.52778983403,-5602.043202310725,2930.2169026906186,-5615.52778983403,-5602.043202310725,False,False,-5661.284697557845,-5658.700461533758,2936.2169004017996,-5661.284697557845,-5658.700461533758,False,False,-1.0024070838150165,-1.000456683657609,0.0019504001574075502,,,,-0.20571003673899116,-205.71003673899116,,-7340.495173386781
24,2.577746458526235,1785869742.324165,0.011652666958980262,-5578.992384692973,-5561.688761194486,2930.2169026906186,-5578.992384692973,-5561.688761194486,False,False,-5616.300499740195,-5614.026010942323,2936.2169004017996,-5616.300499740195,-5614.026010942323,False,False,-1.0031112175171002,-1.000405143972158,0.0027060735449422335,,,,-0.2854114250525507,-285.41142505255067,,-10184.53557852379
25,2.6783333965577185,1785869742.423923,0.0099996249191463,-5592.358500168109,-5571.472732830027,2930.2169026906186,-5592.358500168109,-5571.472732830027,False,False,-5629.318721154141,-5626.739610905645,2936.2169004017996,-5629.318721154141,-5626.739610905645,False,False,-1.0037486977572396,-1.0004583667322184,0.003290331025021187,,,,-0.3470334605284754,-347.0334605284754,,-12383.437786485703
26,2.7807705210288987,1785869742.52646,0.01020095800049603,-5619.692746889997,-5598.46220007947,2930.2169026906186,-5619.692746889997,-5598.46220007947,False,False,-5654.8893495736165,-5656.357648928692,2936.2169004017996,-5654.8893495736165,-5656.357648928692,False,False,-1.003792210441329,-0.9997404161041067,0.004051794337222359,,,,-0.427345516151169,-427.345516151169,,-15249.269060489902
27,2.878429146541748,1785869742.6241212,0.010211124899797142,-5646.501775835193,-5632.722595286855,2930.2169026906186,-5646.501775835193,-5632.722595286855,False,False,-5689.9711999877745,-5686.598752941896,2936.2169004017996,-5689.9711999877745,-5686.598752941896,False,False,-1.0024462735942061,-1.00059305169793,0.0018532218962761249,2929.7494659758913,-3.4674355296215253,-3467.4355296215253,-0.19546057916401902,-195.460579164019,-123730.92811952345,-6974.756607337247
28,2.9752531880512834,1785869742.720712,0.009744707960635424,-5666.515491946083,-5647.267084390378,2930.2169026906186,-5666.515491946083,-5647.267084390378,False,False,-5705.873289115751,-5698.389079072042,2936.2169004017996,-5705.873289115751,-5698.389079072042,False,False,-1.0034084464694275,-1.0013133904933231,0.0020950559761043763,2931.4278431632874,-1.7890583422254167,-1789.0583422254167,-0.22096698473789425,-220.96698473789425,-63840.22060467516,-7884.919523904305
29,3.073098167020362,1785869742.818702,0.0100372500019148,-5660.2515282574805,-5649.654722315616,2930.2169026906186,-5660.2515282574805,-5649.654722315616,False,False,-5713.557610722254,-5708.863010055934,2936.2169004017996,-5713.557610722254,-5708.863010055934,False,False,-1.0018756554980268,-1.0008223354909815,0.0010533200070452775,2931.6451113518124,-1.5717901537004764,-1571.7901537004764,-0.11109438056818509,-111.09438056818509,-56087.28781403355,-3964.258512995471
30,3.169603979506064,1785869742.915086,0.009797959006391466,-5580.850252162485,-5567.371420056851,2930.2169026906186,-5580.850252162485,-5567.371420056851,False,False,-5627.1359171073145,-5617.9342742305225,2936.2169004017996,-5627.1359171073145,-5617.9342742305225,False,False,-1.002421040575284,-1.001637905042606,0.0007831355326779477,2932.5254707665026,-0.6914307390102294,-691.4307390102294,-0.08259783951875298,-82.59783951875298,-24672.806844498624,-2947.396500098236
31,3.2664466670248657,1785869743.0119328,0.009808165952563286,-5578.580828009904,-5564.441152917444,2930.2169026906186,-5578.580828009904,-5564.441152917444,False,False,-5628.761478741938,-5626.140497294984,2936.2169004017996,-5628.761478741938,-5626.140497294984,False,False,-1.0025410772984895,-1.0004658578022028,0.002075219496286751,,,,-0.21887481766307307,-218.87481766307306,,-7810.263262313483
32,3.3646666045533493,1785869743.110334,0.010168374981731176,-5582.521125103157,-5564.235866674818,2930.2169026906186,-5582.521125103157,-5564.235866674818,False,False,-5624.143339853899,-5623.319855121192,2936.2169004017996,-5624.143339853899,-5623.319855121192,False,False,-1.003286211955509,-1.0001464410266396,0.003139770928869412,,,,-0.33115378435373555,-331.15378435373555,,-11816.792190755621
33,3.4958498125197366,1785869743.242133,0.011405125027522445,-5594.089189106581,-5572.497802365742,2930.2169026906186,-5594.089189106581,-5572.497802365742,False,False,-5641.491107069718,-5636.0636503958185,2936.2169004017996,-5641.491107069718,-5636.0636503958185,False,False,-1.0038746335138387,-1.0009629871148666,0.002911646398972012,2930.13802148235,-3.0788800231630375,-3078.8800231630375,-0.3070933343747869,-307.09333437478693,-109865.83011572357,-10958.226319397192
34,3.595597375591751,1785869743.341268,0.010181916994042695,-5580.889351101874,-5566.086314454259,2930.2169026906186,-5580.889351101874,-5566.086314454259,False,False,-5630.1940856435485,-5626.018554574075,2936.2169004017996,-5630.1940856435485,-5626.018554574075,False,False,-1.0026595054067295,-1.0007421822429077,0.0019173231638218713,2930.486247161099,-2.7306543444137787,-2730.6543444137787,-0.2022213836336887,-202.2213836336887,-97439.84957228728,-7216.007123668594
35,3.6947456460329704,1785869743.440255,0.009863708051852882,-5590.883672097075,-5572.128761805789,2930.2169026906186,-5590.883672097075,-5572.128761805789,False,False,-5629.157619891799,-5626.830146407066,2936.2169004017996,-5629.157619891799,-5626.830146407066,False,False,-1.0033658429467462,-1.0004136384828,0.002952204463946284,,,,-0.31137102118906906,-311.37102118906904,,-11110.870011028726
36,3.7922337920754217,1785869743.5375948,0.0095695840427652,-5591.727895283798,-5577.234538619067,2930.2169026906186,-5591.727895283798,-5577.234538619067,False,False,-5637.531598251674,-5634.23883149433,2936.2169004017996,-5637.531598251674,-5634.23883149433,False,False,-1.0025986636503041,-1.0005844208695838,0.0020142427807203767,,,,-0.2124435618247589,-212.44356182475892,,-7580.772260375353
37,3.8907518125488423,1785869743.636213,0.0097731250571087,-5578.5689931839715,-5561.068427728703,2930.2169026906186,-5578.5689931839715,-5561.068427728703,False,False,-5615.153273527523,-5611.755076871351,2936.2169004017996,-5615.153273527523,-5611.755076871351,False,False,-1.0031469789812344,-1.0006055497094266,0.0025414292718077824,,,,-0.26804628111185536,-268.04628111185536,,-9564.882997140143
38,3.9907018750091083,1785869743.736376,0.010200749966315925,-5643.865794541064,-5625.452714185286,2930.2169026906186,-5643.865794541064,-5625.452714185286,False,False,-5683.920234129046,-5675.147220099642,2936.2169004017996,-5683.920234129046,-5675.147220099642,False,False,-1.0032731730744704,-1.0015458654532048,0.0017273076212656058,2931.8566075628273,-1.36029394268553,-1360.29394268553,-0.18218031457831782,-182.18031457831782,-48540.320535452825,-6500.867634110684
39,4.091705083556008,1785869743.837282,0.010010582976974547,-5641.014302961763,-5617.737431610478,2930.2169026906186,-5641.014302961763,-5617.737431610478,False,False,-5685.019485282881,-5679.088220191338,2936.2169004017996,-5685.019485282881,-5679.088220191338,False,False,-1.0041434601803048,-1.001044404464515,0.0030990557157897225,2930.221229929004,-2.995671576508812,-2995.671576508812,-0.3268595230214417,-326.8595230214417,-106896.64489397702,-11663.557059000917
40,4.191907771048136,1785869743.937397,0.009836457902565598,-5648.803835926277,-5634.3783109698325,2930.2169026906186,-5648.803835926277,-5634.3783109698325,False,False,-5691.300910841458,-5691.196889996026,2936.2169004017996,-5691.300910841458,-5691.196889996026,False,False,-1.0025602691477709,-1.000018277498994,0.0025419916487767757,,,,-0.2681055953948825,-268.10559539488247,,-9566.999550202772
41,4.285659479559399,1785869744.031093,0.00972829107195139,-5674.5360882721525,-5655.011790506465,2930.2169026906186,-5674.5360882721525,-5655.011790506465,False,False,-5720.114463428799,-5714.509493535471,2936.2169004017996,-5720.114463428799,-5714.509493535471,False,False,-1.0034525653506974,-1.0009808313206354,0.002471734030061956,2930.619522214342,-2.5973792911709097,-2597.3792911709097,-0.2606954763625792,-260.6954763625792,-92684.10259673528,-9302.579088016671
42,4.380396063090302,1785869744.126487,0.011041457997635007,-5652.463769599903,-5636.805133416879,2930.2169026906186,-5652.463769599903,-5636.805133416879,False,False,-5695.135044472294,-5691.979915640187,2936.2169004017996,-5695.135044472294,-5691.979915640187,False,False,-1.0027779275338427,-1.0005543113079927,0.002223616225849989,,,,-0.23452632208612526,-234.52632208612525,,-8368.766845779519
43,4.4764723750413395,1785869744.221942,0.009804499917663634,-5687.544372955956,-5663.934995568054,2930.2169026906186,-5687.544372955956,-5663.934995568054,False,False,-5726.887590549256,-5717.2437173334965,2936.2169004017996,-5726.887590549256,-5717.2437173334965,False,False,-1.0041683701183675,-1.0016868046374376,0.002481565480929815,2931.5524068333143,-1.6644946721985434,-1664.4946721985434,-0.2617324062005629,-261.7324062005629,-59395.32801165227,-9339.580580950716
44,4.602401437994558,1785869744.348518,0.011101957992650568,-5693.02156065654,-5684.928601338754,2930.2169026906186,-5693.02156065654,-5684.928601338754,False,False,-5738.48521563713,-5738.158116575481,2936.2169004017996,-5738.48521563713,-5738.158116575481,False,False,-1.0014235815232368,-1.0000570041910668,0.0013665773321700492,,,,-0.1441338446060668,-144.1338446060668,,-5143.228825509092
45,4.697868396004196,1785869744.444192,0.011518292012624443,-5664.758060029954,-5645.84933215148,2930.2169026906186,-5664.758060029954,-5645.84933215148,False,False,-5712.750242992939,-5706.172249900664,2936.2169004017996,-5712.750242992939,-5706.172249900664,False,False,-1.0033491378827264,-1.0011527855809803,0.002196352301746085,2931.157875356908,-2.0590261486049712,-2059.0261486049712,-0.2316507773894332,-231.65077738943322,-73473.6707324069,-8266.156772389138
46,4.795876604563091,1785869744.541829,0.010777708957903087,-5685.747062689122,-5677.494759605098,2930.2169026906186,-5685.747062689122,-5677.494759605098,False,False,-5743.331556988722,-5725.176463306538,2936.2169004017996,-5743.331556988722,-5725.176463306538,False,False,-1.0014535113520031,-1.0031710976593546,-0.0017175863073515263,2934.639982637743,1.4230811322299814,1423.0811322299814,0.18115500095988624,181.15500095988622,50780.79975128395,6464.280650866623
47,4.896493083506357,1785869744.6429849,0.011861333041451871,-5695.198572607513,-5675.512090044931,2930.2169026906186,-5695.198572607513,-5675.512090044931,False,False,-5739.606956628052,-5740.695271571354,2936.2169004017996,-5739.606956628052,-5740.695271571354,False,False,-1.0034686707120424,-0.9998104210567156,0.003658249655326795,,,,-0.38583808975783856,-385.8380897578386,,-13768.130522332234
48,4.994981584022753,1785869744.74036,0.00963425007648766,-5684.968195433566,-5673.244229299753,2930.2169026906186,-5684.968195433566,-5673.244229299753,False,False,-5730.699312284133,-5736.514095118745,2936.2169004017996,-5730.699312284133,-5736.514095118745,False,False,-1.0020665364754198,-0.9989863560451181,0.003080180430301671,,,,-0.3248687337690633,-324.8687337690633,,-11592.518333180962
49,5.1007539795245975,1785869744.8461561,0.009681541007012129,-5666.413711526118,-5645.189477947244,2930.2169026906186,-5666.413711526118,-5645.189477947244,False,False,-5709.988556407984,-5710.926551945471,2936.2169004017996,-5709.988556407984,-5710.926551945471,False,False,-1.0037597026037455,-0.999835754228503,0.003923948375242459,,,,-0.41386151522145137,-413.8615152214514,,-14768.110020748336
50,5.205368791997898,1785869744.950849,0.009839750011451542,-5689.649708102821,-5675.322957483877,2930.2169026906186,-5689.649708102821,-5675.322957483877,False,False,-5732.671433811168,-5726.069052786014,2936.2169004017996,-5732.671433811168,-5726.069052786014,False,False,-1.0025243938937523,-1.001153039015822,0.0013713548779301643,2931.768048461192,-1.4488530443209129,-1448.8530443209129,-0.1446377356204837,-144.6377356204837,-51700.43692267031,-5161.20952114201
51,5.304417000093963,1785869745.0507772,0.011605000006966293,-5699.32563651924,-5687.725902436043,2930.2169026906186,-5699.32563651924,-5687.725902436043,False,False,-5744.857285203411,-5736.854019317175,2936.2169004017996,-5744.857285203411,-5736.854019317175,False,False,-1.0020394326805075,-1.001395061798555,0.0006443708819525718,2932.539423225245,-0.6774782802676782,-677.4782802676782,-0.0679622370295082,-67.9622370295082,-24174.93149684835,-2425.144056148594
52,5.403539313003421,1785869745.1490078,0.009825041983276606,-5705.232319589204,-5694.72711740074,2930.2169026906186,-5705.232319589204,-5694.72711740074,False,False,-5756.518667665127,-5759.589823333436,2936.2169004017996,-5756.518667665127,-5759.589823333436,False,False,-1.0018447244217137,-0.9994667752804434,0.002377949141270319,,,,-0.2508039200859819,-250.8039200859819,,-8949.61176441557
53,5.503009834035765,1785869745.248615,0.010101500083692372,-5685.982221780725,-5667.547108536846,2930.2169026906186,-5685.982221780725,-5667.547108536846,False,False,-5731.214030931931,-5732.802070788886,2936.2169004017996,-5731.214030931931,-5732.802070788886,False,False,-1.0032527498917672,-0.9997229906357579,0.0035297592560092905,,,,-0.37228611958196844,-372.2861195819684,,-13284.546088423082
54,5.633095313038211,1785869745.378839,0.010381792089901865,-5706.932657334108,-5692.197513525078,2930.2169026906186,-5706.932657334108,-5692.197513525078,False,False,-5753.357146131981,-5747.689199804382,2936.2169004017996,-5753.357146131981,-5747.689199804382,False,False,-1.0025886564501703,-1.0009861260987791,0.0016025303513911293,2931.3690906426623,-1.8478108628505652,-1847.8108628505652,-0.1690199707008976,-169.0199707008976,-65936.7279064575,-6031.257875424551
55,5.739787750528194,1785869745.485467,0.010250916937366128,-5703.5553534859555,-5681.459846562949,2930.2169026906186,-5703.5553534859555,-5681.459846562949,False,False,-5744.873189779015,-5749.757167527586,2936.2169004017996,-5744.873189779015,-5749.757167527586,False,False,-1.0038890544894679,-0.9991505766928465,0.004738477796621399,,,,-0.49977048962365267,-499.7704896236527,,-17833.660063647327
56,5.841677313030232,1785869745.5873852,0.010314707993529737,-5673.610934682277,-5662.80584864138,2930.2169026906186,-5673.610934682277,-5662.80584864138,False,False,-5721.72459883241,-5721.664616254548,2936.2169004017996,-5721.72459883241,-5721.664616254548,False,False,-1.0019080799041502,-1.0000104834138115,0.0018975964903387155,,,,-0.20014079790796252,-200.1407979079625,,-7141.764127460838
57,5.9439314375049435,1785869745.689495,0.010027625015936792,-5680.418875508146,-5666.251435033774,2930.2169026906186,-5680.418875508146,-5666.251435033774,False,False,-5722.037425497448,-5713.218661552099,2936.2169004017996,-5722.037425497448,-5713.218661552099,False,False,-1.0025003197681586,-1.0015435719281491,0.0009567478400094309,2932.3581925076214,-0.8587089978914264,-858.7089978914264,-0.1009088481514402,-100.9088481514402,-30641.913998409447,-3600.8010330944976
58,6.042176333547104,1785869745.787916,0.010385166970081627,-5717.256175688481,-5688.487087752545,2930.2169026906186,-5717.256175688481,-5688.487087752545,False,False,-5753.05628419476,-5748.310581654798,2936.2169004017996,-5753.05628419476,-5748.310581654798,False,False,-1.005057423440035,-1.0008255821380125,0.0042318413020223655,,,,-0.44633519250197806,-446.33519250197804,,-15926.890968526193
59,6.142781875561923,1785869745.8882182,0.009777833009138703,-5719.840955772229,-5704.821057859828,2930.2169026906186,-5719.840955772229,-5704.821057859828,False,False,-5768.7048384631835,-5762.697365284103,2936.2169004017996,-5768.7048384631835,-5762.697365284103,False,False,-1.0026328429516131,-1.0010424759098526,0.001590367041760521,2931.461000667948,-1.7559008375646954,-1755.9008375646954,-0.1677370981265307,-167.7370981265307,-62657.038166025384,-5985.480235745457
60,6.242304562532809,1785869745.988545,0.011390874977223575,-5698.947285814713,-5679.894771831157,2930.2169026906186,-5698.947285814713,-5679.894771831157,False,False,-5736.326370082831,-5735.309531741907,2936.2169004017996,-5736.326370082831,-5735.309531741907,False,False,-1.0033543779856704,-1.0001772944137184,0.0031770835719520107,,,,-0.3350891743044567,-335.0891743044567,,-11957.221463904392
61,6.342867292056326,1785869746.088334,0.009844584041275084,-5695.742051532843,-5682.574898370877,2930.2169026906186,-5695.742051532843,-5682.574898370877,False,False,-5740.39663324877,-5738.87711740074,2936.2169004017996,-5740.39663324877,-5738.87711740074,False,False,-1.0023171103588517,-1.0002647758118783,0.0020523345469734,,,,-0.21646112642841145,-216.46112642841146,,-7724.133829161127
62,6.440329104545526,1785869746.186193,0.01064262492582202,-5701.185126998197,-5687.275384356757,2930.2169026906186,-5701.185126998197,-5687.275384356757,False,False,-5746.862857230186,-5736.479282941591,2936.2169004017996,-5746.862857230186,-5736.479282941591,False,False,-1.0024457656261379,-1.0018100953174314,0.0006356703087064819,2932.687944443606,-0.5289570619070219,-528.9570619070219,-0.06704458162668994,-67.04458162668995,-18875.14494387032,-2392.398716339207
63,6.537520125566516,1785869746.283225,0.010327333002351224,-5702.764691139164,-5692.335915579058,2930.2169026906186,-5702.764691139164,-5692.335915579058,False,False,-5744.18633279335,-5745.624044074945,2936.2169004017996,-5744.18633279335,-5745.624044074945,False,False,-1.0018320731093124,-0.9997497728235321,0.0020823002857803807,,,,-0.2196216333671956,-219.62163336719559,,-7836.912409620168
64,6.664164667017758,1785869746.409617,0.009825750021263957,-5700.707839960877,-5687.607464009537,2930.2169026906186,-5700.707839960877,-5687.607464009537,False,False,-5744.877387902314,-5740.129958431396,2936.2169004017996,-5744.877387902314,-5740.129958431396,False,False,-1.002303319283941,-1.000827059579713,0.0014762597042279335,2931.2055547690693,-2.0113467364435564,-2011.3467364435564,-0.1557021193008489,-155.7021193008489,-71772.29290763475,-5556.027665602658
65,6.762694500561338,1785869746.5080929,0.009720082976855338,-5705.19136228872,-5689.7408457376905,2930.2169026906186,-5705.19136228872,-5689.7408457376905,False,False,-5746.280424549928,-5743.703554726901,2936.2169004017996,-5746.280424549928,-5743.703554726901,False,False,-1.002715504443863,-1.000448642552401,0.0022668618914618577,,,,-0.23908747197530497,-239.08747197530496,,-8531.525548647765
66,6.861283146077767,1785869746.6066391,0.009638458024710417,-5717.045367851575,-5701.075616651893,2930.2169026906186,-5717.045367851575,-5701.075616651893,False,False,-5765.2883867714045,-5760.412154231744,2936.2169004017996,-5765.2883867714045,-5760.412154231744,False,False,-1.0028011821406186,-1.0008465075777742,0.001954674562844483,2930.7675176774655,-2.449383828047303,-2449.383828047303,-0.20616086119987362,-206.1608611998736,-87403.07693574445,-7356.582258060006
67,6.9602399585419334,1785869746.705665,0.009778832900337875,-5706.746734113764,-5698.030559036587,2930.2169026906186,-5706.746734113764,-5698.030559036587,False,False,-5761.125903964299,-5749.148436592596,2936.2169004017996,-5761.125903964299,-5749.148436592596,False,False,-1.0015296820518722,-1.0020833463431675,-0.0005536642912953305,2933.7644519003793,0.5475503948664482,547.5503948664482,0.05839535095945766,58.39535095945766,19538.623853355988,2083.762166694892
68,7.058562021527905,1785869746.8039281,0.009664374985732138,-5697.561455818077,-5674.299054008619,2930.2169026906186,-5697.561455818077,-5674.299054008619,False,False,-5736.473116422654,-5732.5490494238475,2936.2169004017996,-5736.473116422654,-5732.5490494238475,False,False,-1.0040996080023352,-1.000684523929054,0.0034150840732811716,,,,-0.3601912497356716,-360.19124973567165,,-12852.956385086769
69,7.156943354522809,1785869746.903119,0.011283959029242396,-5704.730393984779,-5688.77974447535,2930.2169026906186,-5704.730393984779,-5688.77974447535,False,False,-5753.692193660789,-5752.585435706208,2936.2169004017996,-5753.692193660789,-5752.585435706208,False,False,-1.0028038789030143,-1.000192393136434,0.0026114857665802127,,,,-0.27543518746458573,-275.43518746458574,,-9828.546512438828
70,7.257899229589384,1785869747.003384,0.009904625010676682,-5694.091392853868,-5673.143702050921,2930.2169026906186,-5694.091392853868,-5673.143702050921,False,False,-5742.672228505059,-5738.274939633829,2936.2169004017996,-5742.672228505059,-5738.274939633829,False,False,-1.0036924308466528,-1.000766308501682,0.002926122344970805,,,,-0.3086201222864533,-308.6201222864533,,-11012.707760721285
71,7.356501166999806,1785869747.10207,0.010075166006572545,-5703.497747348473,-5681.628144389767,2930.2169026906186,-5703.497747348473,-5681.628144389767,False,False,-5746.835263013111,-5732.654130879971,2936.2169004017996,-5746.835263013111,-5732.654130879971,False,False,-1.0038491788626296,-1.0024737463327416,0.001375432529888032,2932.4458132155823,-0.7710882899305034,-771.0882899305034,-0.1450678083575452,-145.0678083575452,-27515.282969258613,-5176.556107534442
72,7.454927396029234,1785869747.200288,0.009661792078986764,-5714.708249533882,-5694.437674603417,2930.2169026906186,-5714.708249533882,-5694.437674603417,False,False,-5759.28386924229,-5755.238035272183,2936.2169004017996,-5759.28386924229,-5755.238035272183,False,False,-1.003559714951464,-1.000702982907972,0.002856732043491794,,,,-0.30130147979539457,-301.3014797953946,,-10751.551519961267
73,7.553387813037261,1785869747.2989209,0.010008708108216524,-5719.094638872757,-5701.827554482379,2930.2169026906186,-5719.094638872757,-5701.827554482379,False,False,-5763.858269401229,-5762.127218265733,2936.2169004017996,-5763.858269401229,-5762.127218265733,False,False,-1.0030283420930195,-1.0003004187637525,0.002727923329266968,,,,-0.2877159367288379,-287.7159367288379,,-10266.769081103264
74,7.680749000515789,1785869747.4261901,0.009825333021581173,-5707.085681755662,-5689.546853317848,2930.2169026906186,-5707.085681755662,-5689.546853317848,False,False,-5745.550783996088,-5744.498448818657,2936.2169004017996,-5745.550783996088,-5744.498448818657,False,False,-1.003082640654868,-1.0001831900881872,0.002899450566680839,,,,-0.30580703161319706,-305.80703161319707,,-10912.326277947368
75,7.782027188048232,1785869747.527474,0.009841791936196387,-5709.057126264633,-5688.301702478833,2930.2169026906186,-5709.057126264633,-5688.301702478833,False,False,-5746.505066173549,-5747.488050554757,2936.2169004017996,-5746.505066173549,-5747.488050554757,False,False,-1.0036487909522722,-0.9998289714789205,0.0038198194733517488,,,,-0.4028789688182606,-402.87896881826055,,-14376.212133109497
76,7.8824362710583955,1785869747.627887,0.009836042067036033,-5709.210120121038,-5695.111130299233,2930.2169026906186,-5709.210120121038,-5695.111130299233,False,False,-5755.514333526913,-5746.953305620931,2936.2169004017996,-5755.514333526913,-5746.953305620931,False,False,-1.0024756303255955,-1.0014896637314956,0.0009859665940998852,2932.3098842414447,-0.9070172640681449,-907.0172640681449,-0.10399057010197643,-103.99057010197643,-32365.73166101002,-3710.7682736931356
77,7.982264458551072,1785869747.728056,0.010535167064517736,-5711.072236146346,-5689.738253813002,2930.2169026906186,-5711.072236146346,-5689.738253813002,False,False,-5757.588432619128,-5744.98744230828,2936.2169004017996,-5757.588432619128,-5744.98744230828,False,False,-1.0037495542644772,-1.0021933886605303,0.0015561656039468907,2932.2736755718665,-0.9432259336463176,-943.2259336463176,-0.16412984912050282,-164.12984912050283,-33657.79095226654,-5856.760245521797
78,8.082966042042244,1785869747.828646,0.010315666091628373,-5711.628572301861,-5701.935866674818,2930.2169026906186,-5711.628572301861,-5701.935866674818,False,False,-5760.791880368004,-5759.386916587707,2936.2169004017996,-5760.791880368004,-5759.386916587707,False,False,-1.001699897342531,-1.0002439432878265,0.0014559540547045557,,,,-0.15356046857671576,-153.56046857671578,,-5479.605644330422
79,8.183893292036373,1785869747.9295418,0.010254666092805564,-5681.968951921021,-5655.6368157227125,2930.2169026906186,-5681.968951921021,-5655.6368157227125,False,False,-5721.26502124278,-5719.463425741969,2936.2169004017996,-5721.26502124278,-5719.463425741969,False,False,-1.0046559100338806,-1.0003149937969185,0.004340916236962089,,,,-0.45783940038902393,-457.8394003890239,,-16337.40366789266
80,8.283747938054148,1785869748.029438,0.010340208071283996,-5738.5971987040375,-5724.671164837852,2930.2169026906186,-5738.5971987040375,-5724.671164837852,False,False,-5785.273657425803,-5775.826793410154,2936.2169004017996,-5785.273657425803,-5775.826793410154,False,False,-1.0024326347252437,-1.001635586445637,0.0007970482796066936,2932.514335929753,-0.7025655757597633,-702.5655757597633,-0.08406522643983251,-84.06522643983251,-25070.13901512144,-2999.7582943131783
81,8.379633146047127,1785869748.125809,0.011307542095892131,-5733.355532292081,-5710.321352813523,2930.2169026906186,-5733.355532292081,-5710.321352813523,False,False,-5779.249202249595,-5766.418415502643,2936.2169004017996,-5779.249202249595,-5766.418415502643,False,False,-1.0040337798970296,-1.0022250877099825,0.0018086921870470452,2932.1670589908276,-1.0498425146852242,-1049.8425146852242,-0.19076400031752114,-190.76400031752112,-37462.2650116052,-6807.165298227274
82,8.475706146040466,1785869748.221167,0.009887541993521154,-5716.863567869916,-5702.600009169544,2930.2169026906186,-5716.863567869916,-5702.600009169544,False,False,-5767.621354341779,-5759.644308769142,2936.2169004017996,-5767.621354341779,-5759.644308769142,False,False,-1.0025012377998521,-1.0013849892710374,0.0011162485288147561,2932.152548003476,-1.064353502036738,-1064.353502036738,-0.11773149473983813,-117.73149473983813,-37980.07072640373,-4201.095301878323
83,8.571194146526977,1785869748.31694,0.010461125057190657,-5698.682527432222,-5684.267425191797,2930.2169026906186,-5698.682527432222,-5684.267425191797,False,False,-5745.792378579944,-5739.770501574106,2936.2169004017996,-5745.792378579944,-5739.770501574106,False,False,-1.0025359648239875,-1.0010491494397182,0.0014868153842693133,2931.5552875371604,-1.6616139683524125,-1661.6139683524125,-0.15681543408441745,-156.81543408441746,-59292.53384072268,-5595.754855995484
84,8.701218563015573,1785869748.4467661,0.010066207963973284,-5714.0242182962975,-5688.594397408076,2930.2169026906186,-5714.0242182962975,-5688.594397408076,False,False,-5747.201355564385,-5743.562476694074,2936.2169004017996,-5747.201355564385,-5743.562476694074,False,False,-1.0044703171138039,-1.000633557811041,0.0038367593027628377,,,,-0.4046656241962716,-404.6656241962716,,-14439.966607060791
85,8.796209458552767,1785869748.5418408,0.010237417067401111,-5721.58008986154,-5700.4346669926945,2930.2169026906186,-5721.58008986154,-5700.4346669926945,False,False,-5757.834835101018,-5763.825586086744,2936.2169004017996,-5757.834835101018,-5763.825586086744,False,False,-1.0037094404381623,-0.9989606293777892,0.00474881106037317,,,,-0.5008603460092443,-500.8603460092443,,-17872.55017161163
86,8.893056396045722,1785869748.638368,0.009599291952326894,-5707.197079499954,-5691.756213894916,2930.2169026906186,-5707.197079499954,-5691.756213894916,False,False,-5758.67447198704,-5751.81293975609,2936.2169004017996,-5758.67447198704,-5751.81293975609,False,False,-1.0027128473224738,-1.0011929338284846,0.0015199134939891668,2931.694722773513,-1.522178731999702,-1522.178731999702,-0.16030631432281378,-160.3063143228138,-54316.96874106844,-5720.322378062153
87,8.988418084045406,1785869748.7338939,0.009930750005878508,-5712.912597426415,-5696.275234587522,2930.2169026906186,-5712.912597426415,-5696.275234587522,False,False,-5760.855649967906,-5755.6422333954815,2936.2169004017996,-5760.855649967906,-5755.6422333954815,False,False,-1.002920744197519,-1.0009057923270797,0.0020149518704393188,2930.854342077769,-2.3625594277436903,-2362.5594277436903,-0.21251835000172903,-212.51835000172903,-84304.86110989474,-7583.440979222417
88,9.082954313023947,1785869748.828309,0.009690457955002785,-5700.874823486261,-5683.730991533454,2930.2169026906186,-5700.874823486261,-5683.730991533454,False,False,-5748.895645994437,-5740.771048690282,2936.2169004017996,-5748.895645994437,-5740.771048690282,False,False,-1.0030162989730418,-1.001415244961913,0.0016010540111288663,2931.8378672794397,-1.379034226073145,-1379.034226073145,-0.16886426008508587,-168.86426008508587,-49209.0431798867,-6025.701544572004
89,9.179535854549613,1785869748.92559,0.011090875021182,-5718.759690680687,-5697.941284347586,2930.2169026906186,-5718.759690680687,-5697.941284347586,False,False,-5759.423044594552,-5755.793643977137,2936.2169004017996,-5759.423044594552,-5755.793643977137,False,False,-1.0036536716147444,-1.0006305647564715,0.003023106858272895,,,,-0.31884914514553425,-318.84914514553424,,-11377.717140505789
90,9.275698750512674,1785869749.021067,0.009724332951009274,-5726.204300516551,-5719.05589601736,2930.2169026906186,-5726.204300516551,-5719.05589601736,False,False,-5778.306490509522,-5773.504545037748,2936.2169004017996,-5778.306490509522,-5773.504545037748,False,False,-1.001249927370734,-1.0008317210862683,0.0004182062844657608,2932.460068049588,-0.7568334559250616,-756.8334559250616,-0.04410850246055212,-44.10850246055212,-27006.617753534883,-1573.9545554008034
91,9.371176854532678,1785869749.116662,0.00995629106182605,-5708.679562612709,-5694.0575541767275,2930.2169026906186,-5708.679562612709,-5694.0575541767275,False,False,-5756.225390469786,-5745.8683390897695,2936.2169004017996,-5756.225390469786,-5745.8683390897695,False,False,-1.0025679418054452,-1.0018025215283053,0.0007654202771398833,2932.5941083726684,-0.6227931328444356,-622.7931328444356,-0.0807293994175083,-80.7293994175083,-22223.56311891363,-2880.7236446441725
92,9.467888396058697,1785869749.213845,0.010903291986323893,-5729.578332365438,-5720.869995720879,2930.2169026906186,-5729.578332365438,-5720.869995720879,False,False,-5782.4399746309255,-5780.7358055445175,2936.2169004017996,-5782.4399746309255,-5780.7358055445175,False,False,-1.0015222049532801,-1.0002948014134763,0.001227403539803884,,,,-0.12945508966852132,-129.4550896685213,,-4619.4365425535725
93,9.589333521027584,1785869749.335262,0.010850041988305748,-5716.951769722162,-5700.20451294434,2930.2169026906186,-5716.951769722162,-5700.20451294434,False,False,-5758.769404285234,-5764.253768682947,2936.2169004017996,-5758.769404285234,-5764.253768682947,False,False,-1.0029380098099623,-0.999048556045969,0.0038894537639933002,,,,-0.4102233450129388,-410.22334501293875,,-14638.28664762128
94,9.688167313055601,1785869749.433671,0.01000320806633681,-5733.39466790965,-5711.678838218662,2930.2169026906186,-5733.39466790965,-5711.678838218662,False,False,-5774.378974233579,-5762.515858727878,2936.2169004017996,-5774.378974233579,-5762.515858727878,False,False,-1.0038020046830505,-1.0020586694764115,0.0017433352066389407,2932.130000897325,-1.0869006081879888,-1086.9006081879888,-0.1838707549545978,-183.8707549545978,-38784.63489109295,-6561.18880083492
95,9.78414237551624,1785869749.52944,0.009592417045496404,-5733.808030993061,-5710.452981630345,2930.2169026906186,-5733.808030993061,-5710.452981630345,False,False,-5766.970180640034,-5771.610257664211,2936.2169004017996,-5766.970180640034,-5771.610257664211,False,False,-1.0040898768342628,-0.9991960515667158,0.004893825267547003,,,,-0.5161550934855992,-516.1550934855992,,-18418.32334733083
96,9.881228792015463,1785869749.62656,0.009659833973273635,-5768.459394198735,-5758.811018736436,2930.2169026906186,-5768.459394198735,-5758.811018736436,False,False,-5812.067179142342,-5810.216149096801,2936.2169004017996,-5812.067179142342,-5810.216149096801,False,False,-1.0016754110233705,-1.0003185819594387,0.0013568290639318636,,,,-0.1431056880968491,-143.1056880968491,,-5106.540397403978
97,9.978747750050388,1785869749.7250109,0.011526999995112419,-5731.765469022221,-5709.492672005379,2930.2169026906186,-5731.765469022221,-5709.492672005379,False,False,-5777.252585811657,-5769.563251520616,2936.2169004017996,-5777.252585811657,-5769.563251520616,False,False,-1.0039010115777973,-1.0013327411375574,0.0025682704402398837,2931.1579681930525,-2.05893331246034,-2058.93331246034,-0.2708772374790972,-270.8772374790972,-73470.35799530188,-9665.901993972922
98,10.076776479487307,1785869749.822228,0.009911708999425173,-5732.505199131951,-5726.399941926216,2930.2169026906186,-5732.505199131951,-5726.399941926216,False,False,-5781.3434132102575,-5780.317414493993,2936.2169004017996,-5781.3434132102575,-5780.317414493993,False,False,-1.001066159763141,-1.0001774986809016,0.0008886610822393948,,,,-0.09372769130569664,-93.72769130569664,,-3344.55078881304
99,10.177830083994195,1785869749.923257,0.009863500017672777,-5711.36394076474,-5690.591149860928,2930.2169026906186,-5711.36394076474,-5690.591149860928,False,False,-5750.282386832532,-5743.637558455848,2936.2169004017996,-5750.282386832532,-5743.637558455848,False,False,-1.0036503748655918,-1.0011569024523321,0.002493472413259701,2930.954791283196,-2.2621102223170055,-2262.1102223170055,-0.26298823848591507,-262.9882384859151,-80720.46182975326,-9384.393323077185
100,10.274373625055887,1785869750.019708,0.009679750073701143,-5730.334636427545,-5716.980941100956,2930.2169026906186,-5730.334636427545,-5716.980941100956,False,False,-5775.013373781215,-5770.714205153285,2936.2169004017996,-5775.013373781215,-5770.714205153285,False,False,-1.0023357949701361,-1.0007449976684153,0.0015907973017208477,2930.885250246999,-2.33165125851383,-2331.65125851383,-0.16778247793841697,-167.78247793841697,-83201.94328125284,-5987.099555324613
101,10.371925438055769,1785869750.117446,0.010050208074972034,-5710.720726227956,-5687.698468686004,2930.2169026906186,-5710.720726227956,-5687.698468686004,False,False,-5747.755802793656,-5748.025251398355,2936.2169004017996,-5747.755802793656,-5748.025251398355,False,False,-1.0040477282100488,-0.999953123274009,0.004094604936039858,,,,-0.43186077924839295,-431.86077924839293,,-15410.390352854443
102,10.509996208536904,1785869750.2555578,0.010142332990653813,-5722.707696304673,-5709.837656264328,2930.2169026906186,-5722.707696304673,-5709.837656264328,False,False,-5767.907202677507,-5763.623687990952,2936.2169004017996,-5767.907202677507,-5763.623687990952,False,False,-1.0022540115525396,-1.000743198188924,0.0015108133636154708,2930.972433162387,-2.2444683431258454,-2244.4683431258454,-0.15934651735684657,-159.34651735684656,-80090.93431079951,-5686.073271369061
103,10.607075229519978,1785869750.352673,0.010216708993539214,-5718.010548033132,-5698.271553015251,2930.2169026906186,-5718.010548033132,-5698.271553015251,False,False,-5760.084443867104,-5751.331356786992,2936.2169004017996,-5760.084443867104,-5751.331356786992,False,False,-1.0034640320023773,-1.0015219236272628,0.0019421083751145485,2931.7128364695504,-1.5040650359624124,-1504.0650359624124,-0.20483549679720223,-204.83549679720224,-53670.60505147061,-7309.2883527405875
104,10.703204813005868,1785869750.448545,0.009703707997687161,-5735.693650090167,-5728.110927040988,2930.2169026906186,-5735.693650090167,-5728.110927040988,False,False,-5777.086464223494,-5781.676686432131,2936.2169004017996,-5777.086464223494,-5781.676686432131,False,False,-1.0013237737791325,-0.9992060742138333,0.0021176995652991693,,,,-0.22335521955600088,-223.3552195560009,,-7970.140577933231
105,10.800728854548652,1785869750.547306,0.01217654102947563,-5733.2091221689025,-5720.121922853562,2930.2169026906186,-5733.2091221689025,-5720.121922853562,False,False,-5775.280915120578,-5773.877724118961,2936.2169004017996,-5775.280915120578,-5773.877724118961,False,False,-1.002287923140773,-1.0002430240245228,0.002044899116250276,,,,-0.21567690647159174,-215.67690647159174,,-7696.149959734218
106,10.900007292046212,1785869750.6452491,0.009511084062978625,-5745.876394534951,-5731.8486581899315,2930.2169026906186,-5745.876394534951,-5731.8486581899315,False,False,-5792.55326435798,-5785.459041171257,2936.2169004017996,-5792.55326435798,-5785.459041171257,False,False,-1.0024473319484764,-1.0012262161284418,0.0012211158200345906,2931.95485243783,-1.2620490676827103,-1262.0490676827103,-0.1287919195698968,-128.7919195698968,-45034.579920165226,-4595.772179913531
107,10.995863708492834,1785869750.741154,0.009609833010472357,-5738.49732554941,-5716.128792370939,2930.2169026906186,-5738.49732554941,-5716.128792370939,False,False,-5775.270905034081,-5775.214321300853,2936.2169004017996,-5775.270905034081,-5775.214321300853,False,False,-1.0039132311378858,-1.000009797685433,0.003903433452452809,,,,-0.4116977923029894,-411.6977923029894,,-14690.90038192226
108,11.093665875028819,1785869750.838977,0.009651500033214688,-5721.653522633494,-5710.89663324877,2930.2169026906186,-5721.653522633494,-5710.89663324877,False,False,-5768.168027325244,-5767.475784760215,2936.2169004017996,-5768.168027325244,-5767.475784760215,False,False,-1.0018835727689583,-1.0001200252226214,0.0017635475463368966,,,,-0.18600256422771239,-186.00256422771238,,-6637.259642724535
109,11.190710333525203,1785869750.936105,0.009823417058214545,-5722.832765840389,-5699.0233624721095,2930.2169026906186,-5722.832765840389,-5699.0233624721095,False,False,-5762.169196442216,-5752.772497478376,2936.2169004017996,-5762.169196442216,-5752.772497478376,False,False,-1.0041778041348388,-1.0016334209232085,0.002544383211630308,2931.4778329256264,-1.739068579886407,-1739.068579886407,-0.2683578351624989,-268.3578351624989,-62056.40093799625,-9576.000398319258
110,11.287715563026723,1785869751.03305,0.009705291944555938,-5741.499075404225,-5722.494594553291,2930.2169026906186,-5741.499075404225,-5722.494594553291,False,False,-5787.047313323348,-5783.492774398631,2936.2169004017996,-5787.047313323348,-5783.492774398631,False,False,-1.0033210133337693,-1.0006146007375425,0.002706412596226837,,,,-0.2854471850231123,-285.4471850231123,,-10185.811626574088
111,11.417195667047054,1785869751.162644,0.009935999987646937,-5732.748704037656,-5711.339591038299,2930.2169026906186,-5732.748704037656,-5711.339591038299,False,False,-5779.475092459577,-5771.037517192897,2936.2169004017996,-5779.475092459577,-5771.037517192897,False,False,-1.0037485274090427,-1.0014620551749218,0.0022864722341209287,2931.463757844911,-1.753143660601836,-1753.143660601836,-0.24115578820956016,-241.15578820956014,-62558.6518913016,-8605.330724006571
112,11.514550438034348,1785869751.259875,0.009690708015114069,-5729.981796925145,-5711.511018736436,2930.2169026906186,-5729.981796925145,-5711.511018736436,False,False,-5771.742922639606,-5767.629976770486,2936.2169004017996,-5771.742922639606,-5767.629976770486,False,False,-1.0032339565008483,-1.0007131084840195,0.002520848016828836,2928.8848908411373,-4.3320106643755025,-4332.0106643755025,-0.2658755620920829,-265.87556209208293,-154582.16758405304,-9487.42371153593
113,11.614350125484634,1785869751.360577,0.011489333002828062,-5744.1402008130335,-5724.645890515634,2930.2169026906186,-5744.1402008130335,-5724.645890515634,False,False,-5787.804757465538,-5779.442814133325,2936.2169004017996,-5787.804757465538,-5779.442814133325,False,False,-1.0034053303331298,-1.001446842472732,0.001958487860397762,2931.641321359036,-1.575580146477023,-1575.580146477023,-0.20656305229732722,-206.5630522973272,-56222.528778083884,-7370.933924397917
114,11.7208767090342,1785869751.466354,0.010002750088460743,-5742.590483540666,-5735.579603875662,2930.2169026906186,-5742.590483540666,-5735.579603875662,False,False,-5792.146321484243,-5781.65817770578,2936.2169004017996,-5792.146321484243,-5781.65817770578,False,False,-1.0012223489427758,-1.0018140373325608,-0.0005916883897849612,2933.927302588358,0.7104010828452374,710.4010828452374,0.06240577859788762,62.405778597887625,25349.738896846895,2226.869062156995
115,11.819614479551092,1785869751.564905,0.009631874971091747,-5709.524987009811,-5692.581700644925,2930.2169026906186,-5709.524987009811,-5692.581700644925,False,False,-5746.242913470061,-5752.0144374484225,2936.2169004017996,-5746.242913470061,-5752.0144374484225,False,False,-1.0029763800075047,-0.9989966082246271,0.003979771782877561,,,,-0.41974924815250847,-419.74924815250847,,-14978.206114491451
116,11.918680562579539,1785869751.6639419,0.009576375014148653,-5724.80333618608,-5706.031307882751,2930.2169026906186,-5724.80333618608,-5706.031307882751,False,False,-5766.01836965492,-5763.930328269706,2936.2169004017996,-5766.01836965492,-5763.930328269706,False,False,-1.0032898572213222,-1.00036225999731,0.002927597224012146,,,,-0.30877567878629636,-308.77567878629634,,-11018.258592145887
117,12.021321063046344,1785869751.766597,0.009606041945517063,-5735.420324296237,-5714.637932878932,2930.2169026906186,-5735.420324296237,-5714.637932878932,False,False,-5779.92574044075,-5774.737835070453,2936.2169004017996,-5779.92574044075,-5774.737835070453,False,False,-1.0036366943385397,-1.0008983793755606,0.0027383149629791603,2930.0867116235268,-3.130189881986098,-3130.189881986098,-0.2888119494340223,-288.81194943402227,-111696.75570889587,-10305.878869327085
118,12.125041792052798,1785869751.870528,0.010030834004282951,-5742.6498318916765,-5727.324456704466,2930.2169026906186,-5742.6498318916765,-5727.324456704466,False,False,-5781.479666534217,-5783.735299691291,2936.2169004017996,-5781.479666534217,-5783.735299691291,False,False,-1.002675834991201,-0.9996100040821034,0.003065830909097622,,,,-0.3233552799668476,-323.3552799668476,,-11538.512702214088
119,12.225271438073833,1785869751.970625,0.009763707988895476,-5729.336725555522,-5713.08886817251,2930.2169026906186,-5729.336725555522,-5713.08886817251,False,False,-5776.840773909588,-5775.7452471192355,2936.2169004017996,-5776.840773909588,-5775.7452471192355,False,False,-1.0028439707062022,-1.0001896771314316,0.0026542935747706498,,,,-0.27995015623246733,-279.95015623246735,,-9989.65730204351
120,12.367119438014925,1785869752.113226,0.011274707969278097,-5712.218229055231,-5696.122873429716,2930.2169026906186,-5712.218229055231,-5696.122873429716,False,False,-5758.081067946327,-5750.2255310694745,2936.2169004017996,-5758.081067946327,-5750.2255310694745,False,False,-1.0028256686141015,-1.0013661267431002,0.0014595418710012797,2931.893770740064,-1.3231307654486955,-1323.1307654486955,-0.1539388780120352,-153.93887801203522,-47214.20087955664,-5493.108692978704
121,12.469920145987999,1785869752.215209,0.009644542005844414,-5736.9677598801845,-5718.102313781826,2930.2169026906186,-5736.9677598801845,-5718.102313781826,False,False,-5772.633769905554,-5773.412935171318,2936.2169004017996,-5772.633769905554,-5773.412935171318,False,False,-1.0032992494822783,-0.999865042519128,0.0034342069631503325,,,,-0.36220815399124123,-362.20815399124126,,-12924.926990837897
122,12.569357854546979,1785869752.314997,0.010346458991989493,-5720.777968640157,-5708.270324296238,2930.2169026906186,-5720.777968640157,-5708.270324296238,False,False,-5762.849576672677,-5755.714894397408,2936.2169004017996,-5762.849576672677,-5755.714894397408,False,False,-1.0021911443630627,-1.0012395822944973,0.0009515620685653925,2932.185803096528,-1.0310984089846897,-1031.0984089846897,-0.10036190129531884,-100.36190129531884,-36793.405972905,-3581.2839457364703
123,12.670602271042299,1785869752.416343,0.010554707958362997,-5742.099819665616,-5720.207315768561,2930.2169026906186,-5742.099819665616,-5720.207315768561,False,False,-5783.853600574625,-5780.20118898432,2936.2169004017996,-5783.853600574625,-5780.20118898432,False,False,-1.0038272221072662,-1.0006318831249794,0.003195338982286744,,,,-0.33701458490103564,-337.0145849010356,,-12025.927237404925
124,12.774196646059863,1785869752.5202718,0.011226542061194777,-5741.082489225784,-5731.894904789559,2930.2169026906186,-5741.082489225784,-5731.894904789559,False,False,-5788.0000213956055,-5791.419742030137,2936.2169004017996,-5788.0000213956055,-5791.419742030137,False,False,-1.0016028878039176,-0.9994095194638175,0.002193368340100088,,,,-0.23133605691656298,-231.33605691656297,,-8254.926381550205
125,12.879544209048618,1785869752.6250648,0.0101187500404194,-5746.54902344347,-5720.372526515267,2930.2169026906186,-5746.54902344347,-5720.372526515267,False,False,-5780.197551731516,-5787.778905461993,2936.2169004017996,-5780.197551731516,-5787.778905461993,False,False,-1.004576012629749,-0.9986901099965441,0.005885902633204876,,,,-0.6207901708374032,-620.7901708374031,,-22152.090024172252
126,12.984493375523016,1785869752.730291,0.010673332959413528,-5748.890046459028,-5737.525677782193,2930.2169026906186,-5748.890046459028,-5737.525677782193,False,False,-5791.496292447351,-5791.324001283736,2936.2169004017996,-5791.496292447351,-5791.324001283736,False,False,-1.0019807089876462,-1.0000297498747397,0.0019509591129065473,,,,-0.20576899015724096,-205.76899015724095,,-7342.598849459069
127,13.090667146025226,1785869752.837088,0.011921958066523075,-5754.9113687074,-5744.313482287496,2930.2169026906186,-5754.9113687074,-5744.313482287496,False,False,-5804.431832075067,-5800.069129198888,2936.2169004017996,-5804.431832075067,-5800.069129198888,False,False,-1.0018449352481513,-1.0007521811859477,0.0010927540622036602,2931.475943036709,-1.7409584688039104,-1740.9584688039104,-0.11525351729947872,-115.25351729947872,-62123.83916656831,-4112.6718990678955
128,13.19374472956406,1785869752.939144,0.009861874976195395,-5746.529298224164,-5740.471534676163,2930.2169026906186,-5746.529298224164,-5740.471534676163,False,False,-5806.812617293761,-5797.972156676957,2936.2169004017996,-5806.812617293761,-5797.972156676957,False,False,-1.001055272813637,-1.0015247504434155,-0.00046947762977844754,2933.885937566223,0.6690360607103685,669.0360607103685,0.04951612626918587,49.51612626918587,23873.681869482174,1766.9185794028642
129,13.334699958562851,1785869753.0802681,0.010220333002507687,-5738.21255157869,-5709.9376715469025,2930.2169026906186,-5738.21255157869,-5709.9376715469025,False,False,-5779.1532719992665,-5776.689867652902,2936.2169004017996,-5779.1532719992665,-5776.689867652902,False,False,-1.0049518719219448,-1.0004264387396247,0.004525433182320127,,,,-0.4773005286423168,-477.3005286423168,,-17031.84872403357
130,13.448816500545945,1785869753.1948302,0.011112332926131785,-5752.362384998625,-5741.298934804537,2930.2169026906186,-5752.362384998625,-5741.298934804537,False,False,-5801.9248830883025,-5793.468773114893,2936.2169004017996,-5801.9248830883025,-5793.468773114893,False,False,-1.001926994277727,-1.0014595936052422,0.00046740067248474126,2932.7233767659854,-0.49352473952740183,-493.52473952740183,-0.049297068165029476,-49.29706816502947,-17610.788592899007,-1759.1017758003666
131,13.56469627149636,1785869753.310134,0.009966625017113984,-5763.283357276034,-5743.546819696183,2930.2169026906186,-5763.283357276034,-5743.546819696183,False,False,-5812.389719411926,-5800.329386863099,2936.2169004017996,-5812.389719411926,-5800.329386863099,False,False,-1.0034362978485991,-1.0020792495985043,0.001357048250094861,2932.333065155573,-0.8838363499398838,-883.8363499398838,-0.14312880581116613,-143.12880581116613,-31538.55088281058,-5107.365322979093
132,13.679902625561226,1785869753.4266188,0.012451416929252446,-5767.024464345754,-5749.125760308096,2930.2169026906186,-5767.024464345754,-5749.125760308096,False,False,-5805.943974080753,-5802.829024666075,2936.2169004017996,-5805.943974080753,-5802.829024666075,False,False,-1.0031132914435843,-1.0005367984135733,0.002576493030010951,,,,-0.27174447963833875,-271.74447963833876,,-9696.848402738322
133,13.819252584013157,1785869753.5646741,0.00994000001810491,-5766.71071919797,-5751.3839991441755,2930.2169026906186,-5766.71071919797,-5751.3839991441755,False,False,-5809.85901519088,-5805.9164562765545,2936.2169004017996,-5809.85901519088,-5805.9164562765545,False,False,-1.0026648751076395,-1.000679058843512,0.0019858162641275268,2930.102061396572,-3.1148401089408253,-3114.8401089408253,-0.20944539770419884,-209.44539770419885,-111149.01901730035,-7473.786672287997
134,13.92644020851003,1785869753.672596,0.011415416956879199,-5752.216176605434,-5728.878008374852,2930.2169026906186,-5752.216176605434,-5728.878008374852,False,False,-5795.430215178653,-5791.977493352079,2936.2169004017996,-5795.430215178653,-5791.977493352079,False,False,-1.0040737764351877,-1.0005961214163102,0.0034776550188775346,,,,-0.3667906501041191,-366.7906501041191,,-13088.447405942017
135,14.033872208558023,1785869753.779237,0.0098366669844836,-5754.560060518996,-5735.512397224686,2930.2169026906186,-5754.560060518996,-5735.512397224686,False,False,-5803.4397346945025,-5790.061894427973,2936.2169004017996,-5803.4397346945025,-5790.061894427973,False,False,-1.0033210046418044,-1.002310483119257,0.0010105215225473252,2932.5845371021974,-0.6323644033154778,-632.3644033154778,-0.10658039517651799,-106.580395176518,-22565.101460015623,-3803.182813892306
136,14.13751047954429,1785869753.8831239,0.010335209080949426,-5763.351959226091,-5748.353618913714,2930.2169026906186,-5763.351959226091,-5748.353618913714,False,False,-5809.235425008405,-5801.583366445579,2936.2169004017996,-5809.235425008405,-5801.583366445579,False,False,-1.0026091540824886,-1.0013189603733152,0.0012901937091733817,2931.977266434454,-1.2396350710587285,-1239.6350710587285,-0.1360776117180527,-136.07761171805268,-44234.76559587241,-4855.752630532853
137,14.267139792034868,1785869754.012492,0.009813415934331715,-5729.474501023933,-5718.254943912951,2930.2169026906186,-5729.474501023933,-5718.254943912951,False,False,-5779.11076810221,-5776.928255952563,2936.2169004017996,-5779.11076810221,-5776.928255952563,False,False,-1.0019620596180179,-1.0003777980360755,0.0015842615819423589,,,,-0.16709315110943684,-167.09315110943683,,-5962.501823773795
138,14.370394938043319,1785869754.11567,0.009664207929745317,-5734.809638719931,-5712.567171501054,2930.2169026906186,-5734.809638719931,-5712.567171501054,False,False,-5778.350221597334,-5775.701826267689,2936.2169004017996,-5778.350221597334,-5775.701826267689,False,False,-1.0038936027448115,-1.000458540868159,0.0034350618766525454,,,,-0.36229832230223163,-362.2983223022316,,-12928.144529768471
139,14.472553500556387,1785869754.2180061,0.010016917018219829,-5744.564619311061,-5724.7737353669345,2930.2169026906186,-5744.564619311061,-5724.7737353669345,False,False,-5788.10633921203,-5779.922097074915,2936.2169004017996,-5788.10633921203,-5779.922097074915,False,False,-1.0034570595902963,-1.0014159779318232,0.002041081658473054,2931.5641036620113,-1.652797843501503,-1652.797843501503,-0.21527427659247741,-215.2742765924774,-58977.941889148686,-7681.782636043299
140,14.577846229542047,1785869754.3233018,0.01003062492236495,-5746.039364856191,-5735.528043524774,2930.2169026906186,-5746.039364856191,-5735.528043524774,False,False,-5795.026720053795,-5787.2091221689025,2936.2169004017996,-5795.026720053795,-5787.2091221689025,False,False,-1.0018326684573156,-1.0013508407454892,0.00048182771182636586,2932.672315073168,-0.5445864323446585,-544.5864323446585,-0.050818697858160684,-50.81869785816068,-19432.858704847935,-1813.3991528033357
141,14.683383437572047,1785869754.430377,0.013109124964103103,-5742.857005532292,-5724.042007213376,2930.2169026906186,-5742.857005532292,-5724.042007213376,False,False,-5789.144469236177,-5786.610509826695,2936.2169004017996,-5789.144469236177,-5786.610509826695,False,False,-1.003287012620663,-1.0004379004609312,0.002849112159731826,,,,-0.30049780545079613,-300.49780545079614,,-10722.873446003287
142,14.788811542035546,1785869754.534354,0.010205166065134108,-5749.285686340435,-5736.220469480699,2930.2169026906186,-5749.285686340435,-5736.220469480699,False,False,-5788.519986551334,-5788.575801571048,2936.2169004017996,-5788.519986551334,-5788.575801571048,False,False,-1.0022776699273066,-0.9999903577284591,0.00228731219884748,,,,-0.24124437986297134,-241.24437986297133,,-8608.49200196158
143,14.892311833507847,1785869754.637631,0.009767416981048882,-5754.447322492893,-5735.62633493291,2930.2169026906186,-5754.447322492893,-5735.62633493291,False,False,-5801.033507045267,-5794.843619525017,2936.2169004017996,-5801.033507045267,-5794.843619525017,False,False,-1.0032814180110294,-1.0010681716240613,0.0022132463869681818,2931.010646557021,-2.2062549484917326,-2206.2549484917326,-0.2334326080965876,-233.43260809658761,-78727.33901269385,-8329.7390842345
144,14.995337312517222,1785869754.7409458,0.010342124965973198,-5748.589312895436,-5735.412926001773,2930.2169026906186,-5748.589312895436,-5735.412926001773,False,False,-5796.546989332763,-5792.547779441881,2936.2169004017996,-5796.546989332763,-5792.547779441881,False,False,-1.002297373713744,-1.0006904060256654,0.0016069676880785533,2930.695740695703,-2.5211608098097713,-2521.1608098097713,-0.1694879796320526,-169.4879796320526,-89964.34519732269,-6047.958165574243
145,15.116411750554107,1785869754.863607,0.01351866708137095,-5754.01947305682,-5747.469130727144,2930.2169026906186,-5754.01947305682,-5747.469130727144,False,False,-5806.40501726931,-5804.06799370358,2936.2169004017996,-5806.40501726931,-5804.06799370358,False,False,-1.0011396916069817,-1.0004026526857137,0.000737038921267974,2930.9375433115233,-2.2793581939895375,-2279.3581939895375,-0.07773599842903094,-77.73599842903094,-81335.93327110824,-2773.9080227316203
146,15.232100542052649,1785869754.977448,0.00982675002887845,-5754.289238010819,-5738.428155087569,2930.2169026906186,-5754.289238010819,-5738.428155087569,False,False,-5807.947220099642,-5791.615896934315,2936.2169004017996,-5807.947220099642,-5791.615896934315,False,False,-1.002764011763254,-1.0028198215240711,-5.580976081720479e-05,2933.2514478436933,0.034546338180462044,34.546338180462044,0.005886293591758879,5.886293591758879,1232.7411568820312,210.04473279185265
147,15.334897063032258,1785869755.080259,0.009863041923381388,-5750.822217807256,-5738.744065776203,2930.2169026906186,-5750.822217807256,-5738.744065776203,False,False,-5797.790926735336,-5799.024528532567,2936.2169004017996,-5797.790926735336,-5799.024528532567,False,False,-1.0021046681804617,-0.9997872742577374,0.0023173939227243423,,,,-0.24441711982629452,-244.4171198262945,,-8721.707101994523
148,15.441102792043239,1785869755.187798,0.012454000068828464,-5750.298013265276,-5738.308119631995,2930.2169026906186,-5750.298013265276,-5738.308119631995,False,False,-5798.779570253997,-5789.99858636183,2936.2169004017996,-5798.779570253997,-5789.99858636183,False,False,-1.0020894475136775,-1.0015165778991466,0.0005728696145308465,2932.648552567424,-0.5683489380890023,-568.3489380890023,-0.0604209495186667,-60.4209495186667,-20280.792823615553,-2156.0430173660684
149,15.548340354580432,1785869755.293836,0.010134459007531404,-5752.358805819605,-5735.324378763335,2930.2169026906186,-5752.358805819605,-5735.324378763335,False,False,-5800.648214995263,-5794.237202371854,2936.2169004017996,-5800.648214995263,-5794.237202371854,False,False,-1.0029700895592488,-1.001106446353419,0.001863643205829879,2931.3345083451127,-1.88239316040017,-1882.39316040017,-0.1965597218004817,-196.5597218004817,-67170.75222666892,-7013.978083088841
150,15.653553438023664,1785869755.3988512,0.009741957997903228,-5758.252238897209,-5735.252521624843,2930.2169026906186,-5758.252238897209,-5735.252521624843,False,False,-5799.514009536327,-5798.613570926429,2936.2169004017996,-5799.514009536327,-5798.613570926429,False,False,-1.0040102361989547,-1.0001552851554745,0.0038549510434802148,,,,-0.40658431951482116,-406.5843195148212,,-14508.432754596815
151,15.761279417027254,1785869755.506778,0.010146333952434361,-5779.707676437325,-5765.686996057095,2930.2169026906186,-5779.707676437325,-5765.686996057095,False,False,-5828.382171348229,-5818.533447443226,2936.2169004017996,-5828.382171348229,-5818.533447443226,False,False,-1.0024317449750253,-1.001692647123878,0.0007390978511472301,2932.577338217688,-0.6395632878247852,-639.5632878247852,-0.07795315516965977,-77.95315516965977,-22821.984292919824,-2781.6569786490068
152,15.866056104539894,1785869755.6114671,0.009974624961614609,-5756.542056117614,-5732.618354372344,2930.2169026906186,-5756.542056117614,-5732.618354372344,False,False,-5797.837382706239,-5787.979767399212,2936.2169004017996,-5797.837382706239,-5787.979767399212,False,False,-1.004173259105418,-1.0017031184805707,0.0024701406248472946,2931.570589590384,-1.6463119151289902,-1646.3119151289902,-0.26052741882628183,-260.52741882628186,-58746.499968919146,-9296.58217336147
153,15.973161166999489,1785869755.718747,0.010327416006475687,-5753.724488797872,-5741.271021181649,2930.2169026906186,-5753.724488797872,-5741.271021181649,False,False,-5810.102475777119,-5803.43768530122,2936.2169004017996,-5810.102475777119,-5803.43768530122,False,False,-1.0021691133496882,-1.0011484211319748,0.0010206922177133926,2932.0554838582893,-1.1614176472235158,-1161.4176472235158,-0.10765310534233996,-107.65310534233996,-41443.678533525395,-3841.461081299599
154,16.1097931250697,1785869755.8552241,0.010021249996498227,-5738.111162392641,-5728.403863434912,2930.2169026906186,-5738.111162392641,-5728.403863434912,False,False,-5791.4830867744595,-5784.0537961915825,2936.2169004017996,-5791.4830867744595,-5784.0537961915825,False,False,-1.0016945905332708,-1.0012844435485315,0.00041014698473929023,2932.7206854579117,-0.4962160476011377,-496.2160476011377,-0.04325848261384247,-43.25848261384247,-17706.824421964662,-1543.6227024636908
155,16.220199917035643,1785869755.966412,0.011582916020415723,-5764.836057707003,-5749.509357520556,2930.2169026906186,-5764.836057707003,-5749.509357520556,False,False,-5802.233546779961,-5801.204526698659,2936.2169004017996,-5802.233546779961,-5801.204526698659,False,False,-1.0026657405412167,-1.0001773804175609,0.0024883601236558306,,,,-0.2624490418096649,-262.4490418096649,,-9365.152790810194
156,16.3281935005798,1785869756.0737422,0.010258416994474828,-5764.9050646452915,-5747.557448726961,2930.2169026906186,-5764.9050646452915,-5747.557448726961,False,False,-5810.072645719351,-5808.122659473667,2936.2169004017996,-5810.072645719351,-5808.122659473667,False,False,-1.0030182588122147,-1.0003357343430934,0.002682524469121317,,,,-0.282927687941533,-282.927687941533,,-10095.906649355302
157,16.435570062545594,1785869756.181211,0.010447125067003071,-5756.636306812972,-5742.327290093834,2930.2169026906186,-5756.636306812972,-5742.327290093834,False,False,-5804.905929639026,-5800.190656233763,2936.2169004017996,-5804.905929639026,-5800.190656233763,False,False,-1.0024918497320456,-1.0008129514501727,0.0016788982818729536,2930.9655467348753,-2.2513547706375903,-2251.3547706375903,-0.1770745484886531,-177.07454848865308,-80336.6675220379,-6318.67501030021
158,16.53834920853842,1785869756.2840378,0.010545166907832026,-5774.37345875233,-5755.9671638597665,2930.2169026906186,-5774.37345875233,-5755.9671638597665,False,False,-5817.311212825137,-5808.73364458844,2936.2169004017996,-5817.311212825137,-5808.73364458844,False,False,-1.003197776215287,-1.0014766675081905,0.0017211087070965192,2931.809561316248,-1.407340189264687,-1407.340189264687,-0.18152651086700197,-181.52651086700197,-50219.10466973619,-6477.537498822508
159,16.64296408352675,1785869756.388452,0.010148916975595057,-5776.220573402207,-5749.122323257022,2930.2169026906186,-5776.220573402207,-5749.122323257022,False,False,-5813.556770180639,-5807.9085918635565,2936.2169004017996,-5813.556770180639,-5807.9085918635565,False,False,-1.0047134586153377,-1.0009724977980878,0.0037409608172498388,,,,-0.3945616924981714,-394.5616924981714,,-14079.420942698094
160,16.745152792020235,1785869756.490465,0.009798833983950317,-5766.682950759545,-5743.56139315952,2930.2169026906186,-5766.682950759545,-5743.56139315952,False,False,-5813.42035944616,-5801.285632851423,2936.2169004017996,-5813.42035944616,-5801.285632851423,False,False,-1.0040256482027967,-1.0020917305857207,0.0019339176170760641,2932.0540400688883,-1.1628614366245529,-1162.8614366245529,-0.20397161195253752,-203.97161195253753,-41495.19828092181,-7278.461745380299
161,16.84787508350564,1785869756.593214,0.009853666997514665,-5765.163554115597,-5745.343193141181,2930.2169026906186,-5765.163554115597,-5745.343193141181,False,False,-5801.937431610478,-5799.587092337317,2936.2169004017996,-5801.937431610478,-5799.587092337317,False,False,-1.003449813232755,-1.0004052597600037,0.0030445534727512324,,,,-0.3211111342227541,-321.1111342227541,,-11458.433279430277
162,16.98016481299419,1785869756.72614,0.01112770801410079,-5779.6229406730445,-5749.959968823548,2930.2169026906186,-5779.6229406730445,-5749.959968823548,False,False,-5820.782447962833,-5810.820672738943,2936.2169004017996,-5820.782447962833,-5810.820672738943,False,False,-1.0051588136283263,-1.0017143491057339,0.0034444645225923942,2931.1176064535516,-2.099295051961235,-2099.295051961235,-0.36329002579158126,-363.2900257915813,-74910.61418645571,-12963.532179259964
163,17.084038375585806,1785869756.829361,0.009828582988120615,-5775.416334015955,-5760.262161873032,2930.2169026906186,-5775.416334015955,-5760.262161873032,False,False,-5823.389085185072,-5820.1715331479045,2936.2169004017996,-5823.389085185072,-5820.1715331479045,False,False,-1.0026308129243193,-1.0005528276991222,0.0020779852251970876,,,,-0.2191665209802587,-219.16652098025872,,-7820.672315881341
164,17.187192562560085,1785869756.932537,0.009875374962575734,-5773.733040926736,-5759.488345508451,2930.2169026906186,-5773.733040926736,-5759.488345508451,False,False,-5819.352773787328,-5817.88964452731,2936.2169004017996,-5819.352773787328,-5817.88964452731,False,False,-1.0024732570957269,-1.0002514879706241,0.002221769125102746,,,,-0.23433150710873063,-234.33150710873062,,-8361.815126631838
165,17.28910179209197,1785869757.0347111,0.010406084009446204,-5774.394107039155,-5760.280522358406,2930.2169026906186,-5774.394107039155,-5760.280522358406,False,False,-5820.796935843749,-5817.751517559678,2936.2169004017996,-5820.796935843749,-5817.751517559678,False,False,-1.0024501557911922,-1.0005234699823256,0.0019266858088666794,,,,-0.20320886820131748,-203.20886820131747,,-7251.244226424403
166,17.39503702154616,1785869757.1402519,0.00962237489875406,-5771.571065501115,-5757.005235810129,2930.2169026906186,-5771.571065501115,-5757.005235810129,False,False,-5811.281213130787,-5813.274869333985,2936.2169004017996,-5811.281213130787,-5813.274869333985,False,False,-1.0025301053402527,-0.999657051103206,0.002873054237046646,,,,-0.3030229926977986,-303.0229926977986,,-10812.981469376198
167,17.498796437575947,1785869757.2443058,0.010213625035248697,-5767.0824876975275,-5750.8570101170635,2930.2169026906186,-5767.0824876975275,-5750.8570101170635,False,False,-5812.450929180549,-5811.281833603325,2936.2169004017996,-5812.450929180549,-5811.281833603325,False,False,-1.0028214016714239,-1.000201176885014,0.002620224786409775,,,,-0.2763568978548221,-276.3568978548221,,-9861.436549201473
168,17.60267695906805,1785869757.3479218,0.00968649995047599,-5766.705584252834,-5754.287995537488,2930.2169026906186,-5766.705584252834,-5754.287995537488,False,False,-5820.647796252713,-5821.787946633249,2936.2169004017996,-5820.647796252713,-5821.787946633249,False,False,-1.0021579713641333,-0.9998041580368459,0.0023538133272874573,,,,-0.24825829930027757,-248.25829930027757,,-8858.774596784098
169,17.70653654204216,1785869757.45252,0.011165166040882468,-5767.878839746921,-5748.6382431152,2930.2169026906186,-5767.878839746921,-5748.6382431152,False,False,-5812.413849069291,-5805.417195953174,2936.2169004017996,-5812.413849069291,-5805.417195953174,False,False,-1.0033469833755437,-1.0012051938525615,0.0021417895229822737,2931.2682263629326,-1.948675142580214,-1948.675142580214,-0.22589600384644962,-225.89600384644962,-69535.93857337332,-8060.805161520469
170,17.843478042050265,1785869757.588903,0.010051249992102385,-5763.473168383409,-5751.940971054803,2930.2169026906186,-5763.473168383409,-5751.940971054803,False,False,-5811.4825060366165,-5809.546223675765,2936.2169004017996,-5811.4825060366165,-5809.546223675765,False,False,-1.0020049227533172,-1.0003332932188336,0.0016716295344836318,,,,-0.17630790873689536,-176.30790873689537,,-6291.31846763115
171,17.949562792025972,1785869757.6949592,0.009997499990276992,-5756.338337867164,-5740.3441895650585,2930.2169026906186,-5756.338337867164,-5740.3441895650585,False,False,-5801.483627777608,-5791.091171256533,2936.2169004017996,-5801.483627777608,-5791.091171256533,False,False,-1.0027862699123826,-1.00179455930044,0.0009917106119425867,2932.440490552027,-0.7764109534859926,-776.4109534859926,-0.10459639558705103,-104.59639558705103,-27705.21529710222,-3732.3863683646528
172,18.05818679201184,1785869757.803591,0.01001108402851969,-5748.095419812331,-5723.992803435523,2930.2169026906186,-5748.095419812331,-5723.992803435523,False,False,-5798.84102760033,-5794.77604914876,2936.2169004017996,-5798.84102760033,-5794.77604914876,False,False,-1.0042108048008624,-1.0007014901727163,0.0035093146281461873,,,,-0.3701298107174213,-370.12981071742126,,-13207.601010470356
173,18.167428229528014,1785869757.912967,0.010282541043125093,-5785.466456276553,-5768.274002811993,2930.2169026906186,-5785.466456276553,-5768.274002811993,False,False,-5828.064457315768,-5827.175286548278,2936.2169004017996,-5828.064457315768,-5827.175286548278,False,False,-1.0029805195551007,-1.000152590358753,0.002827929196347778,,,,-0.29826362383456656,-298.26362383456654,,-10643.149580165806
174,18.272434646089096,1785869758.0178418,0.010024207993410528,-5781.340485068924,-5765.201152306141,2930.2169026906186,-5781.340485068924,-5765.201152306141,False,False,-5823.287627227434,-5822.942017911178,2936.2169004017996,-5823.287627227434,-5822.942017911178,False,False,-1.0027994396615854,-1.0000593530409874,0.0027400866205979924,,,,-0.28899880737313516,-288.99880737313515,,-10312.546651910332
175,18.376773895986844,1785869758.12203,0.009727791999466717,-5772.459927560596,-5760.37753614329,2930.2169026906186,-5772.459927560596,-5760.37753614329,False,False,-5818.3755157869,-5819.101891982761,2936.2169004017996,-5818.3755157869,-5819.101891982761,False,False,-1.0020974999193188,-0.9998751738310577,0.0022223260882611173,,,,-0.23439025039345385,-234.39025039345384,,-8363.91130436247
176,18.482958500506356,1785869758.2297668,0.01283191703259945,-5785.618647797781,-5764.100100864994,2930.2169026906186,-5785.618647797781,-5764.100100864994,False,False,-5835.210343246629,-5828.535177430694,2936.2169004017996,-5835.210343246629,-5828.535177430694,False,False,-1.003733201463583,-1.0011452561600354,0.0025879453035475564,2930.867849309222,-2.3490521962908133,-2349.0521962908133,-0.27295235875022844,-272.9523587502284,-83822.87311914121,-9739.949998223967
177,18.591634792042896,1785869758.337264,0.010481165954843163,-5765.6800730507075,-5748.553429409787,2930.2169026906186,-5765.6800730507075,-5748.553429409787,False,False,-5805.303365222972,-5803.929765870955,2936.2169004017996,-5805.303365222972,-5803.929765870955,False,False,-1.002979296244043,-1.000236667121662,0.0027426291223808796,,,,-0.289266966772723,-289.26696677272304,,-10322.115571393198
178,18.731010021525435,1785869758.476477,0.010158624965697527,-5776.457677965584,-5759.970432802519,2930.2169026906186,-5776.457677965584,-5759.970432802519,False,False,-5823.641635846808,-5812.179289054619,2936.2169004017996,-5823.641635846808,-5812.179289054619,False,False,-1.0028623836450914,-1.0019721254665654,0.0008902581785259489,2932.5635217363338,-0.6533797691790824,-653.3797691790824,-0.09389613814186758,-93.89613814186758,-23315.007464283553,-3350.561595128018
179,18.840499646554235,1785869758.585872,0.009973124950192869,-5770.658795121802,-5752.482102576641,2930.2169026906186,-5770.658795121802,-5752.482102576641,False,False,-5818.371086896721,-5814.1472506647915,2936.2169004017996,-5818.371086896721,-5814.1472506647915,False,False,-1.0031597999300195,-1.0007264756205558,0.002433324309463636,2929.5449245549457,-3.671976950567114,-3671.976950567114,-0.2566443768969632,-256.6443768969632,-131029.72275789015,-9158.020871287581
180,18.946610959013924,1785869758.6922188,0.010445249965414405,-5768.424244276676,-5755.109355992297,2930.2169026906186,-5768.424244276676,-5755.109355992297,False,False,-5816.792968487331,-5810.429739890577,2936.2169004017996,-5816.792968487331,-5810.429739890577,False,False,-1.0023135769384668,-1.0010951390657161,0.0012184378727506662,2931.834225178028,-1.3826763274846599,-1382.6763274846599,-0.1285094746408043,-128.5094746408043,-49339.006832881096,-4585.693499885966
181,19.062244188040495,1785869758.807599,0.009943041950464249,-5777.731972674757,-5759.4626723110305,2930.2169026906186,-5777.731972674757,-5759.4626723110305,False,False,-5830.679209585231,-5819.113098694868,2936.2169004017996,-5830.679209585231,-5819.113098694868,False,False,-1.0031720494433547,-1.0019876071652494,0.0011844422781053243,2932.3944945687304,-0.8224069367824995,-822.4069367824995,-0.12492393605432817,-124.92393605432817,-29346.522151816283,-4457.748217753646
182,19.172281667008065,1785869758.918078,0.010826166020706296,-5775.956045786595,-5755.374146468197,2930.2169026906186,-5775.956045786595,-5755.374146468197,False,False,-5815.683363389063,-5814.512015160314,2936.2169004017996,-5815.683363389063,-5814.512015160314,False,False,-1.0035761183885894,-1.0002014525424825,0.0033746658461069057,,,,-0.3559283117096663,-355.92831170966633,,-12700.838984786837
183,19.28471195907332,1785869759.031009,0.011830999981611967,-5786.475587615001,-5779.9941452455905,2930.2169026906186,-5786.475587615001,-5779.9941452455905,False,False,-5833.67730537641,-5830.897898645962,2936.2169004017996,-5833.67730537641,-5830.897898645962,False,False,-1.0011213579471776,-1.0004766687358895,0.0006446892112881297,2931.461893607653,-1.7550078978597412,-1755.0078978597412,-0.06799581144195069,-67.99581144195069,-62625.17477375611,-2426.342115399325
184,19.392408062529285,1785869759.137658,0.009736874955706298,-5762.405507839961,-5740.398531344562,2930.2169026906186,-5762.405507839961,-5740.398531344562,False,False,-5803.701526729223,-5795.431997126876,2936.2169004017996,-5803.701526729223,-5795.431997126876,False,False,-1.0038337018545374,-1.0014269047771498,0.002406797077387557,2931.3601318925257,-1.8567696129871365,-1856.7696129871365,-0.2538465316116117,-253.84653161161168,-66256.40925589268,-9058.183400357253
185,19.501172208518256,1785869759.246651,0.010200166958384216,-5773.91775071064,-5765.662698291408,2930.2169026906186,-5773.91775071064,-5765.662698291408,False,False,-5831.226675734328,-5822.188505975488,2936.2169004017996,-5831.226675734328,-5822.188505975488,False,False,-1.0014317612477883,-1.0015523663910166,-0.00012060514322831395,2933.3609335414094,0.14403203589654368,144.03203589654368,0.012720306830363726,12.720306830363727,5139.595914093051,453.9076088482631
186,19.64603937556967,1785869759.39142,0.010008916957303882,-5792.494409634134,-5777.281416389034,2930.2169026906186,-5792.494409634134,-5777.281416389034,False,False,-5840.556842008742,-5835.2070467952435,2936.2169004017996,-5840.556842008742,-5835.2070467952435,False,False,-1.0026332442802497,-1.0009168132631105,0.0017164310171391417,2931.1506242278806,-2.0662772776322527,-2066.2772776322527,-0.181033151712302,-181.033151712302,-73732.41784300073,-6459.932618908863
187,19.758935854537413,1785869759.504322,0.010021958965808153,-5780.570859186356,-5766.492430540697,2930.2169026906186,-5780.570859186356,-5766.492430540697,False,False,-5828.684104593943,-5819.379671118991,2936.2169004017996,-5828.684104593943,-5819.379671118991,False,False,-1.0024414197738467,-1.001598870326528,0.0008425494473187634,2932.466314380003,-0.75058712550981,-750.58712550981,-0.08886426567604436,-88.86426567604435,-26783.72557485762,-3171.005769199413
188,19.871725834032986,1785869759.6170409,0.009881999925710261,-5782.284778555491,-5770.789945594033,2930.2169026906186,-5782.284778555491,-5770.789945594033,False,False,-5827.558683559007,-5827.965375798515,2936.2169004017996,-5827.558683559007,-5827.965375798515,False,False,-1.0019918993880959,-0.9999302171146731,0.002061682273422738,,,,-0.2174470375215865,-217.4470375215865,,-7759.314784527066
189,19.982887063059025,1785869759.728279,0.01003945805132389,-5789.3822844392835,-5777.536679707797,2930.2169026906186,-5789.3822844392835,-5777.536679707797,False,False,-5841.832871290156,-5834.94082128557,2936.2169004017996,-5841.832871290156,-5834.94082128557,False,False,-1.002050286374311,-1.0011811687925685,0.0008691175817425734,2932.216587406876,-1.0003140986368635,-1000.3140986368635,-0.0916664249599476,-91.6664249599476,-35694.90788741306,-3270.997179558507
190,20.095777500537224,1785869759.842516,0.01273358310572803,-5788.126799523183,-5763.412138949171,2930.2169026906186,-5788.126799523183,-5763.412138949171,False,False,-5825.247953663234,-5822.866466974357,2936.2169004017996,-5825.247953663234,-5822.866466974357,False,False,-1.0042881994169721,-1.0004089887175645,0.0038792106994076647,,,,-0.40914300199500614,-409.14300199500616,,-14599.736011811523
191,20.208298042067327,1785869759.9538062,0.010275915963575244,-5775.950571568299,-5756.649407036099,2930.2169026906186,-5775.950571568299,-5756.649407036099,False,False,-5816.415077788306,-5811.799782987438,2936.2169004017996,-5816.415077788306,-5811.799782987438,False,False,-1.0033528469718183,-1.000794124879246,0.002558722092572241,2929.8147585907523,-3.4021429147605886,-3402.1429147605886,-0.2698701667290018,-269.8701667290018,-121401.0460591132,-9629.965983763981
192,20.32803179207258,1785869760.0734808,0.010162333957850933,-5778.762025858116,-5761.515759391142,2930.2169026906186,-5778.762025858116,-5761.515759391142,False,False,-5830.238813155241,-5824.30774673717,2936.2169004017996,-5830.238813155241,-5824.30774673717,False,False,-1.0029933557742794,-1.0010183298472497,0.0019750259270296944,2931.111992661903,-2.104908843609792,-2104.908843609792,-0.20830733348061378,-208.30733348061378,-75110.9350417425,-7433.176330310226
193,20.440845083561726,1785869760.1863658,0.01030616695061326,-5788.674493382645,-5775.631766359996,2930.2169026906186,-5788.674493382645,-5775.631766359996,False,False,-5846.189065317725,-5835.911712565333,2936.2169004017996,-5846.189065317725,-5835.911712565333,False,False,-1.0022582338262311,-1.001761053500906,0.0004971803253250862,2932.779597832774,-0.4373036727388353,-437.3036727388353,-0.052437948489814486,-52.43794848981449,-15604.612929590183,-1871.180006059609
194,20.584747896064073,1785869760.330197,0.010169042041525245,-5776.421750160467,-5760.5940841152915,2930.2169026906186,-5776.421750160467,-5760.5940841152915,False,False,-5819.165117523001,-5818.692812605068,2936.2169004017996,-5819.165117523001,-5818.692812605068,False,False,-1.0027475753045714,-1.0000811702788142,0.0026664050257572125,,,,-0.2812275592402269,-281.2275592402269,,-10035.239767350375
195,20.69550270854961,1785869760.4408362,0.009940417017787695,-5792.2271785310395,-5772.15598159978,2930.2169026906186,-5792.2271785310395,-5772.15598159978,False,False,-5832.498112602011,-5835.4287938991965,2936.2169004017996,-5832.498112602011,-5835.4287938991965,False,False,-1.0034772443771862,-0.9994977779010431,0.003979466476143112,,,,-0.4197170472426994,-419.71704724269944,,-14977.05706689621
196,20.804995187558234,1785869760.5505862,0.010451375041157007,-5795.304130879971,-5778.441388269095,2930.2169026906186,-5795.304130879971,-5778.441388269095,False,False,-5843.850464590274,-5844.348395329645,2936.2169004017996,-5843.850464590274,-5844.348395329645,False,False,-1.0029182164320485,-0.9999148013250255,0.0030034151070229553,,,,-0.31677224269159754,-316.7722426915975,,-11303.60557706243
197,20.90954458352644,1785869760.655988,0.012165416963398457,-5776.545939419874,-5763.6178485191185,2930.2169026906186,-5776.545939419874,-5763.6178485191185,False,False,-5821.541339364857,-5817.610439526851,2936.2169004017996,-5821.541339364857,-5817.610439526851,False,False,-1.0022430513681746,-1.0006756897662479,0.00156736160192672,2930.6959866101624,-2.5209148953504155,-2520.9148953504155,-0.16531069867438136,-165.31069867438137,-89955.5700596066,-5898.897326376726
198,21.016126584087033,1785869760.76143,0.009889999986626208,-5784.488351621481,-5773.132004768164,2930.2169026906186,-5784.488351621481,-5773.132004768164,False,False,-5835.50560564844,-5826.047016841398,2936.2169004017996,-5835.50560564844,-5826.047016841398,False,False,-1.001967103271489,-1.0016235002532077,0.00034360301828129103,2932.8779640164635,-0.3389374890493855,-338.9374890493855,-0.036240045021516835,-36.240045021516835,-12094.543571559572,-1293.178883154326
199,21.12167025054805,1785869760.8670762,0.010096166981384158,-5790.681896261882,-5776.759116055871,2930.2169026906186,-5790.681896261882,-5776.759116055871,False,False,-5835.044195678087,-5837.033870770548,2936.2169004017996,-5835.044195678087,-5837.033870770548,False,False,-1.0024101368823417,-0.9996591290822511,0.0027510078000906324,,,,-0.29015067163346686,-290.15067163346686,,-10353.649430255025
200,21.225120167073328,1785869760.970436,0.009915250004269183,-5787.798892013327,-5767.933027172419,2930.2169026906186,-5787.798892013327,-5767.933027172419,False,False,-5840.401158419171,-5824.957859828223,2936.2169004017996,-5840.401158419171,-5824.957859828223,False,False,-1.003444191315558,-1.00265122923849,0.0007929620770681378,2932.7639567371175,-0.4529447683953549,-452.9447683953549,-0.08363425186718575,-83.63425186718575,-16162.745089757169,-2984.379527090556
201,21.326497875037603,1785869761.0717828,0.009859750047326088,-5795.516679402145,-5770.868716569368,2930.2169026906186,-5795.516679402145,-5770.868716569368,False,False,-5841.507748265428,-5831.860613748204,2936.2169004017996,-5841.507748265428,-5831.860613748204,False,False,-1.0042711009456873,-1.0016542121213394,0.0026168888243478516,2931.4587263306644,-1.7581751748484749,-1758.1751748484749,-0.2760050516576653,-276.0050516576653,-62738.1949346444,-9848.881375166475
202,21.462212083570193,1785869761.2077398,0.010345667018555105,-5786.655938808571,-5775.140089250237,2930.2169026906186,-5786.655938808571,-5775.140089250237,False,False,-5839.655721796009,-5829.946101415167,2936.2169004017996,-5839.655721796009,-5829.946101415167,False,False,-1.0019940381324721,-1.0016654734386798,0.00032856469379227704,2932.899440447596,-0.3174610579167165,-317.4610579167165,-0.03465394266637838,-34.653942666378384,-11328.18505269471,-1236.5808830423346
203,21.565138875565026,1785869761.310608,0.01023516699206084,-5769.437313934652,-5745.130711862335,2930.2169026906186,-5769.437313934652,-5745.130711862335,False,False,-5809.505947978116,-5799.110544976618,2936.2169004017996,-5809.505947978116,-5799.110544976618,False,False,-1.0042308179380721,-1.0017925857630878,0.0024382321749842895,2931.650637986381,-1.5662635191320078,-1566.2635191320078,-0.2571620128255334,-257.1620128255334,-55890.07704581814,-9176.492036309357
204,21.666672875056975,1785869761.41287,0.011689499951899052,-5796.641374514778,-5786.179342543632,2930.2169026906186,-5796.641374514778,-5786.179342543632,False,False,-5841.1984320078245,-5843.727120457255,2936.2169004017996,-5841.1984320078245,-5843.727120457255,False,False,-1.00180810710346,-0.9995672815658043,0.0022408255376555886,,,,-0.2363413999563437,-236.3413999563437,,-8433.535539407068
