save_id,timestamp_epoch_s,n_channels,rank,condition_number,residual_norm_uT,delta_Bx_uT,delta_By_uT,delta_Bz_uT,status
000000,0.0062973543535918,8,3,9.445315725350884,19.388224964193732,6.902257383467466,5.919642099659754,5.16934007000475,ok
000001,0.0752321872860193,8,3,9.445315725350884,19.171514458703818,5.134172755703397,6.566581464260512,5.4269922661293055,ok
000002,0.1434175833128392,8,3,9.445315725350884,17.89798604209675,6.361127627523186,4.829603016285967,7.12156933136513,ok
000003,0.2123034168034792,8,3,9.445315725350884,11.30514649328381,5.160431686990817,8.378480222990795,1.542277453986736,ok
000004,0.2973448543343693,8,3,9.445315725350884,9.04409110807199,6.128646547513794,7.007795461584097,2.879502428226639,ok
000005,0.4038485002238303,8,3,9.445315725350884,22.777681531234506,5.972426192633364,4.2413757647147445,2.0756408597024563,ok
000006,0.4845584379509091,8,3,9.445315725350884,17.803543706440635,5.185579488151185,3.6738089141194084,1.824839698504049,ok
000007,0.5621807295829058,8,3,9.445315725350884,9.37850143558698,5.284018850519761,-4.288648300493182,1.4717777977024649,ok
000008,0.6663200834300369,8,3,9.445315725350884,24.056312260493737,7.185444729209878,3.502061286981258,3.2619394545422855,ok
000009,0.7461743543390185,8,3,9.445315725350884,9.36966775883599,3.88762352391146,-0.626379421282013,2.0723293534121896,ok
000010,0.8212128963787109,8,3,9.445315725350884,12.835805405732396,3.918604183974914,-0.10423132313469542,2.752199229019479,ok
000011,0.8983752918429673,8,3,9.445315725350884,8.882975995343239,5.048733883427128,-1.0789106886186923,2.218202377523757,ok
000012,0.9796173754148184,8,3,9.445315725350884,16.380897046126847,5.352219614394549,-1.0440035019019926,2.9621057248078415,ok
000013,1.0616580003406852,8,3,9.445315725350884,7.332623601133205,4.605369631005147,0.19357064081386238,2.7249572540052927,ok
000014,1.1412866043392569,8,3,9.445315725350884,18.863807015463742,6.470834271308924,3.9936551760772443,3.5439010138759475,ok
000015,1.2880313333589584,8,3,9.445315725350884,16.21162839421932,2.5978356124897175,0.11385701110974049,2.5809436739523357,ok
000016,1.3669932293705642,8,3,9.445315725350884,10.400106968484408,5.1226689835748305,-2.968649162647511,2.0006261361574027,ok
000017,1.4441301668994129,8,3,9.445315725350884,18.73836624071172,4.2421595439317805,7.603294589413841,2.1962891899641246,ok
000018,1.521255187923089,8,3,9.445315725350884,18.431412638865915,3.6062670421225373,3.373481683257848,1.6352887904663655,ok
000019,1.598089937353507,8,3,9.445315725350884,18.842310030271083,3.2176217853827165,9.482253305007012,4.733961534332391,ok
000020,1.676285833818838,8,3,9.445315725350884,15.418420640791057,4.792482812770723,-1.0918562093544781,0.7081302226917244,ok
000021,1.7540863542817533,8,3,9.445315725350884,21.322705005097703,1.735799723823009,1.483833036007256,3.5248618993658587,ok
000022,1.8312939582392571,8,3,9.445315725350884,18.018292063174357,4.351248845655768,1.3091139745258553,1.810681690097079,ok
000023,1.9106578959617764,8,3,9.445315725350884,11.330882334819817,5.988095355850201,-0.2800284965074353,3.190419423431859,ok
000024,1.9893593129236251,8,3,9.445315725350884,14.645906713025456,7.75634379867448,5.556253460766836,6.096073411415308,ok
000025,2.062177666928619,8,3,9.445315725350884,17.617949278232548,5.347303034853751,-5.151557327813595,4.194667471940909,ok
000026,2.130461312364787,8,3,9.445315725350884,15.357467308837853,4.603956262737288,-5.1284054776370835,3.539109835954783,ok
000027,2.200015250360593,8,3,9.445315725350884,15.12532542348582,4.962879698490363,-5.636527077457128,4.034827678861836,ok
000028,2.3044002710375935,8,3,9.445315725350884,17.826429390047952,5.565561222163344,2.485123461607157,3.0570610539769003,ok
000029,2.374574416782707,8,3,9.445315725350884,20.204808798527168,4.6857434751956895,1.336015808251819,0.47016758261717634,ok
000030,2.4447386043611914,8,3,9.445315725350884,35.11686104951707,4.810395684386131,-2.399982369695678,3.5403308342744833,ok
000031,2.51394020835869,8,3,9.445315725350884,12.79007142839629,-1.1984062183109232,1.9053945885513113,2.574342590617404,ok
000032,2.5837207918521017,8,3,9.445315725350884,13.637517430528723,-0.4590556811351252,0.2636123421619254,3.7819604054822977,ok
000033,2.6529839378781617,8,3,9.445315725350884,13.721476701563578,5.596185426652226,1.0366432908027459,5.180035296430485,ok
000034,2.721783104352653,8,3,9.445315725350884,13.436202572277967,6.401706685699268,-0.10371899837812154,6.2925602005587375,ok
000035,2.7906151458155364,8,3,9.445315725350884,13.97413127005505,5.247343411393369,-1.5904271453720948,6.507449141878086,ok
000036,2.8601127918809652,8,3,9.445315725350884,14.116825898847218,5.67155961117987,-2.190982563696431,7.09334440124773,ok
000037,2.9294030629098415,8,3,9.445315725350884,21.865534615289146,3.167657343845468,5.86035053037081,8.626002878790397,ok
000038,3.0027291253209114,8,3,9.445315725350884,30.012033348159164,4.693584980961383,0.8816573549213355,2.932064177283572,ok
000039,3.071943875402212,8,3,9.445315725350884,22.984200748533745,4.139448526234024,-4.035707082680505,2.7269018705806394,ok
000040,3.145671291742474,8,3,9.445315725350884,24.507477857749574,2.453176384963308,-4.3829643181389635,0.31454483558364765,ok
000041,3.256730312947184,8,3,9.445315725350884,21.22275010323412,5.706043618334469,1.9618814249739254,1.4170651416587912,ok
000042,3.3300387708004564,8,3,9.445315725350884,16.458369339769273,6.062083237207206,-0.21769496966311938,2.5022900707402482,ok
000043,3.4013783128466457,8,3,9.445315725350884,18.423463945999472,4.701426486727077,1.1027299886687834,3.7460431173597706,ok
000044,3.4723326042294502,8,3,9.445315725350884,22.42139268586416,4.6567296620482,12.898085040415264,2.5397038940692314,ok
000045,3.543008604319766,8,3,9.445315725350884,25.62942159642381,4.779849205613055,-12.315770001791124,3.0941439931359724,ok
000046,3.6180382089223713,8,3,9.445315725350884,22.73958299213667,1.2509322452256781,0.726671419039925,-2.4946494219444055,ok
000047,3.6966469374019657,8,3,9.445315725350884,20.28876373144468,2.2761670627217154,4.358694815869499,1.673507439975653,ok
000048,3.7733488753438,8,3,9.445315725350884,14.741102219465118,4.085756295313368,5.454406961165937,2.8070673005902433,ok
000049,3.849459500517696,8,3,9.445315725350884,11.826418273433339,5.486742880716121,-0.995447200175257,3.093748074452996,ok
000050,3.927022937918082,8,3,9.445315725350884,16.40296434827826,5.413440636673345,5.879271020667978,2.0249257713552664,ok
000051,4.007173562888056,8,3,9.445315725350884,15.489539682661851,3.716538186839174,-2.723019892281435,3.4160924699289894,ok
000052,4.114056874997914,8,3,9.445315725350884,12.357399180625247,3.439383257009254,3.2250013030844022,3.869328608288577,ok
000053,4.193194292020053,8,3,9.445315725350884,19.010429455231964,4.9091989476251605,-1.4960485075353536,2.268756210461712,ok
000054,4.268193333875388,8,3,9.445315725350884,7.497543380861331,6.596753971984719,2.566186232732503,2.0684444337714,ok
000055,4.343586729373783,8,3,9.445315725350884,14.583447586837877,5.89958302698251,-0.9110165544063862,4.997076565434604,ok
000056,4.418797291815281,8,3,9.445315725350884,13.449192477018052,6.66339258853265,-0.3433570302138365,5.685212621930494,ok
000057,4.492842125007883,8,3,9.445315725350884,11.990676820995757,4.460704560528636,6.87523168302948,2.395468759425413,ok
000058,4.5670609378721565,8,3,9.445315725350884,9.007896852325883,5.5488725927340505,-0.37407621297948396,5.075319074713789,ok
000059,4.640375021379441,8,3,9.445315725350884,17.01489269230846,4.495637912444551,5.123488039919166,2.083366938855133,ok
000060,4.713828770909458,8,3,9.445315725350884,12.11609105404335,3.922261549762221,3.5330068319479797,2.8898674712787775,ok
000061,4.788046937901527,8,3,9.445315725350884,21.49549763931503,4.72350000837469,0.8957523963924529,4.201930644077566,ok
000062,4.862775771180168,8,3,9.445315725350884,10.472900080784932,4.596545767353197,2.5762500311673744,2.7040236463587624,ok
000063,4.937605416867882,8,3,9.445315725350884,12.302419251641677,4.126451265701041,-6.429005161810527,1.049255792957282,ok
000064,5.048923229333013,8,3,9.445315725350884,13.224727930919993,6.390015851172677,6.842765163080115,3.7070581110049163,ok
000065,5.124546312959865,8,3,9.445315725350884,15.467130577840853,5.373148692959589,5.7022067655676425,5.607187670962872,ok
000066,5.198602166725323,8,3,9.445315725350884,10.221966757137277,5.565202610018208,-2.2836029782596747,2.2670431622078278,ok
000067,5.274430833756924,8,3,9.445315725350884,14.975136571182688,4.563509216232931,0.890298213245427,3.081283133272354,ok
000068,5.349152583396062,8,3,9.445315725350884,9.134481052945812,4.3284814339741775,1.4404618809909622,1.6214685913992413,ok
000069,5.424937250325456,8,3,9.445315725350884,17.918562602061623,4.602070609443457,5.364872764365554,2.686722361836461,ok
000070,5.500573521014303,8,3,9.445315725350884,12.616758251928319,6.380460672573763,5.915456655245934,4.0122788368905615,ok
000071,5.576132625341415,8,3,9.445315725350884,9.333497249861184,3.6171338518197222,-7.1268678673559185,1.836912072257608,ok
000072,5.650922479340807,8,3,9.445315725350884,13.429552675556113,5.477411533604105,-4.303013131111942,0.6358361814925414,ok
000073,5.725652854191139,8,3,9.445315725350884,15.947045243583178,5.492755104273263,3.6470525776058853,0.740974228367992,ok
000074,5.8054736878257245,8,3,9.445315725350884,16.214164685188138,2.7042384108564512,1.1667899231417385,-1.665732680709562,ok
000075,5.909408416831866,8,3,9.445315725350884,12.496951271954464,5.593145889541802,-1.4330883439002728,2.6095171205796213,ok
000076,5.9861515001393855,8,3,9.445315725350884,18.542807641684146,3.8345790881760538,-2.852888147856049,2.157714569050574,ok
000077,6.071224874816835,8,3,9.445315725350884,9.871356875897911,4.177636367833484,-0.6519367587122581,2.3502589582832565,ok
000078,6.152512791799381,8,3,9.445315725350884,6.9110196602418945,4.597030256434438,-2.826738622921728,1.4214359058846247,ok
000079,6.229041520738974,8,3,9.445315725350884,15.549523468380773,6.029125620433,2.4972561926528978,3.863728246376907,ok
000080,6.3076099378522485,8,3,9.445315725350884,12.362147640124888,3.8263616712439106,-0.4140321713867455,3.0745609976825725,ok
000081,6.385598062770441,8,3,9.445315725350884,14.72142477915291,3.3936581752794748,2.0842470251457788,2.8986859416060664,ok
000082,6.464656895957887,8,3,9.445315725350884,10.868050301688605,4.273380474067096,2.9116727519864694,2.5746176644316248,ok
000083,6.5428299168124795,8,3,9.445315725350884,15.02116055349063,5.990988453106712,-2.345920515009947,4.276933865194069,ok
000084,6.622745520900935,8,3,9.445315725350884,15.558650688544617,5.930358216759506,-0.7889498336886205,1.1703229653542706,ok
000085,6.728451000526547,8,3,9.445315725350884,11.553615623579365,3.927439622408823,1.524708999534016,6.164483186251353,ok
000086,6.807546416763216,8,3,9.445315725350884,6.703063362943674,6.740512132385264,3.79429756015336,2.476240893730659,ok
000087,6.891924749827012,8,3,9.445315725350884,13.014635854111116,5.630210097062862,1.6562649567458674,4.59517517158599,ok
000088,6.970287937670946,8,3,9.445315725350884,16.309481434498796,6.369045424532142,2.278724203030622,4.317457267675734,ok
000089,7.048205313039944,8,3,9.445315725350884,10.35597498831424,5.792033187953167,2.1718918396969245,5.598975635959608,ok
000090,7.142782166833058,8,3,9.445315725350884,13.298233144528878,5.445098619322333,0.05608076409812507,6.250413071741038,ok
000091,7.223197354469448,8,3,9.445315725350884,11.097029063453094,3.6334867497049332,3.1803342273162696,3.558393448435086,ok
000092,7.306534395786002,8,3,9.445315725350884,16.661725136430803,6.828720078071313,-3.524695022069025,4.87899571859543,ok
000093,7.385118979262188,8,3,9.445315725350884,24.327905110105622,6.858320479227852,5.516605477758507,3.9903169119677373,ok
000094,7.461557645816356,8,3,9.445315725350884,16.154193391998053,5.957660751739529,3.4939053764558547,2.92088302432061,ok
000095,7.568527729250491,8,3,9.445315725350884,12.696425966358918,4.675893685821995,1.7380782022600656,0.970905318542278,ok
000096,7.646515520988032,8,3,9.445315725350884,13.862811227986723,5.659523703411861,4.868701412058992,5.972901225414873,ok
000097,7.725411646533757,8,3,9.445315725350884,22.241625303257646,5.497948868387227,-1.0940936619683403,1.5187232630944958,ok
000098,7.807281937915832,8,3,9.445315725350884,21.247369001299745,2.8706309506417726,-4.193035904128281,2.467339778615357,ok
000099,7.888411979423836,8,3,9.445315725350884,17.123189065444983,4.8438433589017125,7.562241794925861,1.9945101612950065,ok
000100,7.967676312895492,8,3,9.445315725350884,8.600323546079228,4.443474797254195,-3.351751978867055,3.617340119809432,ok
000101,8.049710354302078,8,3,9.445315725350884,9.675960645513605,5.433381774227029,-7.037410951880711,1.0322502416870194,ok
000102,8.128813771298155,8,3,9.445315725350884,15.807725796869082,5.012844482503563,-1.4850798873287516,6.200333398469926,ok
000103,8.207661979366094,8,3,9.445315725350884,19.161551107614052,6.819003195205656,2.4439632435874916,3.386428480468528,ok
000104,8.306007687235251,8,3,9.445315725350884,22.211603851272088,6.310390334859314,3.6036587397554114,5.001953134669324,ok
000105,8.399714666884392,8,3,9.445315725350884,16.503493899174476,4.753749741559384,-2.271063175460293,0.8613114222416346,ok
000106,8.47957260441035,8,3,9.445315725350884,12.714080196399209,5.026827784839317,2.5380589893849415,4.221937792268227,ok
000107,8.557502104435116,8,3,9.445315725350884,17.756221803927772,6.24115416381808,2.8410074485618058,4.889866856356819,ok
000108,8.635399229358882,8,3,9.445315725350884,10.84270249732473,5.213527113879186,-2.2820747752193227,5.308651906506435,ok
000109,8.712715562898666,8,3,9.445315725350884,7.332554409351296,5.922369902272639,2.5735916187416654,4.795760032144385,ok
000110,8.791418896289542,8,3,9.445315725350884,23.580167423147735,5.331571946406036,0.5893239576288565,4.046829293699131,ok
000111,8.867135812994093,8,3,9.445315725350884,17.185587861303272,4.290969325237755,6.317399110471467,-0.609982422599058,ok
000112,8.943876083474606,8,3,9.445315725350884,17.929670039050517,2.5597278360775086,-2.187587129021489,-1.4749408756601368,ok
000113,9.02055385429412,8,3,9.445315725350884,15.387285149220693,5.8080322353035765,4.232496395991491,2.7752129887417376,ok
000114,9.125806229421867,8,3,9.445315725350884,14.953955670170394,5.478820151395504,4.248580902183582,2.478868243638151,ok
000115,9.203595729311928,8,3,9.445315725350884,12.783511636824556,4.899930348026766,7.877945166774003,1.37865011383411,ok
000116,9.282056104391812,8,3,9.445315725350884,15.101660831797242,4.355946200414433,1.9955059497349337,4.150488647491483,ok
000117,9.36094449972734,8,3,9.445315725350884,8.757787895684656,3.5044526927952133,-3.241660101908735,0.9002255112288802,ok
000118,9.438418625388294,8,3,9.445315725350884,16.125273166161428,4.763428963216451,2.114114974836511,5.566268121567149,ok
000119,9.516008916776627,8,3,9.445315725350884,18.66162141805714,3.687198491684951,3.7265517246292226,2.8526870283060446,ok
000120,9.591290479293091,8,3,9.445315725350884,16.29565714381272,5.122418751618608,6.565040975960558,1.3264967142135429,ok
000121,9.668986437376589,8,3,9.445315725350884,10.454788394517243,3.669259901505669,1.401656679017471,3.026309392877169,ok
000122,9.746673833345994,8,3,9.445315725350884,13.005405755203252,3.533146498177983,-0.4592680120572821,3.278616250707097,ok
000123,9.860136250499636,8,3,9.445315725350884,9.161667099812366,4.0658149126501275,-0.931879089931711,2.376423947604723,ok
000124,9.974504249868914,8,3,9.445315725350884,13.040357755370158,4.498191952634272,2.5013885163725047,1.6037995482357632,ok
000125,10.086466708919032,8,3,9.445315725350884,13.466963597946487,5.066961993825947,0.06739996197721326,5.042137469333142,ok
000126,10.16620693798177,8,3,9.445315725350884,12.02390290228637,4.932099982290508,-1.492295854453123,3.6874395047731694,ok
000127,10.245021812384948,8,3,9.445315725350884,11.437728826144568,3.58348954584691,5.522477629452724,1.1222599179832107,ok
000128,10.334329291945323,8,3,9.445315725350884,11.327735568127565,3.834671151125522,0.5069356109525038,-1.0769959536100475,ok
000129,10.41532020876184,8,3,9.445315725350884,6.311929060965533,4.412574469565406,2.707823987731441,2.222161158242053,ok
000130,10.495921041816471,8,3,9.445315725350884,24.282995407304472,6.40590765015044,7.587846206250567,3.3092624138628195,ok
000131,10.573259208351374,8,3,9.445315725350884,13.231303761878445,4.324296742166176,-7.487269184291214,3.7741514741795257,ok
000132,10.664615583373234,8,3,9.445315725350884,17.460770267107936,6.761547030495756,3.928733711154103,4.107164665601484,ok
000133,10.8023318964988,8,3,9.445315725350884,22.59403799961313,3.4045944370208994,4.1024150533795165,0.1187804972873507,ok
000134,10.88346239598468,8,3,9.445315725350884,13.031173701161471,4.94099888790445,5.481286692511949,3.927501907967689,ok
000135,10.961154020857066,8,3,9.445315725350884,14.88230083663369,5.606520524021103,2.1404385583983436,4.709342265427289,ok
000136,11.039901500334963,8,3,9.445315725350884,21.1641219783306,5.110850194705423,-1.6856318770865586,4.94977839267767,ok
000137,11.117616208270192,8,3,9.445315725350884,21.73751660277507,4.7457042657315975,-0.3941751457483028,3.006823602303768,ok
000138,11.197213104227558,8,3,9.445315725350884,12.772845969183965,3.9316608122482366,-4.560469279597437,1.3129772579229908,ok
000139,11.278389979386702,8,3,9.445315725350884,20.792852401451583,4.58037587594306,4.280302147276759,-0.4041643082571004,ok
000140,11.362152458401397,8,3,9.445315725350884,16.20086542049174,5.448060492072346,0.49568524594695684,1.2076958003460778,ok
000141,11.44427577103488,8,3,9.445315725350884,13.418222043172321,5.3421460618306496,-4.663689323076363,2.7296605760266512,ok
000142,11.52386529184878,8,3,9.445315725350884,10.893381470253875,3.814602429673951,0.16656574380624795,3.8885835024917412,ok
000143,11.60264068795368,8,3,9.445315725350884,15.762592099411117,4.209976427299076,2.6870638765885437,3.891739867954316,ok
000144,11.714461104478689,8,3,9.445315725350884,11.788428634530042,4.098565039863429,2.87940267281072,1.615066290012773,ok
000145,11.794131958391516,8,3,9.445315725350884,17.51835894259368,3.8303325733170914,1.2047102355951924,3.983683792286477,ok
000146,11.874238916905597,8,3,9.445315725350884,17.360783938499576,4.933937013797151,1.6642450827405748,4.2878668231665324,ok
000147,11.952929833671078,8,3,9.445315725350884,12.45630223174754,4.629379351454629,-4.125784078549455,2.4181754925408856,ok
000148,12.03227416682057,8,3,9.445315725350884,16.069998612741504,3.9964954732079354,-0.33816482366371203,1.1696573516015318,ok
000149,12.11229154188186,8,3,9.445315725350884,14.93732033545025,4.612135787567949,-0.21095587732283275,1.7608965704593444,ok
000150,12.192316041793674,8,3,9.445315725350884,15.229434762560398,5.633081676280634,3.824346160181896,2.954454460655435,ok
000151,12.27784693799913,8,3,9.445315725350884,7.8612212645385,4.823235979820788,-3.046820480989578,3.801291215967303,ok
000152,12.363127938006071,8,3,9.445315725350884,12.507259405884907,5.422020203720554,4.720765148967686,2.107358621760087,ok
000153,12.477117729373276,8,3,9.445315725350884,9.851376916415282,5.30170177611051,-4.229418681912995,3.0415622577917105,ok
000154,12.557292354293168,8,3,9.445315725350884,8.103789553925985,5.604665196805868,-7.801931479052957,5.904392758961997,ok
000155,12.63949791691266,8,3,9.445315725350884,10.149172104958053,2.391462100198115,4.8853085941443934,1.0273040499594694,ok
000156,12.720048520946875,8,3,9.445315725350884,14.423769762328105,5.695431514860646,3.2831183341342878,4.719976749884329,ok
000157,12.802811041707171,8,3,9.445315725350884,11.571559491586614,3.5238327349563345,-5.903023614693064,1.2429605816849607,ok
000158,12.883155354531482,8,3,9.445315725350884,17.469333135184193,5.763210662569348,-1.318716394904285,4.272545443555929,ok
000159,12.963674271013588,8,3,9.445315725350884,12.245341016974136,4.700988589648922,7.769343224390853,5.143512574145456,ok
000160,13.043818271020427,8,3,9.445315725350884,5.473862719662699,5.287728743114484,0.6209406164105298,1.9766913325552902,ok
000161,13.12424583383836,8,3,9.445315725350884,10.188818484483873,5.485975329290976,-5.333656058339663,2.6161708102175267,ok
000162,13.233253208454698,8,3,9.445315725350884,13.459653598565096,5.903142648022339,4.704165102577618,5.089237204088181,ok
000163,13.318492396268994,8,3,9.445315725350884,14.844033348592836,4.509404011762589,-2.8508024401402294,1.2543102769336745,ok
000164,13.40160522935912,8,3,9.445315725350884,16.83883108385519,4.878205063639764,3.0300789848295517,2.2511926751511053,ok
000165,13.485333937918767,8,3,9.445315725350884,13.644594569079974,7.03920042254001,1.7388953732683323,2.8604928170414214,ok
000166,13.56732299970463,8,3,9.445315725350884,17.759556195597153,3.8366420500962795,-2.3633030662651753,0.3187174293872697,ok
000167,13.64953187527135,8,3,9.445315725350884,15.895532259856397,5.402320660198954,4.232656783330345,5.30254491989362,ok
000168,13.745595479384065,8,3,9.445315725350884,16.040845849859746,4.10153096145428,2.034949690197753,-0.33172783853356635,ok
000169,13.830034812912343,8,3,9.445315725350884,21.245831700316877,4.924471176933382,3.438567615694861,3.6823896130494593,ok
000170,13.911676375428216,8,3,9.445315725350884,11.30477689196967,5.105796381119655,-4.63298542398444,4.216602026096427,ok
000171,14.022097416920587,8,3,9.445315725350884,14.31365737016909,5.329561776598969,1.6922282017370762,4.799165933294816,ok
000172,14.105767687549816,8,3,9.445315725350884,27.38574666544793,3.747849285221567,3.6512429061497307,-0.8349512348635204,ok
000173,14.188410250470042,8,3,9.445315725350884,12.787117748242098,4.623509390175017,-4.58988335291732,3.6018544032753215,ok
000174,14.270587416831404,8,3,9.445315725350884,17.948499074911506,6.1677773734651815,6.321584132795608,0.5321882774581004,ok
000175,14.354314270894974,8,3,9.445315725350884,17.40069283878827,5.560038834284275,1.4798413911619612,2.3790913323850114,ok
000176,14.436801416799426,8,3,9.445315725350884,11.568091868196321,4.65307995171667,4.937513433041121,3.216483143578694,ok
000177,14.519102333346382,8,3,9.445315725350884,20.255741276920542,4.375107715826935,-4.453407622949749,2.3896225897134675,ok
000178,14.600876541808248,8,3,9.445315725350884,12.623577066621587,5.059968799324731,1.9294186635103274,0.7398015884828943,ok
000179,14.713582354364917,8,3,9.445315725350884,10.007784751525364,2.987996544988539,9.667646201571692,1.670126434347544,ok
000180,14.812754812883211,8,3,9.445315725350884,18.437005231182006,4.8943755326195975,4.641500251527227,2.5852960157188,ok
000181,14.926614770898595,8,3,9.445315725350884,17.982618234767678,5.495748271646013,-2.834121928092369,5.296019566435181,ok
000182,15.01745885447599,8,3,9.445315725350884,20.090872586881673,4.669768664490266,-4.881368497995398,0.7389678853796421,ok
000183,15.111336583271624,8,3,9.445315725350884,14.404238868074497,3.7461016676845578,-2.00800946883606,4.5899048798413755,ok
000184,15.19416914647445,8,3,9.445315725350884,14.891461583905352,7.10414056768773,1.8491000790945666,4.293073552851549,ok
000185,15.277243645861745,8,3,9.445315725350884,20.83841814369404,3.6231600048800643,6.381483045620663,6.057260481613204,ok
000186,15.362288708798587,8,3,9.445315725350884,8.72138100787476,5.147867099790559,3.7645626455059773,1.926861215464821,ok
000187,15.473472124896944,8,3,9.445315725350884,11.534081759445646,5.767764363279706,1.0482651373298522,1.8860119862475848,ok
000188,15.556478125276044,8,3,9.445315725350884,20.649169568105638,6.829429392791238,9.544744033994183,4.541894894538424,ok
000189,15.65252362471074,8,3,9.445315725350884,22.096535738328363,5.444738657296508,-2.5139790641542437,1.3354196328142716,ok
000190,15.734457979211584,8,3,9.445315725350884,22.123350176340377,4.153539634686021,1.773565960387673,2.4249283500426637,ok
000191,15.813443083316088,8,3,9.445315725350884,12.029967556957926,4.068128523108573,-5.609565722445404,1.5279729020216686,ok
000192,15.893043000251057,8,3,9.445315725350884,19.277666880197692,4.797612792325245,6.884734130797589,2.9099030104234003,ok
000193,15.9717730213888,8,3,9.445315725350884,13.802649527187171,4.377573367233614,5.554996395169006,0.24831425451749586,ok
000194,16.05152750038542,8,3,9.445315725350884,12.319690883818787,4.765742218786331,7.926925435734942,2.756395323808041,ok
000195,16.162086062831804,8,3,9.445315725350884,15.623513101261524,4.276584711534331,7.5232745142085395,3.11631715830245,ok
000196,16.24334297934547,8,3,9.445315725350884,18.21777951459134,3.284685724106867,0.4875217099050721,2.1615050463504377,ok
000197,16.327476875390857,8,3,9.445315725350884,13.392616941185446,3.8973034630544805,-5.1132642185075134,0.5166469406628369,ok
000198,16.410425750305876,8,3,9.445315725350884,17.10092569693292,5.1575519985052765,7.62405217927367,2.463461415961066,ok
000199,16.48852741671726,8,3,9.445315725350884,16.106870848777536,3.576335001081504,-1.123380359313776,3.069574692886875,ok
000200,16.567207416985184,8,3,9.445315725350884,16.4987497202594,5.836862120506045,1.9525506783759556,4.564577527354247,ok
000201,16.64470489602536,8,3,9.445315725350884,10.709697005913638,3.9182920655198727,3.0238143953218746,3.9530188799071193,ok
000202,16.729455520864576,8,3,9.445315725350884,14.987088577971694,4.393507859888917,2.4359075134299615,1.6614240686192212,ok
000203,16.808476354228333,8,3,9.445315725350884,20.291601380600063,3.642866130271419,4.182173429515574,1.925210818936136,ok
000204,16.915643708314747,8,3,9.445315725350884,16.16432038972362,5.032086139532518,5.710995258980962,2.1812621829849417,ok
000205,16.994799312436953,8,3,9.445315725350884,15.862069666982553,6.362665315960389,5.433564173817183,3.617732606527514,ok
000206,17.073229354340583,8,3,9.445315725350884,8.628973430269442,8.235979750715881,0.5087356226481771,3.1553226267149643,ok
000207,17.1517935837619,8,3,9.445315725350884,19.43152051455558,3.5961990954946197,4.943063256689331,0.39655716765470517,ok
000208,17.23010000027716,8,3,9.445315725350884,14.944441862494354,6.638172436821953,0.91366854602918,2.327626412388408,ok
000209,17.310463916976005,8,3,9.445315725350884,14.360538287617631,6.559642071321052,5.150990491795617,4.277053749387541,ok
000210,17.39105318719521,8,3,9.445315725350884,17.207818112507404,4.351161614363312,-1.6842068999666209,3.0190838036385195,ok
000211,17.474274208769202,8,3,9.445315725350884,13.170658597542863,4.168827019671764,1.8047690013094315,1.85883284346527,ok
000212,17.582759083947167,8,3,9.445315725350884,9.378054710271263,5.647573087439414,6.00668446706784,4.497832876605212,ok
000213,17.66106208320707,8,3,9.445315725350884,17.09324054612255,1.9429117498757573,-2.8250699245978748,1.7097902472565285,ok
000214,17.739837520988658,8,3,9.445315725350884,14.484165082468056,4.812739401106516,6.282114740794125,4.430587746142694,ok
000215,17.819530833279714,8,3,9.445315725350884,14.378542872011465,4.590908066353056,-5.563423812142219,3.4848771900327042,ok
000216,17.903336958261207,8,3,9.445315725350884,14.469804343840366,6.792231189675742,3.0863608957086566,3.6337354005089386,ok
000217,17.983146958518773,8,3,9.445315725350884,21.19905595298519,4.423281171087715,5.273371316679108,5.8039091743842155,ok
000218,18.06204400025308,8,3,9.445315725350884,12.528752347852198,4.536564823739483,0.2137640939607556,1.4325836743724718,ok
000219,18.143877500435337,8,3,9.445315725350884,13.487824905917485,4.549943175460079,-2.5131036985542603,2.946883297414677,ok
000220,18.250177312875167,8,3,9.445315725350884,12.887780406232082,2.6747415055534782,-1.4894212709740626,1.3158088489441917,ok
000221,18.33370245900005,8,3,9.445315725350884,16.102655986673554,4.862282243014937,2.953301980056901,2.6074637121510738,ok
000222,18.415339374681935,8,3,9.445315725350884,20.03244061359698,4.602897961029216,2.0233970269663137,2.33159892824205,ok
000223,18.495653312886137,8,3,9.445315725350884,19.345352604028477,3.6319884362748756,5.477193575402832,2.7961058304159274,ok
000224,18.574424479389563,8,3,9.445315725350884,12.16642346003476,5.3637763555949824,4.619464916349294,3.3733006674715105,ok
000225,18.65551291685551,8,3,9.445315725350884,12.774751829159817,5.650931198240795,0.5416498545359862,2.983858525020345,ok
000226,18.740704604424536,8,3,9.445315725350884,6.629812007107948,6.269175007776768,-5.571671625929074,4.41586532523978,ok
000227,18.820900874910876,8,3,9.445315725350884,8.774404397417566,4.767779889441676,4.261388947278314,2.579966639468661,ok
000228,18.901477583451197,8,3,9.445315725350884,14.186754070371789,5.610020361543144,5.095593999326017,1.30735892110022,ok
000229,19.011110541876405,8,3,9.445315725350884,11.134440472711812,3.409734861628572,1.8952488900953266,2.4036402198297875,ok
000230,19.089949062792584,8,3,9.445315725350884,12.091880016191654,3.706834482447894,-4.317230450461385,3.827489009412591,ok
000231,19.16997641697526,8,3,9.445315725350884,10.372637729139363,6.56180647515279,3.254069346493602,4.416101307201437,ok
000232,19.24898206279613,8,3,9.445315725350884,10.584104148478009,5.281179359232692,1.2544135131330756,1.6106559993553187,ok
000233,19.329860646044835,8,3,9.445315725350884,17.595000980558186,5.279444378261521,2.0651692882215795,1.0323204014315022,ok
000234,19.41005497938022,8,3,9.445315725350884,17.269858896112886,6.985079721432653,5.8256941081804685,3.201622648170998,ok
000235,19.488564625149593,8,3,9.445315725350884,17.50629374842977,6.366132753869913,2.289938818882778,4.88424481408322,ok
000236,19.56726077129133,8,3,9.445315725350884,8.96072675756141,4.49747059452249,3.3206502771251234,3.924984475004303,ok
000237,19.68463241681457,8,3,9.445315725350884,10.630826190323143,5.426429946927377,-1.143347532546082,4.599678403615016,ok
000238,19.765040333848447,8,3,9.445315725350884,16.281493824315604,4.501245926237944,-1.59730738831944,0.6136571465480791,ok
000239,19.85077914595604,8,3,9.445315725350884,9.40303968073894,3.390878415611667,-9.95028393048895,1.6887539491984072,ok
000240,19.93220897950232,8,3,9.445315725350884,3.462674680668647,4.151590635381087,-3.910351698298546,0.8167030320969052,ok
000241,20.01339481282048,8,3,9.445315725350884,11.543287939360907,4.220837028544982,0.9188384406395552,2.069122922361629,ok
000242,20.09259418770671,8,3,9.445315725350884,14.134219437273002,5.978452453616395,3.1791815900757934,2.3376872550748726,ok
000243,20.185907812789083,8,3,9.445315725350884,20.482770005786172,4.302969459159746,8.140902879592963,2.45293410893248,ok
000244,20.26605858327821,8,3,9.445315725350884,10.047556295531143,5.08668739345082,-1.508046270109681,2.7122303977268936,ok
000245,20.38057762524113,8,3,9.445315725350884,16.215658711702616,6.538363344092154,2.1549275450194783,4.77947530570238,ok
000246,20.46051943791099,8,3,9.445315725350884,15.133719867217279,5.039814218181571,0.5444502435453151,3.989857518774424,ok
000247,20.538384270854294,8,3,9.445315725350884,15.322583941128702,4.644384796820785,0.8493826054570873,-0.8721879586630743,ok
000248,20.614873208338395,8,3,9.445315725350884,18.129783978751657,4.200615333259182,2.831066998339459,2.7379079651197813,ok
000249,20.696879000402987,8,3,9.445315725350884,10.398684265749932,5.646992359425655,-0.9290635896070953,3.4111664747381507,ok
000250,20.77301631285809,8,3,9.445315725350884,18.58920129410869,5.946732630574404,-0.5844217919513152,3.2048538386205694,ok
000251,20.878713937243447,8,3,9.445315725350884,15.18732684730215,5.8455889916877535,5.13458700567309,2.4751551858776697,ok
000252,20.985428979387507,8,3,9.445315725350884,15.844375904746578,5.6687529312395135,0.027722432269545235,4.557753613236708,ok
000253,21.060303249862045,8,3,9.445315725350884,18.885148836014384,7.025067623145046,8.530000759827821,5.99810346080427,ok
000254,21.13627427141182,8,3,9.445315725350884,13.267899734885251,4.643400496449404,4.488874203165061,3.4030311131691438,ok
000255,21.213987146271393,8,3,9.445315725350884,18.8110223628342,5.549338399500984,4.681748906215585,6.3269317149661335,ok
000256,21.290577937383205,8,3,9.445315725350884,18.884447130342306,6.2460997293857625,-4.130887335950816,4.414393447638769,ok
000257,21.37171947932802,8,3,9.445315725350884,24.541642298961552,2.528869697522922,8.0706552746831,2.535213372014722,ok
000258,21.449492062907662,8,3,9.445315725350884,6.3392867664503925,6.360301102995102,0.27002976868668827,3.3671149873550044,ok
000259,21.544252541847527,8,3,9.445315725350884,17.15756540501532,4.793450536204261,-2.0066031127313253,3.5581518691917062,ok
000260,21.627389854285862,8,3,9.445315725350884,8.01568175706596,4.5594023743204435,2.4159371853991543,3.4025625342562815,ok
000261,21.702956875320524,8,3,9.445315725350884,19.328222841677565,6.366925039672932,4.646493174725168,5.525354296284625,ok
000262,21.77731968741864,8,3,9.445315725350884,9.78830336274211,4.92767075283497,-0.6522073233765093,3.507519165688047,ok
000263,21.853850499726832,8,3,9.445315725350884,13.496994634815547,3.640192560743079,-2.1134241549376442,4.6247308952642525,ok
000264,21.9306500419043,8,3,9.445315725350884,21.95294262154012,4.2269833812397675,2.908216191056777,2.016787334462017,ok
000265,22.00705027091317,8,3,9.445315725350884,27.56475428021527,3.590125045135762,6.02905743018403,2.88035778266468,ok
000266,22.08249181229621,8,3,9.445315725350884,12.50409589338661,4.664838702485979,0.9643235745908222,2.6126476817304476,ok
000267,22.19061218737625,8,3,9.445315725350884,11.565645550175606,5.488026450705654,2.731750099783169,3.015129705890144,ok
000268,22.26733489637263,8,3,9.445315725350884,14.610103561708017,4.874883500660199,4.5557720750716015,3.277038570965212,ok
000269,22.34697106294334,8,3,9.445315725350884,12.32113045151355,4.689835524585136,1.455222995980246,1.7953960167891543,ok
000270,22.42592712538317,8,3,9.445315725350884,13.208674069758814,5.656146319752187,4.211581416835747,5.001391039770563,ok
000271,22.5040438962169,8,3,9.445315725350884,18.747116258536288,3.9044398730682546,4.213326541661478,4.301741612016445,ok
000272,22.58164641703479,8,3,9.445315725350884,16.883171924542292,4.772475085757018,2.0784837857970437,4.036461228187014,ok
000273,22.65826427075081,8,3,9.445315725350884,6.022979270313527,3.9710029885999383,-0.8791731775201861,5.091413487026667,ok
000274,22.734633270883933,8,3,9.445315725350884,6.543894773539321,3.6307822748437086,1.6756542722327863,1.8595430442735346,ok
000275,22.841053437674415,8,3,9.445315725350884,11.721049192425058,7.225373609449141,8.414155772457582,3.2211518649560755,ok
000276,22.92197289620526,8,3,9.445315725350884,13.613838133785498,3.673270779210756,1.2971539404732375,0.5377787158857602,ok
000277,22.99969227076508,8,3,9.445315725350884,7.178348451654327,6.141195982909197,0.9428181289000636,2.8762223551814348,ok
000278,23.075044020777568,8,3,9.445315725350884,12.396706078056791,4.18965335642143,-2.4760595302216166,1.9428326632414838,ok
000279,23.151171792065725,8,3,9.445315725350884,3.3662579651055635,3.4725342732658344,-4.323328404586586,1.770767046781801,ok
000280,23.228257146431133,8,3,9.445315725350884,13.22802769876073,4.976791936400936,-6.028763222689745,3.4120679974396317,ok
000281,23.305498271482065,8,3,9.445315725350884,13.964245845327653,7.197487563133745,0.5909446863951551,3.3648418819857584,ok
000282,23.38646597927436,8,3,9.445315725350884,15.856624564128795,6.681467651876303,2.5376391641635583,4.244383095874458,ok
000283,23.494010500377044,8,3,9.445315725350884,25.638266946361682,8.038121606271519,10.160543439395882,5.7644621432820875,ok
000284,23.57082087546587,8,3,9.445315725350884,15.285026611020799,5.54699884482435,3.3302119416119376,2.8880153620285487,ok
000285,23.646469458471984,8,3,9.445315725350884,20.103639086373736,6.637952904023478,0.9801733184158922,4.4047847966951466,ok
000286,23.723994750296697,8,3,9.445315725350884,10.45220058615813,5.926861691998871,-2.2815330053712257,2.197211319257636,ok
000287,23.802412875229493,8,3,9.445315725350884,8.272721405902946,2.496772172874899,-1.5462323529323216,2.234918857318612,ok
000288,23.882420520763844,8,3,9.445315725350884,16.17498346808758,4.401721125777202,-1.2319027049017846,1.0314894406553237,ok
000289,23.96045564650558,8,3,9.445315725350884,13.456319055761544,3.975139172205159,-7.6958927814498965,1.6076779324676813,ok
000290,24.039366479264572,8,3,9.445315725350884,16.83251019117208,5.607347073665834,2.8508674415452204,3.62025060574688,ok
000291,24.141256083501503,8,3,9.445315725350884,13.630500749729034,4.983423881616189,-0.018237227331487124,0.7562204463240106,ok
000292,24.219903270713985,8,3,9.445315725350884,9.526265473282391,3.834828741405384,0.4550053965802459,4.395128036287891,ok
000293,24.307235312880948,8,3,9.445315725350884,12.910128766745432,5.434425596595547,1.6454933644614382,3.9965665441838585,ok
000294,24.38974485429935,8,3,9.445315725350884,11.89861022034061,3.101316780536777,4.402014182181983,1.3862838255781635,ok
000295,24.47038710443303,8,3,9.445315725350884,17.80961551313074,5.805674253661097,-3.1644825454653267,3.587059853931594,ok
000296,24.550763666862625,8,3,9.445315725350884,10.730961269056646,4.143207026348349,-0.8521435561736944,3.090044473630223,ok
000297,24.62940206285566,8,3,9.445315725350884,11.772658891795253,6.017558076439473,-1.7489493728644265,3.639594430117717,ok
000298,24.711232104571536,8,3,9.445315725350884,10.204416706040158,4.953818931259761,-3.0213376195990134,2.505473322559638,ok
000299,24.821937937522307,8,3,9.445315725350884,12.506059908457916,5.773725676692755,3.125300089270735,4.079667291800999,ok
000300,24.926534875528887,8,3,9.445315725350884,18.571359095503055,3.4225153805018333,-1.3674708167553,4.748984553849548,ok
000301,25.006707791937515,8,3,9.445315725350884,18.10432400408309,3.7490688450949383,2.9623125977967453,3.7256658458675704,ok
000302,25.084707479458302,8,3,9.445315725350884,16.725486568712203,3.799833914321982,-0.2556475347885081,2.457932656193833,ok
000303,25.16704906290397,8,3,9.445315725350884,19.912854099683006,4.901895333065415,2.739929167861149,5.177900053753601,ok
000304,25.265893041854724,8,3,9.445315725350884,15.556391062230594,4.534402572581032,-3.5894446020009956,3.9002205952945554,ok
000305,25.347421646350995,8,3,9.445315725350884,14.544946739911234,5.06694428388819,1.17484427625367,1.3757049577832834,ok
000306,25.42812597937882,8,3,9.445315725350884,13.248755604056543,4.713767553236476,1.9373821312782107,4.2025992853609715,ok
000307,25.53828631271608,8,3,9.445315725350884,9.629882712473073,5.562479328325738,-3.5715219275043735,3.931002768702731,ok
000308,25.61556833377108,8,3,9.445315725350884,21.19389923853443,5.6991569500949195,3.988008889997374,2.8227020602284503,ok
000309,25.69390772935003,8,3,9.445315725350884,17.241569697498253,5.255414579658077,6.307441237079202,3.6140460815627264,ok
000310,25.772486958419904,8,3,9.445315725350884,18.268107940470102,5.079654386280376,1.0162800153108997,1.7002519173305357,ok
000311,25.852513250196353,8,3,9.445315725350884,20.05483785231328,2.666245778896967,2.893323819069096,3.976944680981534,ok
000312,25.931361541850492,8,3,9.445315725350884,14.148114674821294,5.779475054689286,-0.29703355843233287,2.5073708942328268,ok
000313,26.011159854242575,8,3,9.445315725350884,19.225696988015944,3.748396697753136,0.670359583435455,4.770630818958812,ok
000314,26.12097829184495,8,3,9.445315725350884,12.434865327737405,6.025720558195287,3.155213103178977,3.9403401963254314,ok
000315,26.202668020734563,8,3,9.445315725350884,10.821447132814894,3.5748632327616745,5.173085799309644,1.629368228094777,ok
000316,26.28012568736449,8,3,9.445315725350884,16.067664659919544,4.992895994757211,-5.6896282872407955,4.712634677894634,ok
000317,26.361451145727187,8,3,9.445315725350884,10.98708785896742,6.502085743960326,-1.3221824906890542,7.03965145065138,ok
000318,26.44442647951655,8,3,9.445315725350884,19.140154112622085,3.8019653008842234,0.757700420491983,2.1254456326932667,ok
000319,26.525450395653024,8,3,9.445315725350884,10.580217687893601,5.948308502076037,2.1553668793154865,4.08526508643312,ok
000320,26.605968354269866,8,3,9.445315725350884,17.140680401703865,5.420005604098202,2.1606739452675394,2.9861992124773127,ok
000321,26.685263375286013,8,3,9.445315725350884,16.561389392156194,5.5235494943901084,1.0338540914388954,1.6579668383893462,ok
000322,26.766900479327887,8,3,9.445315725350884,8.45052998334115,3.5820632283461196,-0.3534767721844374,0.9577688115641197,ok
000323,26.875204937299713,8,3,9.445315725350884,15.473888095047492,3.9483654021142454,0.3318088352718756,1.2041798520200182,ok
000324,26.95405116677284,8,3,9.445315725350884,12.31803595080077,5.587826200034846,0.3948840222611776,2.957103234815182,ok
000325,27.0322102708742,8,3,9.445315725350884,25.52082564072134,4.872515290288462,-3.957511895068308,1.6240975544126106,ok
000326,27.110606791917235,8,3,9.445315725350884,14.691496929798356,4.315263207760738,0.49157106185086114,0.3512683044336992,ok
000327,27.189754333812743,8,3,9.445315725350884,9.380652509710902,5.394946088825185,4.2303031156182485,4.171529743302574,ok
000328,27.267601354280487,8,3,9.445315725350884,25.143602973544464,4.337159921330449,8.671424722728435,2.832128978210823,ok
000329,27.347804583841935,8,3,9.445315725350884,20.26529047155827,5.697756774782433,3.33380422751815,2.4456818705068653,ok
000330,27.428175021428615,8,3,9.445315725350884,16.05019350946473,5.113846958163189,5.450202363011461,2.6508680846922474,ok
000331,27.539551104186103,8,3,9.445315725350884,14.407232779017969,6.827734930726699,-1.7073488287642709,2.7572999628703365,ok
000332,27.618624104419723,8,3,9.445315725350884,6.822294115670185,6.167006310621375,1.4661484163585843,1.5354927429345722,ok
000333,27.706492562778298,8,3,9.445315725350884,20.984889519787746,5.5873030331880305,7.78345675887162,3.8878754523827923,ok
000334,27.784787541721016,8,3,9.445315725350884,17.455338060899415,3.837389926683348,0.3286840203242541,2.6170394913352655,ok
000335,27.863157666986808,8,3,9.445315725350884,10.403412691258183,5.321479498951683,-1.5003132074079264,2.9752079452934073,ok
000336,27.941161999711767,8,3,9.445315725350884,8.654486747728766,5.103664659394762,10.28390962567166,1.2633356090786534,ok
000337,28.0194344795309,8,3,9.445315725350884,16.343181157335845,5.696061308956101,0.580897481688482,6.0891561092628175,ok
000338,28.12298637535423,8,3,9.445315725350884,14.715553412939965,4.674706474807283,-0.35687436061654193,3.0563457909891194,ok
000339,28.202979875495657,8,3,9.445315725350884,9.001049657349373,3.3076408866152467,-2.791480907097503,1.4607382532906705,ok
000340,28.283231062348932,8,3,9.445315725350884,16.001841863627167,4.827881033340741,-0.6554689797171895,3.496891293067266,ok
000341,28.363943666685373,8,3,9.445315725350884,10.66071083609073,4.572209478464402,-1.039363694169231,2.755070415361721,ok
000342,28.445678520714864,8,3,9.445315725350884,22.14263393382361,6.532791465312928,4.154322222659494,2.7793764742178126,ok
000343,28.525877896230668,8,3,9.445315725350884,15.289592308154704,4.548961919916796,-3.1053909283388794,3.4529620793943816,ok
000344,28.605559354415163,8,3,9.445315725350884,16.541346592033836,4.83270729251313,0.25709066974665895,0.9399087345932645,ok
000345,28.714402666781098,8,3,9.445315725350884,12.523406686201286,5.39067094602916,-2.357653794263624,3.722439911881224,ok
000346,28.796030167024583,8,3,9.445315725350884,11.213018866804859,4.913456570621842,0.22528648157101255,2.053275409088366,ok
000347,28.87749733380042,8,3,9.445315725350884,15.825476756750223,3.506897612387843,3.6657042788337306,2.092690371878183,ok
000348,28.95853850035928,8,3,9.445315725350884,12.739108102505918,6.953865731335958,1.5118808442371,3.8257258985663207,ok
000349,29.039365000324324,8,3,9.445315725350884,10.041093689315929,3.427282222782141,2.7650189500822466,1.6597794152364305,ok
000350,29.119293791940436,8,3,9.445315725350884,20.46621719915962,3.7972675920908925,-2.6320878913011803,2.027859121064763,ok
000351,29.199334020726383,8,3,9.445315725350884,22.13988482101533,4.536522254455258,8.15405571770726,1.5819558948149774,ok
000352,29.309477291768417,8,3,9.445315725350884,11.402438608027179,5.39264815935111,2.8527293278175354,3.976323810989204,ok
000353,29.397319479146972,8,3,9.445315725350884,10.611091581507281,5.792267442835879,-2.5474330517181984,4.577094427158795,ok
000354,29.48078747931868,8,3,9.445315725350884,10.887237161325704,3.8149278570658676,1.9856529066749318,4.2917801423872195,ok
000355,29.561137166805565,8,3,9.445315725350884,3.913732437810141,5.674743357345334,-1.0120205413282741,1.7003804077933222,ok
000356,29.642229604301978,8,3,9.445315725350884,19.88315526713801,2.8240503840160844,5.059895635985337,1.7932747716042887,ok
000357,29.72236610436812,8,3,9.445315725350884,11.17194270944698,6.8742780838216255,0.62123418968809,4.133815394489184,ok
000358,29.80235214577988,8,3,9.445315725350884,12.319822011293859,4.6673741477477595,0.8049983951091465,3.8269602110301446,ok
000359,29.884832166833803,8,3,9.445315725350884,17.30376900351085,5.655682383720652,8.573838993360717,5.309618161236523,ok
000360,29.99364250036888,8,3,9.445315725350884,14.153288896796678,5.144438625235285,-6.698599942626647,2.8383053797644666,ok
000361,30.08449614653364,8,3,9.445315725350884,22.19836603119761,7.785766338365216,8.652237513609762,5.231413049176485,ok
000362,30.166208874667063,8,3,9.445315725350884,14.350195229120072,4.56300891298069,-5.105543137871127,2.443800679121135,ok
000363,30.248182666720822,8,3,9.445315725350884,12.945345794095905,5.072372239032074,2.949641570709592,3.1716492985000673,ok
000364,30.3531615214888,8,3,9.445315725350884,12.595131385167651,4.251485682886724,7.5549759794907985,2.410716621394888,ok
000365,30.434465020895004,8,3,9.445315725350884,16.088551294893428,3.314823107732489,2.7963851861708893,1.2995979672960818,ok
000366,30.51563150039874,8,3,9.445315725350884,12.212323714003135,4.696195131992176,0.5838771033708291,2.436275437834654,ok
000367,30.596952020656317,8,3,9.445315725350884,11.136360454972726,4.768736486063862,-2.275956099216116,4.920383231215808,ok
000368,30.71110062487423,8,3,9.445315725350884,21.917892875224368,4.086406497980205,-0.6905646888090045,2.5685852451339737,ok
000369,30.79265193734318,8,3,9.445315725350884,16.047311520130854,5.024276114433899,1.1737870789317004,1.3533242471940587,ok
000370,30.883132187183943,8,3,9.445315725350884,22.557687487767325,4.8345282273628944,10.12798309174071,2.731586085584852,ok
000371,30.97069447929971,8,3,9.445315725350884,12.362884248291087,5.1281646714540035,-3.6065871255376245,2.485549269583789,ok
000372,31.054949375335127,8,3,9.445315725350884,17.680562218824054,5.210509125640017,8.528042825837982,4.145410780081533,ok
000373,31.136772021185607,8,3,9.445315725350884,16.60753693102185,4.927240341709566,-1.9877925939819079,2.3065485643730512,ok
000374,31.21766385436058,8,3,9.445315725350884,18.38767348701859,3.9505358607487344,-2.1398233489555234,0.9574403976390647,ok
000375,31.29912200034596,8,3,9.445315725350884,13.787747287319295,3.950987514231284,2.889097446735654,2.9722159388932576,ok
000376,31.4086465833243,8,3,9.445315725350884,13.051559680411806,4.100304427974742,-1.6158967888763631,1.9694703204621695,ok
000377,31.49817585432902,8,3,9.445315725350884,15.607897225892872,4.337983760555608,0.9042467233479555,2.5196548061126287,ok
000378,31.584861812880263,8,3,9.445315725350884,14.766638330496093,6.076208590888082,5.1267209417055914,3.909105349789386,ok
000379,31.667935749981552,8,3,9.445315725350884,12.082564827022967,6.301883800116091,4.192247934993291,2.478692005471388,ok
000380,31.75021372945048,8,3,9.445315725350884,23.094785096515718,3.1960673056974684,2.645118240641289,3.900994897467209,ok
000381,31.83099122927524,8,3,9.445315725350884,9.718725477557022,6.058368020962426,4.941036913561866,-1.1953945460510853,ok
000382,31.91371072921902,8,3,9.445315725350884,15.027187948832074,6.043694657081033,-0.6412200988911098,2.7869995706206323,ok
000383,32.02325018751435,8,3,9.445315725350884,11.814265162683869,3.2767011998916824,-3.555073445477817,2.183421124360129,ok
000384,32.10394910443574,8,3,9.445315725350884,11.004565669129722,5.999095714297965,2.8148141050474966,3.0123037378723585,ok
000385,32.19773241668008,8,3,9.445315725350884,9.569545544173819,5.403268913228704,4.488051534611862,4.0553835959869335,ok
000386,32.27993706287816,8,3,9.445315725350884,12.554326338085824,3.5031668266694886,2.6549463819736783,0.8237274941337936,ok
000387,32.36469235434197,8,3,9.445315725350884,13.068997999989142,5.605292844769884,6.079671892596267,3.4250166479925928,ok
000388,32.44771970878355,8,3,9.445315725350884,8.446820304091686,2.5693484274340226,4.008607312718149,0.8838423828494669,ok
000389,32.5302069587633,8,3,9.445315725350884,24.5712470775683,3.5478342185594296,14.155348035740332,-0.5872780180690734,ok
000390,32.6460916667711,8,3,9.445315725350884,16.543552552708434,4.245395757787859,-1.4040165505135243,2.7504356775990244,ok
000391,32.72760743764229,8,3,9.445315725350884,12.64215796821402,2.8814959561549975,-1.53556031736219,0.9126760390146804,ok
000392,32.80932789645158,8,3,9.445315725350884,11.725307923845723,3.7758408205917915,-3.9118661718139482,4.767763720848184,ok
000393,32.890590583439916,8,3,9.445315725350884,14.070379224336033,5.710279269565146,1.3425469610605612,3.475825079943754,ok
000394,32.97218174976297,8,3,9.445315725350884,20.815009578470626,4.429500912001481,10.841181423412985,-0.3017594287767674,ok
000395,33.056342833908275,8,3,9.445315725350884,11.936785125316003,5.404993001219775,1.8788428354636117,2.8335479610959426,ok
000396,33.14033462526277,8,3,9.445315725350884,14.294514962958614,5.1929494748712415,-3.003427653586028,4.811564242462078,ok
000397,33.22484458377585,8,3,9.445315725350884,12.879082786834491,5.980007917688981,0.34685291413485153,3.7342215251820425,ok
000398,33.33556220843457,8,3,9.445315725350884,24.737549733480087,5.963492743804297,7.740483562259278,5.54390361090522,ok
000399,33.42184218787588,8,3,9.445315725350884,11.073991282485972,2.410984804360765,-6.347015294240647,3.2713124000895717,ok
000400,33.50821416685358,8,3,9.445315725350884,14.16344419124852,4.39490110138544,5.405683971157979,5.462992456085253,ok
000401,33.59070225036703,8,3,9.445315725350884,18.375919718967452,3.9308465513231736,9.26668550714026,1.8608092028619132,ok
000402,33.67364095826633,8,3,9.445315725350884,11.27350578151968,4.581525622190011,-1.8159048375087647,3.16636291629767,ok
000403,33.75715612550266,8,3,9.445315725350884,13.550093143662435,3.886069163917809,-3.1936116604964595,3.6157042062445144,ok
000404,33.84073816682212,8,3,9.445315725350884,21.6647056303435,2.866418910505698,3.282660381723558,5.406225337457431,ok
000405,33.954636812442914,8,3,9.445315725350884,15.78381522096287,6.293907083874019,2.8080934912665447,1.9045683722022593,ok
000406,34.03788608382456,8,3,9.445315725350884,16.566885761392097,5.581598491331432,1.5303733914934599,3.405542267913866,ok
000407,34.12074327142909,8,3,9.445315725350884,9.369723282982799,4.513804446476403,-1.6739478081434604,0.2236509264379429,ok
000408,34.20436722948216,8,3,9.445315725350884,8.102999088231652,4.477481456050918,0.09521114508713435,3.4858152996398184,ok
000409,34.30613614572212,8,3,9.445315725350884,20.12147838582832,6.567293651336781,7.946150126400806,4.153361527672482,ok
000410,34.3962727712933,8,3,9.445315725350884,17.030650719834373,2.5419961996720493,-2.7312035392114997,1.3921037111236338,ok
000411,34.48273075022735,8,3,9.445315725350884,15.992174564079464,4.1150932417722075,3.139992810788936,-0.6935714207160796,ok
000412,34.567125604255125,8,3,9.445315725350884,13.476895002400592,3.6122229851155563,-1.642463847534258,3.668428161504546,ok
000413,34.67538495827466,8,3,9.445315725350884,16.304355142079483,5.941395988552716,5.667810541075835,3.2555085458381856,ok
000414,34.759642500430346,8,3,9.445315725350884,16.234457149040278,5.552566944328005,8.043481762805806,4.161125348593166,ok
000415,34.84336662548594,8,3,9.445315725350884,16.76668928337912,5.631930591398913,5.817161479953599,2.443961477014709,ok
000416,34.92700487491675,8,3,9.445315725350884,17.924610510209543,8.09505295606405,2.4207715963151064,3.1830362941047587,ok
000417,35.01256347936578,8,3,9.445315725350884,14.507990628043986,3.5257140057596335,4.461227931420458,3.234856709991785,ok
000418,35.096607625251636,8,3,9.445315725350884,12.633968730958829,3.652735650950574,-2.170567066700346,3.1625230288669353,ok
000419,35.18118637544103,8,3,9.445315725350884,20.889212073288885,6.404820532204966,2.7708726609063525,4.237684410982594,ok
000420,35.26456320891157,8,3,9.445315725350884,21.775309465373898,5.867986176533713,4.386886714312026,2.041172346227631,ok
000421,35.35145004186779,8,3,9.445315725350884,21.35265031340409,6.201820047666333,6.4194342066872085,3.9089869682798164,ok
000422,35.49175912467763,8,3,9.445315725350884,14.725367247474137,5.080613047415349,2.3060304599888775,3.0668312790924515,ok
000423,35.5877328957431,8,3,9.445315725350884,11.956087178266946,4.451143155274024,2.8179546363100085,3.9336532994439057,ok
000424,35.671918250387534,8,3,9.445315725350884,9.898228400148138,4.545917047981756,-0.06811153622954866,3.180384647506449,ok
000425,35.75484437542036,8,3,9.445315725350884,21.24180216032217,4.723802297700221,8.550026200202081,2.2572081547942346,ok
000426,35.83875043783337,8,3,9.445315725350884,9.705173985982821,5.362649209880162,-0.668550720603837,2.4912717030631812,ok
000427,35.92694029188715,8,3,9.445315725350884,10.410460660937645,6.648107185870316,-3.0722228673365692,5.772136472092964,ok
000428,36.01123541686684,8,3,9.445315725350884,11.505628979859964,5.294373454597952,-3.369397347876073,-0.1266111302351523,ok
000429,36.12471754197031,8,3,9.445315725350884,11.404115895603974,4.059764197173549,0.4995429053624542,3.6546413311053905,ok
000430,36.21500820829533,8,3,9.445315725350884,20.039077233712923,6.348487974297457,6.424239794807867,2.4668072216367642,ok
000431,36.30209641694091,8,3,9.445315725350884,12.965756525118536,4.204571700213148,3.0660369765972715,5.4350095913975105,ok
000432,36.390427770791575,8,3,9.445315725350884,19.730549547995373,3.7119268961971477,-0.19122117179880901,1.468985904184373,ok
000433,36.4750944590196,8,3,9.445315725350884,15.187021467607181,3.9331835662904786,3.686380292634861,2.6961404879695996,ok
000434,36.55999602144584,8,3,9.445315725350884,12.442482747069345,4.333816053025626,-6.244587820289573,2.6062899171894816,ok
000435,36.653193374862894,8,3,9.445315725350884,9.070986233017631,5.053114542209023,0.7946997448789145,2.0225918076320544,ok
000436,36.76758979191072,8,3,9.445315725350884,14.062753388692554,5.374760734076723,-3.115929458213984,1.7766870689054841,ok
000437,36.85228797933087,8,3,9.445315725350884,16.841723860254035,4.2676623209905395,2.287954843688274,1.7757937634532444,ok
000438,36.93947954196483,8,3,9.445315725350884,20.111344250886834,4.755294311845093,-2.225407903720352,4.302745730123186,ok
000439,37.025524416938424,8,3,9.445315725350884,18.2434575432454,2.8295283986901882,-7.561051437042431,1.405181526893435,ok
000440,37.10841902089305,8,3,9.445315725350884,9.205893602230416,5.345206293945453,-4.021188539913792,2.865065800191239,ok
000441,37.19158302084543,8,3,9.445315725350884,18.88896780495469,4.491058673491198,-2.207219987080197,0.35646137822143287,ok
000442,37.27448489586823,8,3,9.445315725350884,15.027555328416007,5.30573014814905,-3.6457165527788726,2.648396402443809,ok
000443,37.39917760435492,8,3,9.445315725350884,14.171313261210981,4.934353475671242,3.798454140455229,4.174147300215952,ok
000444,37.4848116254434,8,3,9.445315725350884,13.891334705828575,4.512690619175775,-1.558455050986288,2.5505021341129486,ok
000445,37.57055779197253,8,3,9.445315725350884,13.596986084285762,6.405060102350021,1.9103158662010788,4.321307001695545,ok
000446,37.65446210419759,8,3,9.445315725350884,11.59155116420536,3.659168854806533,-3.522996695093063,-0.9560518290241242,ok
000447,37.737964395899326,8,3,9.445315725350884,12.082815366604267,5.914346575673102,-2.5766523541459083,2.4980100305518484,ok
000448,37.82191843725741,8,3,9.445315725350884,13.608523571084332,5.178620443088224,-2.9290506094957705,3.366572183884719,ok
000449,37.90529412520118,8,3,9.445315725350884,12.285553652276933,6.31090605620861,-0.5492038169338572,2.8735512290610536,ok
000450,38.01463891682215,8,3,9.445315725350884,18.07941618240478,6.107851896442763,2.0076782983298362,5.956973696609299,ok
000451,38.0976988337934,8,3,9.445315725350884,10.869264966450029,4.834590669422739,1.2552289531094807,2.495714688329154,ok
000452,38.18305147928186,8,3,9.445315725350884,17.222691011140224,5.991019964397839,6.771312159383835,5.6753828509444535,ok
000453,38.26727516693063,8,3,9.445315725350884,11.18024028505645,5.658134914487339,-0.004016780953187233,4.239759839938519,ok
000454,38.35138758318499,8,3,9.445315725350884,13.721080164914651,5.822543378571013,3.7511507199325806,1.1319325490646852,ok
000455,38.438894812949,8,3,9.445315725350884,16.441782075724774,5.034967864871771,-0.9822323741788268,2.3394256833234586,ok
000456,38.52416556235403,8,3,9.445315725350884,13.56097271332404,5.295070894861434,-2.7482067077587877,3.2893186862805943,ok
000457,38.637342104222625,8,3,9.445315725350884,14.04807888352806,4.260661702397955,1.8363136595062013,1.261450085585038,ok
000458,38.72437220904976,8,3,9.445315725350884,13.363474668355623,2.2083459485426467,1.3630417381131086,1.97997255936297,ok
000459,38.80813785432838,8,3,9.445315725350884,16.93035007949928,5.732986756722312,3.710516594614372,3.3435763943048373,ok
000460,38.89348850026727,8,3,9.445315725350884,13.62138108270222,4.8506661946556875,-1.1724575848279244,4.666050551513166,ok
000461,38.9773052087985,8,3,9.445315725350884,14.924784129901347,3.9316648793474243,4.337774513072454,2.486198496384267,ok
000462,39.06156429182738,8,3,9.445315725350884,10.320915079561315,3.7672664040620876,-4.6243616282557065,4.055554690853879,ok
000463,39.14542668778449,8,3,9.445315725350884,10.216982934285422,4.96333821377696,0.1358375960088449,1.7737313370697982,ok
000464,39.259338250383735,8,3,9.445315725350884,18.536868180071362,4.628542832595721,5.639982015424778,4.3453231242608545,ok
000465,39.34655529167503,8,3,9.445315725350884,18.564007986041965,5.681990899374674,8.24264374620544,6.496169222125567,ok
000466,39.4346361879725,8,3,9.445315725350884,15.691225035104713,6.284046415177205,-4.52184672363596,6.971100448398157,ok
000467,39.52162235439755,8,3,9.445315725350884,10.354271887578278,5.5249884173864965,-2.528512232989208,2.531319220649669,ok
000468,39.60588735435158,8,3,9.445315725350884,11.03791441237805,4.634272636256962,4.0342025602428855,1.315027463057527,ok
000469,39.690724458545446,8,3,9.445315725350884,18.652665490900052,3.033802303290591,0.8053792810707165,4.34570285395958,ok
000470,39.77640316681936,8,3,9.445315725350884,16.328305271727245,4.3963045666417875,7.215633215990606,2.420258633509525,ok
000471,39.887680562911555,8,3,9.445315725350884,21.44440181420268,5.5321914162531725,6.195343629747463,6.073765403888024,ok
000472,39.97269804193638,8,3,9.445315725350884,12.501087777350396,3.42023864323509,-4.616373781372583,1.3075285881734229,ok
000473,40.05946927098557,8,3,9.445315725350884,16.86120622042837,5.398711073420608,3.4167319065540522,4.444837064745011,ok
000474,40.14624685444869,8,3,9.445315725350884,16.10518058652081,2.7271588264587,3.494156421242521,-0.4473956309358571,ok
000475,40.230725708883256,8,3,9.445315725350884,13.041756430752233,2.635961325445786,4.183529695671524,2.6140781068214323,ok
000476,40.31859808345325,8,3,9.445315725350884,9.737311036338438,5.093770135450879,-1.4497389289613987,1.8724620817913225,ok
000477,40.40538125042803,8,3,9.445315725350884,13.942566637606474,4.11032373484848,-6.65800794091409,-0.24164470828390414,ok
000478,40.55078395875171,8,3,9.445315725350884,9.709622331038341,5.568097340686861,1.7267206799341916,4.212066282066272,ok
000479,40.63829050026834,8,3,9.445315725350884,8.584829446441397,4.9401157873631645,0.8729720439520848,3.625713440678358,ok
000480,40.724189354339615,8,3,9.445315725350884,15.933609808844247,6.025104496917212,4.852091447260686,5.083027293920362,ok
000481,40.81201008334756,8,3,9.445315725350884,15.814159284536382,4.457562757958441,-5.009972901502518,0.32862554388578813,ok
000482,40.90490808384493,8,3,9.445315725350884,19.11719177631973,3.2033919071422146,-4.850382777190095,1.205495797246498,ok
000483,40.99037870881148,8,3,9.445315725350884,14.747306552660064,4.697764983111703,5.4666963124392485,1.6913168626449775,ok
000484,41.07385397935286,8,3,9.445315725350884,11.244588093574986,2.8491332349945413,-2.9855551316950835,-0.3463190342856415,ok
000485,41.182079541962594,8,3,9.445315725350884,18.260912553844445,6.277113788445281,3.347051695318427,4.540767447952713,ok
000486,41.264763770857826,8,3,9.445315725350884,14.090746770813778,6.121818942319125,5.735323468608921,2.3798777511001226,ok
000487,41.34613766684197,8,3,9.445315725350884,18.451951841866308,5.951333417561128,2.6896491497752164,2.086451665342924,ok
000488,41.42988018738106,8,3,9.445315725350884,17.97518937037613,5.490578956607157,7.99428497898379,0.5459719118357255,ok
000489,41.51452485425398,8,3,9.445315725350884,11.266335655364392,5.201713359092229,-8.100712854684378,1.6612531316426105,ok
000490,41.59875137475319,8,3,9.445315725350884,22.007388221342925,5.682412495357085,1.4404430103102552,2.8493156220708906,ok
000491,41.682653000345454,8,3,9.445315725350884,17.150749746780804,4.719430595053672,7.129003462457249,3.9814226761827194,ok
000492,41.79592339647934,8,3,9.445315725350884,14.874710127978824,3.9933778446616923,0.49469192996146394,2.9476111449787505,ok
000493,41.879019687650725,8,3,9.445315725350884,12.782906436386146,1.4562256772668878,-1.795700322459224,1.260942969688916,ok
000494,41.96044020843692,8,3,9.445315725350884,9.511371187100208,4.517846835855135,-0.18944874162323921,1.6431891384928399,ok
000495,42.0437194169499,8,3,9.445315725350884,15.664891189626124,6.5109052578336515,-1.1772241967130261,2.070412650571184,ok
000496,42.125566312810406,8,3,9.445315725350884,25.057159274278437,4.046560869520622,5.246081625834951,2.2235962780041283,ok
000497,42.20874241669662,8,3,9.445315725350884,15.685914955852528,4.537693331871449,8.903709339003127,4.26031809350151,ok
000498,42.2898090837989,8,3,9.445315725350884,27.9109340012788,3.009301848531928,3.1277130990255384,-0.8465687424265699,ok
000499,42.40193241694942,8,3,9.445315725350884,11.691720885372085,3.769957802278231,-2.46139730109703,3.038183179071543,ok
000500,42.486242729239166,8,3,9.445315725350884,14.659290207212566,6.424048760849842,0.7649195992968263,4.316462124490912,ok
000501,42.56894566677511,8,3,9.445315725350884,8.748744192806734,3.179367692931821,6.9110329864948,2.192398714750987,ok
000502,42.651247791713104,8,3,9.445315725350884,10.213251027545747,2.363377652402807,2.942638004745219,2.1289300801713242,ok
000503,42.73258808325045,8,3,9.445315725350884,16.564975557487042,4.210569807465985,1.1621729816689166,2.429911346771378,ok
000504,42.81844333349727,8,3,9.445315725350884,15.888823282264042,6.445107748419001,8.099329462292918,4.970455515211294,ok
000505,42.90062131290324,8,3,9.445315725350884,13.92037421262042,4.834479795065544,0.7450961387403857,2.0042944253582218,ok
000506,42.983254874823615,8,3,9.445315725350884,21.882815626668716,4.045580872338685,1.6138949766803057,4.233017954817819,ok
000507,43.092465166933835,8,3,9.445315725350884,19.982087395980766,4.697880256224322,0.40995140981412964,5.969875594172749,ok
000508,43.17489289632067,8,3,9.445315725350884,20.033378945607133,6.655451913459036,0.9425761585781405,3.8297583824535537,ok
000509,43.26171737513505,8,3,9.445315725350884,9.127434676942674,5.215854543656806,-1.7147674927780328,4.05977696537663,ok
000510,43.34601691691205,8,3,9.445315725350884,24.297548948030272,6.4998352264563835,2.269555388209607,1.8723164924386662,ok
000511,43.4319375003688,8,3,9.445315725350884,18.213957442263002,4.392910408789598,1.9681741039610743,3.5445388131778044,ok
000512,43.52194910426624,8,3,9.445315725350884,21.775113720520892,5.128200846631827,2.3500162583382562,2.605542076419065,ok
000513,43.60466227075085,8,3,9.445315725350884,13.833918477768805,5.048275812714512,0.909243137130858,6.001142993173331,ok
000514,43.71931743784808,8,3,9.445315725350884,6.235228045077732,3.7689695095159563,-1.6087835920542943,2.2149873284519863,ok
000515,43.802634875290096,8,3,9.445315725350884,18.70641650601608,4.356525758124391,5.438747252144285,1.4322474513899326,ok
000516,43.884906333871186,8,3,9.445315725350884,11.876591306323949,6.44214410161909,1.977785514999661,2.9595209777902776,ok
000517,43.96663258387707,8,3,9.445315725350884,11.939002615538211,3.8786113815383225,-0.5281445649626606,3.145448802120352,ok
000518,44.054584291996434,8,3,9.445315725350884,18.66357293372812,3.3583480727578334,-5.146632547678769,3.3617604007753608,ok
000519,44.13886456284672,8,3,9.445315725350884,16.20796100000014,3.9406619044457445,8.066341275911663,0.6268704137279493,ok
000520,44.22050618729554,8,3,9.445315725350884,14.661516349811667,5.615571427609909,-6.56537963596261,2.6103146253540097,ok
000521,44.33234520838596,8,3,9.445315725350884,15.852025335545122,6.6391067149646625,5.197406338552787,3.9093805033988787,ok
000522,44.416231562849134,8,3,9.445315725350884,11.291076909480786,3.280055703653831,2.8014760723928145,2.5882150051848383,ok
000523,44.50078450026922,8,3,9.445315725350884,14.707790644761019,6.4570417257402255,-0.7869980773600763,4.251324518667147,ok
000524,44.58510758378543,8,3,9.445315725350884,17.003486278520263,4.195721513176514,4.681897182258656,3.2450175350229995,ok
000525,44.66891441680491,8,3,9.445315725350884,11.610963645138925,3.2976740452727196,-3.1474165269503533,1.7198370799099338,ok
000526,44.75100445840508,8,3,9.445315725350884,21.34298664947952,4.513811392023537,11.04668915597717,5.565085743504854,ok
000527,44.83340927073732,8,3,9.445315725350884,10.0212188587258,3.995998866973289,1.3968289401702065,0.49223943578890234,ok
000528,44.92365650041029,8,3,9.445315725350884,16.213049256034218,3.884659843678152,3.3944850496046954,2.5666126925130737,ok
000529,45.0369588334579,8,3,9.445315725350884,18.96541847861313,7.266756705952029,-2.7327171970792357,5.341922398547649,ok
000530,45.12031256244518,8,3,9.445315725350884,20.730328776775213,8.296977522515185,1.479126485625995,6.26417202872149,ok
000531,45.20339358388446,8,3,9.445315725350884,14.209625889730095,4.43716495758683,5.880125341148557,2.532491415304927,ok
000532,45.28603312536143,8,3,9.445315725350884,17.28861525546412,7.179934414601885,5.250891769524146,4.660690179854046,ok
000533,45.37121520820074,8,3,9.445315725350884,17.23506512133534,4.503342663250918,6.573099988491657,2.460547909132097,ok
000534,45.458931458881125,8,3,9.445315725350884,15.488156859285617,6.049474084502549,-1.338962978222109,3.8015240479019945,ok
000535,45.54378037527203,8,3,9.445315725350884,13.047079171515055,4.024501911389509,6.637731524629339,1.7056711779384857,ok
000536,45.6559250629507,8,3,9.445315725350884,10.111867166656817,5.667244111677402,-0.45839403020286734,1.2722787664288566,ok
000537,45.76926750037819,8,3,9.445315725350884,23.426416277223908,2.968312002127792,7.746070568404982,4.853389732653252,ok
000538,45.85320329177193,8,3,9.445315725350884,8.444296271489051,4.183918732701292,0.4299622730007822,1.0507493685178926,ok
000539,45.936863146489486,8,3,9.445315725350884,18.064555327732375,1.0042013463975943,1.3613684808127744,-0.6969813828422897,ok
000540,46.02472864580341,8,3,9.445315725350884,18.651958882481054,4.102935940651864,5.606875039381962,2.7891546128405476,ok
000541,46.119973374763504,8,3,9.445315725350884,18.483286979345333,4.870484286258057,2.7912475509928263,3.4197710822665974,ok
000542,46.20417731278576,8,3,9.445315725350884,14.692261685477279,4.554619409740819,4.560280701972853,1.5585703442664742,ok
000543,46.28977883327752,8,3,9.445315725350884,12.587161974996675,6.066703189424487,-2.0911689588484874,3.2411307839175647,ok
000544,46.39976056292653,8,3,9.445315725350884,17.940596975028416,5.402445481415745,3.2394908112432588,1.4721085003805128,ok
000545,46.490185520844534,8,3,9.445315725350884,20.443517940958955,7.938839168063023,0.11791368590298099,2.291093622402016,ok
000546,46.576420083176345,8,3,9.445315725350884,14.032357121835236,4.566188486503877,5.920827705878552,-0.19437919319788624,ok
000547,46.66172175039537,8,3,9.445315725350884,15.887730390021297,6.550329054202719,4.510577145369522,3.7267460302991693,ok
000548,46.74835172924213,8,3,9.445315725350884,19.76593510374311,2.6018371735996113,-1.3393642740907699,-0.15104920465850086,ok
000549,46.832731208298355,8,3,9.445315725350884,14.615080425878048,4.563948833581875,10.194212824873267,0.18984798787775933,ok
000550,46.91716720815748,8,3,9.445315725350884,12.457193404844928,5.4451809425070365,2.8317088157517505,1.59695456442415,ok
000551,47.024059125222266,8,3,9.445315725350884,16.457476780345875,3.2475801457169853,2.4309356010364658,0.877865588559782,ok
000552,47.10859293723479,8,3,9.445315725350884,10.95033670642178,5.7233837980997535,-2.6881738598118017,6.1046210012772875,ok
000553,47.19217610429041,8,3,9.445315725350884,11.464865159614641,5.881489116673466,7.383122445190653,4.077604645274253,ok
000554,47.27551250043325,8,3,9.445315725350884,17.662158429933804,4.187363129016886,1.7729340941332212,2.9496102927494428,ok
000555,47.359353229403496,8,3,9.445315725350884,18.163932625161795,5.8043983580635325,-4.387176487377008,4.694718610438877,ok
000556,47.448036833899096,8,3,9.445315725350884,18.019475455074712,4.028391984596499,6.824972767920196,3.2251211936799464,ok
000557,47.53294160426594,8,3,9.445315725350884,12.029690963975277,4.437754889203374,1.6328762748147394,4.838377750200229,ok
000558,47.64443962532096,8,3,9.445315725350884,11.665185322496034,5.971404512871355,3.544720348872537,4.382536678335687,ok
000559,47.72952510439791,8,3,9.445315725350884,22.026758940053906,7.332650093567092,-5.42793810649807,3.5225504973079076,ok
000560,47.81443739589304,8,3,9.445315725350884,18.06807274058105,5.106898166998094,3.414687320753869,2.750787968796335,ok
000561,47.89874914591201,8,3,9.445315725350884,9.802717373874083,5.419719529530987,-5.587125013646372,3.366036924226542,ok
000562,47.98234968725592,8,3,9.445315725350884,9.304402357076523,5.745584019020016,2.491605355257254,1.6629913015244076,ok
000563,48.06655641668476,8,3,9.445315725350884,14.016404689080487,4.927559737826178,8.562372909913087,2.722471314455798,ok
000564,48.14977597934194,8,3,9.445315725350884,13.217527243074574,3.941905435558348,5.257806600326761,4.346207113807224,ok
000565,48.26100912527181,8,3,9.445315725350884,16.948084775915067,5.537527216633488,-2.563373772029563,-0.1946648697097712,ok
000566,48.35268691694364,8,3,9.445315725350884,8.681660183009976,6.235803542852509,-2.0403995832962054,4.65459557622857,ok
000567,48.44109777081758,8,3,9.445315725350884,13.095033470490783,6.0834064737917855,1.8934833512691054,3.0022349974089337,ok
000568,48.52691785432398,8,3,9.445315725350884,15.312744625047166,6.314394473551787,1.027015013557198,5.18138563051004,ok
000569,48.611863541882485,8,3,9.445315725350884,16.68492864214094,4.8249587285136455,0.841983906507635,3.33520219749947,ok
000570,48.69655522936955,8,3,9.445315725350884,16.83565659686228,6.0481067165201585,0.4159886851034878,5.215697064184953,ok
000571,48.7817265833728,8,3,9.445315725350884,13.3541278709714,6.949518260704526,-3.7952117053696717,3.9686273287068254,ok
000572,48.86531441682018,8,3,9.445315725350884,15.559089528361147,5.620456162764869,0.14080310169506935,2.893374762123285,ok
000573,48.97605631290935,8,3,9.445315725350884,16.758183717271404,4.67260885772967,-6.534299197929586,1.8954786515807818,ok
000574,49.06073333346285,8,3,9.445315725350884,14.292367601477238,5.453743882244712,1.7017808766970814,2.2179216096710275,ok
000575,49.144835208542645,8,3,9.445315725350884,15.745449211516584,4.407531209135431,-8.993164944789754,2.959415290061693,ok
000576,49.229320999700576,8,3,9.445315725350884,19.752390601454415,3.886010148962939,3.9477110494869385,2.1640921151216563,ok
000577,49.31608606223017,8,3,9.445315725350884,18.137214488613495,5.216548287413058,-4.705593557675407,6.499039515292763,ok
000578,49.40009112539701,8,3,9.445315725350884,10.373954735910806,4.454025412571822,-4.7032147803481,3.3377829462320894,ok
000579,49.4866323962342,8,3,9.445315725350884,8.988268533764094,3.869174713419155,-4.810842122842903,1.920318101856278,ok
000580,49.57154797925614,8,3,9.445315725350884,10.828780323105024,5.4700517527163415,-0.17223120592076493,2.449661495422049,ok
000581,49.685162167064846,8,3,9.445315725350884,9.154131200116387,4.910964682224067,-3.99797128982778,0.018550638151488132,ok
000582,49.77041581273079,8,3,9.445315725350884,14.939752844769925,3.9526397424022046,9.328965824490032,0.69381958040057,ok
000583,49.85505204205401,8,3,9.445315725350884,15.580609693275152,4.062555453102804,-11.650057536485475,4.07474844856031,ok
000584,49.93900854187086,8,3,9.445315725350884,15.785939803025377,5.2013357062887415,-0.7380541458878765,2.36504152249823,ok
000585,50.023494937224314,8,3,9.445315725350884,14.947444211839395,5.3058936608464276,4.384172633267283,5.780439161824173,ok
000586,50.11375879193656,8,3,9.445315725350884,9.637236609877235,4.5172687544528225,0.09923892891930494,2.4815844408445944,ok
000587,50.20135156228207,8,3,9.445315725350884,17.321280341547084,6.752344162032948,5.969528232787164,4.326797196272672,ok
000588,50.28541864641011,8,3,9.445315725350884,16.193773842480788,4.712031931033102,2.6954641658846072,3.912922217634779,ok
000589,50.37322327075526,8,3,9.445315725350884,19.690956699655153,5.415659588177058,3.349693982363662,5.4076821559213695,ok
000590,50.50837568775751,8,3,9.445315725350884,18.530715068788265,5.105250749655371,7.374701812771408,1.8796203830454528,ok
000591,50.594472291646525,8,3,9.445315725350884,7.994418343958046,4.695513893884029,-1.6144562223398269,3.0876764468471065,ok
000592,50.71332093793899,8,3,9.445315725350884,23.875493995427327,4.333802388150905,4.3526523941735435,4.87063340166305,ok
000593,50.799241416854784,8,3,9.445315725350884,15.196062580755715,4.931952748235473,-5.105487461132664,6.529868133978749,ok
000594,50.88660837523639,8,3,9.445315725350884,19.45484788933786,4.773636857030817,-0.48859008569926227,4.042103962558625,ok
000595,50.972561708884314,8,3,9.445315725350884,7.827264298820113,4.141439382237007,1.1665705104108104,3.3055999073390545,ok
000596,51.05823829188011,8,3,9.445315725350884,24.315814465564593,3.4934448340325983,9.762304627455551,0.6641069879928091,ok
000597,51.172992520732805,8,3,9.445315725350884,10.214904015036565,5.0627120928731415,10.68962363174331,3.157015806215643,ok
000598,51.258105541812256,8,3,9.445315725350884,14.527024142045432,2.539019278210951,4.267002242040316,2.353048869477854,ok
000599,51.34351047943346,8,3,9.445315725350884,9.902377812048819,4.657363278282201,2.2998202455614636,3.194297013528227,ok
000600,51.42849860433489,8,3,9.445315725350884,14.917344473902372,4.566902116349246,5.334194216564032,2.533253596317912,ok
000601,51.53379533323459,8,3,9.445315725350884,13.913445878429497,4.428928652575716,-1.175405986687904,4.3544482249408265,ok
000602,51.62198481243104,8,3,9.445315725350884,16.722106598705576,7.085571424716195,-1.8262190543004257,2.7239495125646322,ok
000603,51.7077497295104,8,3,9.445315725350884,18.178641102977917,6.232027548826645,2.682225435326638,2.072788520944587,ok
000604,51.830611708341166,8,3,9.445315725350884,23.13122280731673,6.140876602667148,1.7969008333609229,4.275926428890903,ok
000605,51.920574999880046,8,3,9.445315725350884,16.33857595120891,4.0376560178201,3.4575461919948176,4.121104547170438,ok
000606,52.00909975031391,8,3,9.445315725350884,13.832956863317902,4.44768973065101,4.576176278491222,3.120421039434759,ok
000607,52.09669818729162,8,3,9.445315725350884,13.31097676034464,4.375590654403027,-2.5754938055879486,1.4417250007609481,ok
000608,52.1814730418846,8,3,9.445315725350884,17.711452853414208,4.90676487549783,6.286110322783634,3.3919450352364366,ok
000609,52.26764104189351,8,3,9.445315725350884,16.678720984793742,3.3240021438176552,3.332260250186626,1.7504602117338217,ok
000610,52.353230291744694,8,3,9.445315725350884,10.572676110468839,5.044441183440734,2.4367879725665578,4.316486649492473,ok
000611,52.48349574999884,8,3,9.445315725350884,11.698846151237678,3.2627168945505844,1.1097831196963408,1.460580823204629,ok
000612,52.57345002121292,8,3,9.445315725350884,14.481384512156483,3.0633977358298345,-2.535762145386235,0.6058633779825568,ok
000613,52.65864606294781,8,3,9.445315725350884,14.687685941002337,6.920185215933625,0.9919818046118978,2.4734903457007595,ok
000614,52.74421533383429,8,3,9.445315725350884,10.97743176733394,4.445095871529342,7.122810966170653,1.3400299329469145,ok
000615,52.829528937349096,8,3,9.445315725350884,15.684044584999342,5.464412977734718,4.863650283614915,4.65243142384774,ok
000616,52.91461339616217,8,3,9.445315725350884,11.874307214995822,6.117120138761212,-5.005853014430134,2.9274741148394567,ok
000617,53.00088252080605,8,3,9.445315725350884,20.061837836053307,2.7868809953178015,7.292047831938916,5.181475294285516,ok
000618,53.08623145893216,8,3,9.445315725350884,14.923191612671861,3.786793218502153,-1.8201711176281747,3.3575236438339218,ok
000619,53.20527285430581,8,3,9.445315725350884,17.46666460276877,8.023799949524623,2.9676502522787027,7.365699228336131,ok
000620,53.28966347919777,8,3,9.445315725350884,13.317802958918046,2.445526416123292,-3.0396338606067688,3.9707864678315934,ok
000621,53.37551631289534,8,3,9.445315725350884,19.67147149748497,5.206878745975224,5.955700319021869,1.8399239819590152,ok
000622,53.464480333495885,8,3,9.445315725350884,9.250595784737722,5.371069435251569,-4.122947514245324,2.6689218544957054,ok
000623,53.55146143725142,8,3,9.445315725350884,16.221524944977084,5.207720251459071,9.758195020710872,3.9003431896001506,ok
000624,53.63673816691153,8,3,9.445315725350884,19.56668154693958,5.6726353767905815,5.5085450906267885,1.8413121653690585,ok
000625,53.72334837494418,8,3,9.445315725350884,14.674354832212277,5.156403930807198,2.004059357023417,0.6977901671676393,ok
000626,53.84401708329096,8,3,9.445315725350884,10.48316754900369,3.3593414553575074,0.5585299532839482,0.37928991660108724,ok
000627,53.94224018789828,8,3,9.445315725350884,20.251779423438897,4.910400972231185,-1.3356149108313962,2.515936747721828,ok
000628,54.03267306298949,8,3,9.445315725350884,15.749893412626365,3.293987538116806,0.2022523423125444,0.7778494085011421,ok
000629,54.12341468804516,8,3,9.445315725350884,10.256474799144451,4.352465882468386,-7.020753760803187,4.786639275396791,ok
000630,54.20857085427269,8,3,9.445315725350884,17.631021347330428,5.274999451688453,-3.0080802681704597,1.2380128859383777,ok
000631,54.29405345884152,8,3,9.445315725350884,9.6330602819551,5.762946496328678,-0.213975058316907,3.1346643709354773,ok
000632,54.380254874704406,8,3,9.445315725350884,20.975984150463944,5.750928878910658,5.448035253387556,6.1421614004771214,ok
000633,54.472719750367105,8,3,9.445315725350884,7.750371573424,3.544453016032194,0.35049583159198316,0.07323873241822719,ok
000634,54.58851462532766,8,3,9.445315725350884,16.349169618904778,6.82415872351406,1.75094277356171,4.8047622634871905,ok
000635,54.67469702102244,8,3,9.445315725350884,15.58560012334264,5.365136575636098,1.852881818870655,3.9351548037724458,ok
000636,54.76067195832729,8,3,9.445315725350884,8.047889344400412,4.838963483340509,-0.8438679939672434,5.707850764457158,ok
000637,54.84741691686213,8,3,9.445315725350884,23.30576466863746,3.7287618490715446,8.825782601646925,1.799370015351603,ok
000638,54.93598541687243,8,3,9.445315725350884,12.125086070564603,5.853259611083761,-0.4213475455641744,5.766913707843235,ok
000639,55.02224310440943,8,3,9.445315725350884,13.437604825841847,4.404439234629229,5.389833802885343,2.2279090251014395,ok
000640,55.108063666848466,8,3,9.445315725350884,15.199922380951767,3.4677825318380204,7.445873827869241,1.991248149378796,ok
000641,55.2265736667905,8,3,9.445315725350884,14.0453786846672,3.4953446948531584,1.5778015531691423,1.9961248418437711,ok
000642,55.313301333924755,8,3,9.445315725350884,13.314888879958959,3.773551480166793,-1.2867257812143136,0.07940942085755574,ok
000643,55.40256325039081,8,3,9.445315725350884,19.023640271137506,2.789284461652286,-1.6893899848590281,2.8256670857729853,ok
000644,55.49344652076252,8,3,9.445315725350884,17.988717257925398,3.0995667327521743,1.5405560779967897,3.99606504995638,ok
000645,55.582154041854665,8,3,9.445315725350884,13.689165406198624,5.0415137821691305,1.5595759537022877,-0.21103294437690664,ok
000646,55.672071020817384,8,3,9.445315725350884,17.16155697525394,5.38060420832097,-9.340545788658426,0.08158057965312361,ok
000647,55.813060437794775,8,3,9.445315725350884,15.312933670445403,3.669738340322987,-3.275929124529082,1.62988262512478,ok
000648,55.91167652094737,8,3,9.445315725350884,11.12463039468665,5.560537182483249,-1.7513061933927745,5.264530796240733,ok
000649,55.997708645882085,8,3,9.445315725350884,9.974863098481467,4.451070742999893,-2.5798122452400807,1.9496236299000504,ok
000650,56.08647220837884,8,3,9.445315725350884,17.671636599618196,7.552547213729805,0.3318153249334309,3.8768640770309677,ok
000651,56.1739061253611,8,3,9.445315725350884,6.941303071002096,6.1819764781684095,-0.9595186877445587,-0.07328073844362765,ok
000652,56.26461252127774,8,3,9.445315725350884,10.959344906489342,4.174319213423648,-0.2834736165427418,3.760953481641429,ok
000653,56.35249689593911,8,3,9.445315725350884,13.90546906268792,5.5313521078080266,-0.008905967683117254,1.9534997303273007,ok
000654,56.439706270815805,8,3,9.445315725350884,14.84942397209281,5.055870179443849,-2.0015672255885426,3.2934137543285096,ok
000655,56.55479733343236,8,3,9.445315725350884,13.083285870787222,3.9072805366335803,5.952663220798054,5.571667591889207,ok
000656,56.643012021202594,8,3,9.445315725350884,20.12941432544544,3.592841043493304,10.461727214534513,0.9683534567248246,ok
000657,56.73235358390957,8,3,9.445315725350884,4.803480967140145,3.5810148092503296,1.6273327151243946,1.57833931533967,ok
000658,56.821360083296895,8,3,9.445315725350884,12.569901788473437,4.311728341809498,-1.2873185052080494,1.5747902171767196,ok
000659,56.908632166683674,8,3,9.445315725350884,8.173021244940827,5.355996165606466,0.5223599557484413,3.301029735364987,ok
000660,56.99541485426016,8,3,9.445315725350884,17.87883746946501,5.2522762932262586,-4.042794789745634,-0.1208053170270437,ok
000661,57.096055562840775,8,3,9.445315725350884,6.501003816247521,4.406068415219515,-1.2846610134083016,0.20831719647248353,ok
000662,57.21289400034584,8,3,9.445315725350884,9.359888180562626,4.355154616516509,1.030928750257775,2.7130116755802978,ok
000663,57.30140525032766,8,3,9.445315725350884,11.727059299116425,3.5492928197548066,-1.4547163253173563,1.7334524887737701,ok
000664,57.389699646271765,8,3,9.445315725350884,8.460143648480638,5.149814526098059,7.886285423221723,5.226278208338065,ok
000665,57.48060008347966,8,3,9.445315725350884,13.92063313740533,4.605904825609382,0.5966725626839289,1.9391099721177183,ok
000666,57.572214104468,8,3,9.445315725350884,15.291455926134491,3.737705026603511,1.5307635448120507,5.3168284872574,ok
000667,57.66255777096376,8,3,9.445315725350884,17.721818945618338,5.1760443459373615,3.359658218336519,2.5152471332397988,ok
000668,57.751301979180425,8,3,9.445315725350884,13.32407993255863,5.470779513173897,4.896796881436054,1.290691041337282,ok
000669,57.8648619169835,8,3,9.445315725350884,18.64276624337539,4.489754694200793,1.0912959892110776,3.602451195826103,ok
000670,57.951297520892695,8,3,9.445315725350884,9.078306393616018,6.425571899276134,3.040612101712035,2.7100755964434815,ok
000671,58.03830049978569,8,3,9.445315725350884,7.368265508823229,5.6734853031395795,-5.205786308526918,3.283850159845314,ok
000672,58.1259241248481,8,3,9.445315725350884,18.110561260398217,4.947836974903728,3.122359794467011,0.815406628114066,ok
000673,58.21412645839155,8,3,9.445315725350884,17.013965089275306,4.558281412204989,3.0638394008467045,-0.5394190156174347,ok
000674,58.30026260414161,8,3,9.445315725350884,6.360347896544919,4.778267976446672,4.956507540149372,2.5217751733049827,ok
000675,58.38652968779206,8,3,9.445315725350884,17.472112136042412,3.185506418201945,7.142429852879691,3.893158318300382,ok
000676,58.475865312386304,8,3,9.445315725350884,17.75669537629529,4.518651932317553,3.8627275056636434,2.2212450894382956,ok
000677,58.59438272938132,8,3,9.445315725350884,7.46568477797758,3.6969123144704854,-3.5502903941015163,1.8041094651317797,ok
000678,58.68480558344163,8,3,9.445315725350884,20.51658541120147,4.248850110573328,-0.9060780153828931,3.8269494264056045,ok
000679,58.77482429193333,8,3,9.445315725350884,15.457763579016916,5.257985416191694,-2.944454710003855,4.12596977801667,ok
000680,58.86349272937514,8,3,9.445315725350884,11.415665038433161,3.889921434708207,6.045982720135427,2.017396152763631,ok
000681,58.95404433389194,8,3,9.445315725350884,7.866725683168123,4.646299177846469,-1.034796575133162,4.420717061954095,ok
000682,59.04191064625047,8,3,9.445315725350884,9.119209135165999,2.7429346923702895,0.12739741949541109,1.1832952382015314,ok
000683,59.12926341686398,8,3,9.445315725350884,16.790018312459036,3.593378631669265,11.04682848618407,4.479408242339739,ok
000684,59.24603450042195,8,3,9.445315725350884,12.995976505340602,4.316323630701946,4.929344187568166,2.1220170302082795,ok
000685,59.33399416692555,8,3,9.445315725350884,8.609677948098437,5.043391518989389,-2.993532935666487,3.4891733656111636,ok
000686,59.422188645927235,8,3,9.445315725350884,19.213094905011285,4.2545593488633315,6.020277640724787,1.7630061814138802,ok
000687,59.514318354427814,8,3,9.445315725350884,19.402872252373378,5.801123238477961,2.9311816688969947,3.9764522116383474,ok
000688,59.60342162544839,8,3,9.445315725350884,17.870918178988784,4.423558641718487,0.40827503928015185,2.224664670814255,ok
000689,59.69047285453416,8,3,9.445315725350884,11.771121419832522,4.633164220211457,0.4128361602265182,2.1051704476674153,ok
000690,59.77859566686675,8,3,9.445315725350884,14.014744029588641,5.437562272298903,6.358768720308182,4.839781511067512,ok
000691,59.89555777143687,8,3,9.445315725350884,7.964787321000226,5.552381835457907,-0.21555547848791864,1.1033675017835904,ok
000692,59.986421999754384,8,3,9.445315725350884,13.472734687030886,6.9434326714881065,3.3123393110604344,3.1430795072834234,ok
000693,60.075430021388456,8,3,9.445315725350884,11.012450000865327,2.759118363745823,5.192215147633538,1.5233349612955482,ok
