peak,freq_mhz,odmr_nearest_freq_mhz,odmr_freq_error_mhz,live_signal_mean_adc,live_signal_std_adc,live_signal_sem_adc,batch_signal_adc,odmr_signal_interp_adc,live_minus_batch_adc,live_minus_odmr_adc,batch_minus_odmr_adc,live_ref_mean_adc,live_ref_std_adc,batch_ref_adc,odmr_ref_interp_adc,live_ref_minus_batch_ref_adc,live_ref_minus_odmr_ref_adc,live_signal_over_ref_mean,batch_signal_over_ref,odmr_signal_over_ref_interp
peak_01,2763.023746575854,2762.999938201905,0.02380837394912305,6735.264566855284,2.26726162402442,0.10571161829707572,6734.757029984411,6743.3826627982935,0.5075368708730821,-8.118095943009394,-8.625632813882476,6739.827463281955,1.8185298400332723,6739.269760369226,6748.064519469557,0.5577029127289279,-8.23705618760232,0.9993230093106268,0.9993303828834168,0.9993061926634288
peak_02,2772.8847172577803,2772.9999343872073,-0.11521712942703743,6738.668263989203,1.7765628380983978,0.08283266943339071,6738.541117767521,6742.705930545641,0.12714622168186906,-4.0376665564381256,-4.164812778119995,6744.184888772756,1.6749623502321909,6743.825474523948,6747.398755947703,0.35941424880729755,-3.213867174947154,0.9991820292389992,0.9992164155528062,0.9993044985820758
peak_03,2798.771433818544,2798.9999244689943,-0.2284906504501123,6748.939837775469,2.099525415565659,0.097890877251886,6750.248199712687,6757.951452108801,-1.3083619372182511,-9.011614333332545,-7.703252396114294,6750.4387789621405,2.024611601163306,6750.841285875846,6757.414715476679,-0.4025069137051105,-6.975936514538262,0.9997779653723923,0.9999121463328727,1.0000794292868977
peak_04,2810.3174267559225,2809.9999202728272,0.31750648309525786,6753.700137779056,2.156823409451662,0.1005624099919471,6755.223915701317,6756.125506247126,-1.5237779222616155,-2.425368468070701,-0.9015905458090856,6754.177486707482,2.0223558038584906,6756.221702784486,6757.47115346946,-2.044216077004421,-3.2936667619778746,0.999929335178013,0.9998523158168777,0.9998008652657522
peak_05,2834.976420536601,2834.999910736084,-0.0234901994831489,6754.200047286279,1.808968300102121,0.08434358188997675,6755.131523367057,6762.621086404312,-0.9314760807774292,-8.42103911803315,-7.489563037255721,6753.656510536338,1.8197769858682944,6753.54498273069,6760.4984640258235,0.11152780564771092,-6.841953489485604,1.0000804951726672,1.0002349196815041,1.0003139742416605
peak_06,2847.168405411039,2846.999906158447,0.16849925259202791,6757.749302745814,1.7680142122659264,0.08243408769875936,6757.682966042118,6760.910887680464,0.06633670369592437,-3.161584934649909,-3.2279216383458333,6757.463843368226,1.7357850767505085,6757.2813995782,6761.141614608847,0.18244379002589994,-3.677771240621041,1.0000422575623873,1.0000594272223062,0.999965874560609
peak_07,2869.1346751194783,2868.9998977661135,0.1347773533648251,6734.23503748882,3.4817547477152937,0.1623376521679026,6734.593643977137,6735.119793133516,-0.3586064883165818,-0.8847556446962699,-0.5261491563796881,6736.781607155435,3.001438336169254,6736.940180945686,6739.568037270688,-0.15857379025055707,-2.786430115253097,0.9996219836776168,0.9996516909894516,0.9993399808247988
peak_08,2875.5616379295775,2875.999895095825,-0.43825716624769484,6742.209098640382,2.267250649164121,0.10571110659157577,6742.696763150654,6740.366231117197,-0.487664510272225,1.842867523185305,2.33053203345753,6745.814608061758,2.1463764464083077,6746.246084604334,6743.593803417596,-0.43147654257609247,2.2208046441619445,0.9994655278341937,0.9994738820065013,0.9995213869051893
peak_09,2874.991358913494,2874.999895477295,-0.008536563801044394,6739.25840416696,1.9924846739327151,0.09290007693936954,6739.060369227007,6731.716290068028,0.19803493995277677,7.542114098931961,7.344079158979184,6742.463197978447,1.7401596101642087,6742.941522755753,6736.851129122194,-0.47832477730571554,5.612068856253245,0.9995247118902967,0.9994244123998929,0.9992377983488504
peak_10,2886.5838794260317,2886.999890899658,-0.4160114736264404,6742.142286538974,1.648039916691722,0.07684025732434985,6740.857937769356,6742.866135430343,1.284348769618191,-0.7238488913690162,-2.008197660987207,6746.588799726507,1.7192753099140468,6744.637760185836,6747.813145593249,1.9510395406714451,-1.2243458667417144,0.999340939524504,0.9994395811085968,0.999266872087865
peak_11,2906.489025610305,2905.9998836517334,0.48914195857150844,6750.957133942466,2.067121449847255,0.0963800345599627,6749.7297246080025,6763.134196126904,1.2274093344631183,-12.177062184438,-13.404471518901119,6751.375080246807,1.9459866991431058,6751.914029403674,6759.208452174891,-0.5389491568676021,-7.833371928084489,0.999938106708722,0.9996764910237068,1.000580799361314
peak_12,2917.9233134642295,2917.999879074097,-0.07656560986742988,6754.114058400699,1.9665794564913879,0.0916922399482421,6754.6020906562335,6760.402878279862,-0.48803225553456286,-6.288819879163384,-5.800787623628821,6754.826743220185,1.9318045522828573,6754.1778020600905,6759.536160870865,0.6489411600941821,-4.709417650680734,0.9998945032390889,1.000062818689199,1.0001282214324134
peak_13,2936.577714585426,2936.999871826172,-0.4221572407459462,6754.14509315726,1.8036888381595424,0.08409742570765792,6753.936491732126,6764.902900519472,0.2086014251335655,-10.757807362211679,-10.966408787345244,6754.397359340511,1.6661906201144978,6753.386620105755,6764.186492021012,1.0107392347554196,-9.789132680501098,0.9999626598243161,1.000081421612193,1.0001059119968536
peak_14,2949.797683060056,2949.9998668670655,-0.20218380700953276,6756.695553597984,1.6309541818007263,0.07604363082744121,6755.153686157044,6761.1203710323625,1.5418674409402229,-4.424817434378383,-5.966684875318606,6757.039164401966,1.7368747445711992,6754.957387596663,6760.760336969332,2.081776805303889,-3.7211725673651017,0.9999491654759706,1.0000290599257875,1.0000532534870468
peak_15,2969.4552021316945,2968.999859619141,0.45534251255367053,6739.278564537649,2.8723793733795957,0.13392537883833863,6737.695225723631,6746.72407964397,1.5833388140181341,-7.4455151063211815,-9.028853920339316,6742.844957949663,2.261395690938933,6743.4866491426465,6749.974250825075,-0.6416911929836715,-7.12929287541192,0.9994710763482844,0.9991411826373598,0.9995184913215472
peak_16,2979.576898157969,2979.9998554229737,-0.42295726500469755,6741.6215985839035,2.2650348336548465,0.10560779366074718,6742.927073081271,6744.668848971141,-1.305474497367868,-3.0472503872379093,-1.7417758898700413,6746.195432629759,2.0170675342207733,6747.257991258368,6748.653651270485,-1.0625586286087128,-2.458218640726045,0.9993220167139641,0.9993581217462401,0.9994095411462413
