batch,time_s,timestamp_epoch_s,acq_seconds,peak_01,peak_01_ref,peak_01_freq_mhz,peak_02,peak_02_ref,peak_02_freq_mhz,peak_03,peak_03_ref,peak_03_freq_mhz,peak_04,peak_04_ref,peak_04_freq_mhz,peak_05,peak_05_ref,peak_05_freq_mhz,peak_06,peak_06_ref,peak_06_freq_mhz,peak_07,peak_07_ref,peak_07_freq_mhz,peak_08,peak_08_ref,peak_08_freq_mhz,peak_09,peak_09_ref,peak_09_freq_mhz,peak_10,peak_10_ref,peak_10_freq_mhz,peak_11,peak_11_ref,peak_11_freq_mhz,peak_12,peak_12_ref,peak_12_freq_mhz,peak_13,peak_13_ref,peak_13_freq_mhz,peak_14,peak_14_ref,peak_14_freq_mhz,peak_15,peak_15_ref,peak_15_freq_mhz,peak_16,peak_16_ref,peak_16_freq_mhz,delta_f_mhz_b01,f_new_mhz_b01,delta_f_mhz_b02,f_new_mhz_b02,delta_f_mhz_b03,f_new_mhz_b03,delta_f_mhz_b04,f_new_mhz_b04,delta_f_mhz_b05,f_new_mhz_b05,delta_f_mhz_b06,f_new_mhz_b06,delta_f_mhz_b07,f_new_mhz_b07,delta_f_mhz_b08,f_new_mhz_b08
0,0.010538812610320747,1778437389.0498,0.020462875021621585,6627.648291408137,6630.803394259866,2759.8870779622653,6607.099763120091,6618.100039734694,2771.3708709513307,6638.341304214935,6642.281106152764,2795.190844499844,6614.453764098175,6616.978789314424,2808.681308952608,6631.595863006999,6634.641594583855,2834.6040561541786,6626.185577834153,6629.400910841458,2849.249524422221,6610.2218082342515,6615.9031466821525,2869.755418180756,6631.449596540026,6635.976999724912,2875.675239902322,6599.168901488522,6608.723370113397,2878.403100893244,6605.770339578814,6616.310913286671,2883.6588901178143,6620.608668276432,6626.4958400831365,2905.6679034029994,6618.080957911788,6623.982344041324,2917.42300957689,6619.231295656692,6623.95198979124,2941.327149368435,6635.114770608551,6641.840287923708,2951.725066922875,6592.145734633372,6603.446263410459,2971.6331429441066,6627.192465690619,6636.259140507993,2981.7960193704207,0.31354844302989104,2766.0231993039824,-0.3788004822519432,2800.831745518242,-0.6806087136696144,2839.3162497704047,0.10544893339437014,2872.627626034908,-0.17457147496028477,2881.203371316154,-0.10812603865177317,2912.443099159025,0.16691761840588223,2947.3215993335075,-0.19491912957338522,2976.4095921724074
1,0.08194356295280159,1778437389.115991,0.010035458020865917,6630.574427667573,6630.803394259866,2759.8870779622653,6607.099763120091,6618.100039734694,2771.3708709513307,6638.341304214935,6642.281106152764,2795.190844499844,6614.453764098175,6616.978789314424,2808.681308952608,6631.595863006999,6634.641594583855,2834.6040561541786,6626.185577834153,6629.400910841458,2849.249524422221,6610.2218082342515,6615.9031466821525,2869.755418180756,6631.449596540026,6635.976999724912,2875.675239902322,6599.168901488522,6608.723370113397,2878.403100893244,6605.770339578814,6616.310913286671,2883.6588901178143,6620.608668276432,6626.4958400831365,2905.6679034029994,6618.080957911788,6623.982344041324,2917.42300957689,6619.231295656692,6623.95198979124,2941.327149368435,6635.114770608551,6641.840287923708,2951.725066922875,6592.145734633372,6603.446263410459,2971.6331429441066,6627.192465690619,6636.259140507993,2981.7960193704207,0.47418542971765865,2766.18383629067,-0.3788004822519432,2800.831745518242,-0.6806087136696144,2839.3162497704047,0.10544893339437014,2872.627626034908,-0.17457147496028477,2881.203371316154,-0.10812603865177317,2912.443099159025,0.16691761840588223,2947.3215993335075,-0.19491912957338522,2976.4095921724074
2,0.15704175049904734,1778437389.1911821,0.010218667099252343,6641.053657120152,6642.596827337469,2759.8870779622653,6591.301592444295,6605.030482623713,2771.3708709513307,6631.384015955007,6638.3567701806405,2795.190844499844,6621.604561848579,6622.829205000458,2808.681308952608,6628.2688082648165,6631.330808142555,2834.6040561541786,6639.335943087691,6641.435967539813,2849.249524422221,6605.527071553016,6609.963962160345,2869.755418180756,6624.098303634195,6631.360538863587,2875.675239902322,6580.553174190788,6593.996478894764,2878.403100893244,6593.198037717395,6608.228369043616,2883.6588901178143,6626.898453403429,6632.66952807409,2905.6679034029994,6635.816236207477,6636.93336491732,2917.42300957689,6616.542089739279,6617.488435675643,2941.327149368435,6631.23170981447,6638.128801540484,2951.725066922875,6579.851303603631,6592.152122749641,2971.6331429441066,6620.507624476571,6632.099795213498,2981.7960193704207,0.5537648412685231,2766.263415702221,-0.9299768639979547,2800.2805691364956,-0.8924752251068933,2839.1043832589676,0.24261865792532916,2872.7647957594395,-0.15985282499764839,2881.2180899661166,-0.7608429184330299,2911.790382279244,0.5164101064342839,2947.671091821536,-0.12356169745336651,2976.4809496045277
3,0.2364182504825294,1778437389.2703922,0.00989016704261303,6640.797357642815,6641.559799186967,2759.8870779622653,6592.516994223188,6605.614879114833,2771.3708709513307,6631.638238530427,6640.419897912399,2795.190844499844,6621.836134119876,6622.045147782499,2808.681308952608,6628.134608918912,6630.17865788428,2834.6040561541786,6641.056349909833,6642.108335116301,2849.249524422221,6605.07620044625,6612.587121374209,2869.755418180756,6625.069706880216,6630.316398202769,2875.675239902322,6580.6217287648615,6594.152873124064,2878.403100893244,6594.949743252744,6609.226643640921,2883.6588901178143,6628.593711220466,6633.955440596631,2905.6679034029994,6637.385493779993,6637.977776079713,2917.42300957689,6618.0183879940105,6617.079391447873,2941.327149368435,6633.5217975364485,6637.810066632026,2951.725066922875,6577.401161475685,6592.842335788732,2971.6331429441066,6621.063410459394,6631.417260139989,2981.7960193704207,0.5617026038574365,2766.27135346481,-1.2885647890502236,2799.9219812114434,-0.8978696097407584,2839.098988874334,0.06705543416770096,2872.5892325356817,-0.18110407245771798,2881.1968387186566,-0.7768030426813536,2911.7744221549956,0.45305049544524667,2947.6077322105466,-0.33189221455054857,2976.2726190874305
4,0.3061645630514249,1778437389.3402398,0.01008695806376636,6641.576698658189,6638.117807256165,2759.8870779622653,6593.709964238775,6608.162791515114,2771.3708709513307,6633.6386435186605,6641.594317938686,2795.190844499844,6624.150910841458,6623.8260583183055,2808.681308952608,6630.881856527189,6631.931660910229,2834.6040561541786,6642.008883760735,6641.752188464712,2849.249524422221,6606.621357398294,6611.22294984259,2869.755418180756,6625.968731851941,6632.498195127916,2875.675239902322,6582.947013784882,6594.549083045511,2878.403100893244,6594.682218724211,6610.008712595898,2883.6588901178143,6627.615241311856,6633.622278937556,2905.6679034029994,6636.025616651894,6639.588186569672,2917.42300957689,6618.813155240396,6618.585478497417,2941.327149368435,6632.742409145093,6638.342502368799,2951.725066922875,6580.087958859309,6593.88224317633,2971.6331429441066,6619.643046428462,6633.870963107865,2981.7960193704207,0.8675246081674596,2766.57717546912,-1.251483927793266,2799.9590620727004,-0.9559723417638312,2839.0408861423107,0.21167119566093467,2872.733848297175,-0.10596918378037935,2881.271973607334,-0.4524011827337805,2912.098824014943,0.5058522745317441,2947.660533989633,-0.06985226712235092,2976.5346590348586
5,0.3734330419683829,1778437389.409228,0.013529999880120158,6636.461101262341,6586.279692514594,2759.8870779622653,6598.239635357766,6623.974588134608,2771.3708709513307,6630.055784454565,6638.028268178622,2795.190844499844,6640.6537472873415,6598.47204511416,2808.681308952608,6603.666904055996,6629.213301953113,2834.6040561541786,6636.210442583366,6623.7459929088855,2849.249524422221,6621.7781917657485,6627.542318977901,2869.755418180756,6630.838362319284,6639.0253201699425,2875.675239902322,6633.670805697344,6607.289390836568,2878.403100893244,6612.847363755846,6625.036465751749,2883.6588901178143,6626.669706880215,6588.098091206407,2905.6679034029994,6601.563930066938,6604.3455512424725,2917.42300957689,6611.678844331694,6628.224802090657,2941.327149368435,6633.675055781398,6637.838703120702,2951.725066922875,6634.842366353883,6617.261863862824,2971.6331429441066,6620.123009444631,6633.210625974263,2981.7960193704207,4.069393127768319,2769.779043988721,-6.601067422836523,2794.6094785776572,-7.798294585336001,2832.1985638987385,0.22880555254982982,2872.750982654064,0.772186861733671,2882.150129652848,5.706164476383765,2918.257389674061,-1.1047883543270036,2946.0498933607746,1.3690439787906845,2977.9735552807715
6,0.44323993811849505,1778437389.477173,0.0098065419588238,6639.203270471009,6586.279692514594,2759.8870779622653,6598.239635357766,6623.974588134608,2771.3708709513307,6630.055784454565,6638.028268178622,2795.190844499844,6640.6537472873415,6598.47204511416,2808.681308952608,6603.666904055996,6629.213301953113,2834.6040561541786,6636.210442583366,6623.7459929088855,2849.249524422221,6621.7781917657485,6627.542318977901,2869.755418180756,6630.838362319284,6639.0253201699425,2875.675239902322,6633.670805697344,6607.289390836568,2878.403100893244,6612.847363755846,6625.036465751749,2883.6588901178143,6626.669706880215,6588.098091206407,2905.6679034029994,6601.563930066938,6604.3455512424725,2917.42300957689,6611.678844331694,6628.224802090657,2941.327149368435,6633.675055781398,6637.838703120702,2951.725066922875,6634.842366353883,6617.261863862824,2971.6331429441066,6620.123009444631,6633.210625974263,2981.7960193704207,4.220948464770151,2769.9305993257226,-6.601067422836523,2794.6094785776572,-7.798294585336001,2832.1985638987385,0.22880555254982982,2872.750982654064,0.772186861733671,2882.150129652848,5.706164476383765,2918.257389674061,-1.1047883543270036,2946.0498933607746,1.3690439787906845,2977.9735552807715
7,0.5116757295327261,1778437389.546156,0.010901708854362369,6636.155105908244,6641.724545343399,2759.8870779622653,6597.7686905889905,6610.47663141486,2771.3708709513307,6633.036863098695,6637.491093315402,2795.190844499844,6621.310632087293,6623.940989393892,2808.681308952608,6632.284848855334,6629.226524436836,2834.6040561541786,6636.548395329645,6643.066133814225,2849.249524422221,6610.606151236361,6611.8182397530345,2869.755418180756,6628.123990585933,6633.098083565119,2875.675239902322,6583.2661521533155,6595.952679035365,2878.403100893244,6596.850259803771,6611.925445487055,2883.6588901178143,6627.589190634839,6634.44842895131,2905.6679034029994,6637.776315065562,6641.3558333588035,2917.42300957689,6618.32305223584,6619.177404713146,2941.327149368435,6633.887508023351,6639.223273833176,2951.725066922875,6580.513165938198,6594.969146009719,2971.6331429441066,6623.778648714736,6633.760123177553,2981.7960193704207,0.2762428032944995,2765.9858936642468,-0.43142227485199935,2800.7791237256415,1.069401065295312,2841.0662595493695,0.27521604198840793,2872.797393143502,-0.13972772998738583,2881.238215061127,-0.5691134966197782,2911.9821117010574,0.3865963332197144,2947.541278048321,-0.30251219922966943,2976.3019991027513
8,0.584494729526341,1778437389.618461,0.009873459115624428,6642.321306965799,6641.724545343399,2759.8870779622653,6597.7686905889905,6610.47663141486,2771.3708709513307,6633.036863098695,6637.491093315402,2795.190844499844,6621.310632087293,6623.940989393892,2808.681308952608,6632.284848855334,6629.226524436836,2834.6040561541786,6636.548395329645,6643.066133814225,2849.249524422221,6610.606151236361,6611.8182397530345,2869.755418180756,6628.123990585933,6633.098083565119,2875.675239902322,6583.2661521533155,6595.952679035365,2878.403100893244,6596.850259803771,6611.925445487055,2883.6588901178143,6627.589190634839,6634.44842895131,2905.6679034029994,6637.776315065562,6641.3558333588035,2917.42300957689,6618.32305223584,6619.177404713146,2941.327149368435,6633.887508023351,6639.223273833176,2951.725066922875,6580.513165938198,6594.969146009719,2971.6331429441066,6623.778648714736,6633.760123177553,2981.7960193704207,0.6141939898365598,2766.323844850789,-0.43142227485199935,2800.7791237256415,1.069401065295312,2841.0662595493695,0.27521604198840793,2872.797393143502,-0.13972772998738583,2881.238215061127,-0.5691134966197782,2911.9821117010574,0.3865963332197144,2947.541278048321,-0.30251219922966943,2976.3019991027513
9,0.6548193750204518,1778437389.688677,0.00965600018389523,6638.821227496408,6642.6088302717235,2759.8870779622653,6600.502607207262,6604.714636121894,2771.3708709513307,6632.939922670172,6639.205590365865,2795.190844499844,6620.33926857597,6623.860110951493,2808.681308952608,6629.490908396247,6632.974432252346,2834.6040561541786,6642.099116667176,6643.733021059388,2849.249524422221,6607.482542714797,6612.377319130726,2869.755418180756,6626.59742182963,6634.095745331173,2875.675239902322,6581.3697236910475,6594.272709906165,2878.403100893244,6595.287585964483,6609.332724577437,2883.6588901178143,6628.742707155301,6634.7767047712205,2905.6679034029994,6639.49301127854,6638.103675459242,2917.42300957689,6617.73969343155,6619.8976098053,2941.327149368435,6633.673478619678,6640.562812910721,2951.725066922875,6580.2570238713815,6595.674193844177,2971.6331429441066,6622.936439771374,6631.347145215024,2981.7960193704207,-0.09370683530561219,2765.615944025647,-0.5479298932309388,2800.6626161072627,-1.057656180932256,2838.9392023031423,0.23488120527131806,2872.7570583067854,-0.17107987033184402,2881.2068629207824,-1.1472940083584016,2911.4039311893184,0.40822411116347895,2947.5629058262653,-0.4225452822410794,2976.18196601974
10,0.7251742921071127,1778437389.759181,0.009954584063962102,6622.241803955129,6633.454456398814,2759.8870779622653,6642.898438120855,6645.469275911606,2771.3708709513307,6595.820440443806,6609.705966317206,2795.190844499844,6634.634576825503,6643.249573616163,2808.681308952608,6626.033464254057,6623.600139071432,2834.6040561541786,6630.730068465937,6635.599047895589,2849.249524422221,6643.868583610967,6645.435273710915,2869.755418180756,6610.414917321269,6613.733959409481,2875.675239902322,6628.708287740318,6632.153085551853,2878.403100893244,6581.112496561422,6596.999222116942,2883.6588901178143,6598.532429623743,6612.4927254943905,2905.6679034029994,6629.413240822813,6637.774565210746,2917.42300957689,6638.491557905676,6640.692355656081,2941.327149368435,6617.900912369716,6619.304020845433,2951.725066922875,6634.823660482318,6636.984592108078,2971.6331429441066,6584.303223095028,6600.336039367913,2981.7960193704207,-0.592767355295721,2765.116883505657,-0.8781500835863477,2800.3323959169074,0.6477078474848412,2840.6445663315594,0.20656459760702095,2872.728741699121,0.11541923131037837,2881.4933620224247,-0.8996458672291021,2911.651579330448,-0.07896617573337822,2947.075715539368,0.5748443820789996,2977.17935568406
11,0.7966229794546962,1778437389.830571,0.009836459066718817,6625.176137787695,6632.687665433872,2759.8870779622653,6639.808549072348,6642.898979124004,2771.3708709513307,6594.145332701654,6607.4013341687805,2795.190844499844,6633.741142219641,6640.570249411621,2808.681308952608,6622.706236818779,6622.175569275911,2834.6040561541786,6628.727342054588,6631.751344866583,2849.249524422221,6640.911778280405,6643.4363419628935,2869.755418180756,6607.903978054221,6611.9934743405565,2875.675239902322,6626.973698688756,6632.1321652352,2878.403100893244,6583.580261026376,6595.069422624324,2883.6588901178143,6596.706427850964,6611.644400464591,2905.6679034029994,6630.078685392915,6635.083176941652,2917.42300957689,6638.241829935508,6639.033485649663,2941.327149368435,6619.441973591711,6620.689175352263,2951.725066922875,6633.794252223614,6638.870394596082,2971.6331429441066,6579.988724516306,6592.325243757067,2981.7960193704207,-0.361187681017606,2765.3484631799347,-1.024701938825698,2800.185844061668,-0.05032416768612378,2839.9465343163884,0.2002591231866575,2872.7224362247007,-0.038533774807523465,2881.339409016307,-1.5053663096480128,2911.045858888029,0.03159970979595728,2947.1862814248975,0.26148945889451514,2976.8660007608755
12,0.8696311250096187,1778437389.903544,0.009765750030055642,6642.389957820093,6645.260190420883,2759.8870779622653,6594.0848259314735,6606.384859553136,2771.3708709513307,6631.812112968792,6639.183844790171,2795.190844499844,6621.846986276248,6623.505744719871,2808.681308952608,6630.021556071767,6633.6820383898275,2834.6040561541786,6643.069583091358,6644.460202646941,2849.249524422221,6608.048030076107,6613.134920683437,2869.755418180756,6627.245786594127,6632.175408808876,2875.675239902322,6582.238204908764,6594.693411682,2878.403100893244,6596.39702142617,6611.842458049333,2883.6588901178143,6632.197993397928,6637.626373139346,2905.6679034029994,6638.935770394596,6640.604733013417,2917.42300957689,6618.812161873032,6619.641302686677,2941.327149368435,6633.567015618793,6637.801833908978,2951.725066922875,6580.681255921998,6594.660775743498,2971.6331429441066,6623.142062230644,6634.105277073082,2981.7960193704207,0.40221966311550356,2766.111870524068,-0.9252911100620868,2800.2852548904316,-1.1358106505711998,2838.861047833503,0.13984920477950644,2872.6620263062937,-0.12461751899177538,2881.2533252721228,-0.6354586010635473,2911.9157665966136,0.2916881744613967,2947.446369889563,-0.2333339030723142,2976.3711773989085
13,0.9385835626162589,1778437389.973102,0.0109761250205338,6639.956959684567,6644.087355197604,2759.8870779622653,6599.861099734083,6607.103443164105,2771.3708709513307,6634.797811535286,6640.813468533178,2795.190844499844,6626.310867438946,6620.298768224471,2808.681308952608,6626.420062964207,6632.4191674053245,2834.6040561541786,6641.944134547788,6643.535721490356,2849.249524422221,6608.636047009201,6612.094052021885,2869.755418180756,6626.821846440687,6632.099246569062,2875.675239902322,6582.326234067916,6596.073917229575,2878.403100893244,6597.021578995629,6610.710691689336,2883.6588901178143,6630.446998502308,6635.517275422564,2905.6679034029994,6639.0784882477,6638.978738881926,2917.42300957689,6619.258024880031,6619.848283766851,2941.327149368435,6635.434576825503,6639.017052296969,2951.725066922875,6581.9318427728695,6594.883740868661,2971.6331429441066,6624.148493138123,6633.80242687288,2981.7960193704207,0.05442746840048787,2765.7640783293527,-1.7294764970623164,2799.481069503431,-1.5341485964347223,2838.46270988764,0.20808795623631265,2872.7302650577503,-0.20135903133758934,2881.176583759777,-0.8325393860380359,2911.718685811639,0.2551684937182384,2947.40985020882,-0.2463479353516798,2976.358163366629
14,1.0117969586281106,1778437390.045708,0.00976116699166596,6642.695471773084,6644.087355197604,2759.8870779622653,6599.861099734083,6607.103443164105,2771.3708709513307,6634.797811535286,6640.813468533178,2795.190844499844,6626.310867438946,6620.298768224471,2808.681308952608,6626.420062964207,6632.4191674053245,2834.6040561541786,6641.944134547788,6643.535721490356,2849.249524422221,6608.636047009201,6612.094052021885,2869.755418180756,6626.821846440687,6632.099246569062,2875.675239902322,6582.326234067916,6596.073917229575,2878.403100893244,6597.021578995629,6610.710691689336,2883.6588901178143,6630.446998502308,6635.517275422564,2905.6679034029994,6639.0784882477,6638.978738881926,2917.42300957689,6619.258024880031,6619.848283766851,2941.327149368435,6635.434576825503,6639.017052296969,2951.725066922875,6581.9318427728695,6594.883740868661,2971.6331429441066,6624.148493138123,6633.80242687288,2981.7960193704207,0.20446381576016254,2765.9141146767124,-1.7294764970623164,2799.481069503431,-1.5341485964347223,2838.46270988764,0.20808795623631265,2872.7302650577503,-0.20135903133758934,2881.176583759777,-0.8325393860380359,2911.718685811639,0.2551684937182384,2947.40985020882,-0.2463479353516798,2976.358163366629
15,1.0812925006030127,1778437390.1153831,0.01011966704390943,6640.439939481004,6634.9719656447705,2759.8870779622653,6594.862796099887,6609.62535837638,2771.3708709513307,6634.956573035425,6640.470568817434,2795.190844499844,6624.8505883791295,6624.689215086958,2808.681308952608,6629.536436714858,6633.017466454748,2834.6040561541786,6642.642496255769,6640.84628174955,2849.249524422221,6607.377688969037,6613.139471834214,2869.755418180756,6627.175014518446,6632.389931839716,2875.675239902322,6584.4929684873305,6596.178362930586,2878.403100893244,6597.15512577559,6612.008082953816,2883.6588901178143,6629.5392227282455,6636.36522602928,2905.6679034029994,6638.388195739218,6640.315005960203,2917.42300957689,6619.994166641196,6619.687880918177,2941.327149368435,6635.128557019288,6640.680413852126,2951.725066922875,6580.932664975396,6593.909193997005,2971.6331429441066,6622.755275544824,6634.850539474891,2981.7960193704207,0.9947203792075846,2766.70437124016,-0.9209246851323307,2800.2896213153613,-1.6951736793950414,2838.3016848046796,0.12635539353977415,2872.6485324950536,-0.1200436502173627,2881.2578991408973,-0.7947908624447764,2911.7564343352324,0.5083784589341532,2947.6630601740358,-0.13201089142265077,2976.472500410558
16,1.15143506298773,1778437390.185523,0.010114958044141531,6636.793287893144,6585.810213344745,2759.8870779622653,6599.540934376624,6626.922314087477,2771.3708709513307,6634.621461319803,6642.093691353119,2795.190844499844,6644.146538496806,6595.713246935845,2808.681308952608,6609.336789742336,6634.165682978269,2834.6040561541786,6639.574141883425,6624.131715927499,2849.249524422221,6625.309342237981,6631.530001222605,2869.755418180756,6633.772463856711,6643.552775315586,2875.675239902322,6644.830973194365,6609.636340434637,2878.403100893244,6613.615679921754,6628.805223584069,2883.6588901178143,6633.9185392915,6581.657586270134,2905.6679034029994,6597.783456612769,6598.9699452883815,2917.42300957689,6612.52756670844,6630.0465782315005,2941.327149368435,6637.076701714705,6638.100524192317,2951.725066922875,6639.397907815508,6618.911792034723,2971.6331429441066,6619.000585322615,6637.803615857198,2981.7960193704207,4.203709054759331,2769.9133599157117,-7.338124532980745,2793.872421467513,-8.216393062595733,2831.7804654214788,0.2677997837066476,2872.7899768852208,1.0692017640458653,2882.4471445551603,7.415453756823917,2919.966678954501,-1.4677821095165875,2945.686899605585,1.7770983155016584,2978.3816096174824
17,1.219831875525415,1778437390.2546282,0.011531167197972536,6599.348879787266,6620.096018889264,2759.8870779622653,6628.354836934927,6636.995464131796,2771.3708709513307,6641.461646850262,6597.574264144023,2795.190844499844,6609.132697068801,6632.897612861814,2808.681308952608,6638.274329859094,6621.877274811261,2834.6040561541786,6626.0893801387665,6631.367263196504,2849.249524422221,6628.844197206345,6638.667062994774,2869.755418180756,6641.928902405479,6610.790711251031,2875.675239902322,6615.307253110004,6623.788961396216,2878.403100893244,6630.712262738026,6589.110191949139,2883.6588901178143,6599.345997493659,6593.328581471405,2905.6679034029994,6607.6589953235325,6624.892919583091,2917.42300957689,6631.029773512241,6637.872054283705,2941.327149368435,6637.60536876853,6619.1123330378705,2951.725066922875,6619.6291224745555,6629.972353822173,2971.6331429441066,6636.004946969464,6584.9550890974115,2981.7960193704207,-0.7851891366632873,2764.9244617242894,8.426341612725565,2809.636887613219,3.3297513316353786,2843.3266098157096,-1.268431429042907,2871.2537456724713,-1.4637787905203767,2879.914164000594,3.146423550991484,2915.6976487486686,-2.2514283147634098,2944.903253400338,-3.0140472653183967,2973.5904640366625
18,1.2865846459753811,1778437390.320501,0.009765957947820425,6601.5334367454225,6620.096018889264,2759.8870779622653,6628.354836934927,6636.995464131796,2771.3708709513307,6641.461646850262,6597.574264144023,2795.190844499844,6609.132697068801,6632.897612861814,2808.681308952608,6638.274329859094,6621.877274811261,2834.6040561541786,6626.0893801387665,6631.367263196504,2849.249524422221,6628.844197206345,6638.667062994774,2869.755418180756,6641.928902405479,6610.790711251031,2875.675239902322,6615.307253110004,6623.788961396216,2878.403100893244,6630.712262738026,6589.110191949139,2883.6588901178143,6599.345997493659,6593.328581471405,2905.6679034029994,6607.6589953235325,6624.892919583091,2917.42300957689,6631.029773512241,6637.872054283705,2941.327149368435,6637.60536876853,6619.1123330378705,2951.725066922875,6619.6291224745555,6629.972353822173,2971.6331429441066,6636.004946969464,6584.9550890974115,2981.7960193704207,-0.6650688836753964,2765.044581977277,8.426341612725565,2809.636887613219,3.3297513316353786,2843.3266098157096,-1.268431429042907,2871.2537456724713,-1.4637787905203767,2879.914164000594,3.146423550991484,2915.6976487486686,-2.2514283147634098,2944.903253400338,-3.0140472653183967,2973.5904640366625
19,1.3539014169946313,1778437390.389759,0.013652083929628134,6639.587880918177,6641.344042852339,2759.8870779622653,6600.132224837241,6611.365653941376,2771.3708709513307,6636.483578873367,6632.306901610782,2795.190844499844,6619.4751994376,6622.904645902742,2808.681308952608,6629.286662896966,6627.044114680441,2834.6040561541786,6636.421583580402,6636.712956566922,2849.249524422221,6611.066078796956,6618.020211205183,2869.755418180756,6628.727184644068,6629.9044258336635,2875.675239902322,6594.936775988019,6598.96448635266,2878.403100893244,6600.133481064891,6616.21115016658,2883.6588901178143,6631.39327261057,6624.90746859431,2905.6679034029994,6629.650158938777,6633.6682840725,2917.42300957689,6619.044022984994,6620.764527615614,2941.327149368435,6633.379386863099,6638.351488522787,2951.725066922875,6587.212038084176,6598.207383011892,2971.6331429441066,6621.525800042791,6635.368294770303,2981.7960193704207,0.40395291456109556,2766.1136037755136,0.7667643422324456,2801.977310342726,-0.24036530529381966,2839.7564931787806,-0.05373465422216702,2872.4684424472916,0.103915562397953,2881.4818583535125,1.3583079184998659,2913.909533116177,0.27785162901001464,2947.4325333441116,0.045521655232169334,2976.650032957213
20,1.4534035210963339,1778437390.487232,0.009594541974365711,6643.650452364214,6641.344042852339,2759.8870779622653,6600.132224837241,6611.365653941376,2771.3708709513307,6636.483578873367,6632.306901610782,2795.190844499844,6619.4751994376,6622.904645902742,2808.681308952608,6629.286662896966,6627.044114680441,2834.6040561541786,6636.421583580402,6636.712956566922,2849.249524422221,6611.066078796956,6618.020211205183,2869.755418180756,6628.727184644068,6629.9044258336635,2875.675239902322,6594.936775988019,6598.96448635266,2878.403100893244,6600.133481064891,6616.21115016658,2883.6588901178143,6631.39327261057,6624.90746859431,2905.6679034029994,6629.650158938777,6633.6682840725,2917.42300957689,6619.044022984994,6620.764527615614,2941.327149368435,6633.379386863099,6638.351488522787,2951.725066922875,6587.212038084176,6598.207383011892,2971.6331429441066,6621.525800042791,6635.368294770303,2981.7960193704207,0.6266231597007271,2766.336274020653,0.7667643422324456,2801.977310342726,-0.24036530529381966,2839.7564931787806,-0.05373465422216702,2872.4684424472916,0.103915562397953,2881.4818583535125,1.3583079184998659,2913.909533116177,0.27785162901001464,2947.4325333441116,0.045521655232169334,2976.650032957213
21,1.5245072919642553,1778437390.558378,0.009678500005975366,6640.945352569,6645.208607146133,2759.8870779622653,6595.757017758352,6607.537384234494,2771.3708709513307,6633.425789344988,6638.313161353425,2795.190844499844,6623.415953479843,6624.344563988139,2808.681308952608,6629.551606198613,6632.547139101996,2834.6040561541786,6640.695069841367,6641.916318733379,2849.249524422221,6607.634939022525,6611.882999663784,2869.755418180756,6625.473840816701,6632.280401626066,2875.675239902322,6582.834735764281,6595.451807928601,2878.403100893244,6598.194901733045,6611.0737002170135,2883.6588901178143,6628.896940428522,6634.990694440198,2905.6679034029994,6639.303956658618,6641.080126539719,2917.42300957689,6616.778041996515,6619.698545098878,2941.327149368435,6632.469754256197,6640.47243940459,2951.725066922875,6579.190726533607,6593.98764251001,2971.6331429441066,6622.274361952502,6633.573515297858,2981.7960193704207,0.2971640788491989,2766.0068149398016,-0.702899855839328,2800.5076461446542,-1.0434739685156742,2838.953384515559,0.23345617823910955,2872.755633279753,-0.19327516219175953,2881.184667628923,-0.7137578225876233,2911.8374673750895,0.43898611212424526,2947.593667827226,-0.2564096105581765,2976.348101691423
22,1.597188354586251,1778437390.6309671,0.00949454098008573,6641.649527768437,6645.986968548461,2759.8870779622653,6596.309030473455,6608.330892196716,2771.3708709513307,6635.634277287037,6639.786033254883,2795.190844499844,6622.96505792096,6625.239558944891,2808.681308952608,6631.583187639453,6634.010193477397,2834.6040561541786,6643.113023810251,6644.868192377052,2849.249524422221,6608.516314148607,6613.6466301922555,2869.755418180756,6626.958011125715,6634.455252620962,2875.675239902322,6583.955978543267,6595.9982134670045,2878.403100893244,6597.262918360485,6611.51954641318,2883.6588901178143,6630.794022984992,6635.464165418591,2905.6679034029994,6638.86869670202,6641.161021792953,2917.42300957689,6619.435117828652,6621.933896750925,2941.327149368435,6636.157091114711,6640.093683711832,2951.725066922875,6581.574326802579,6594.6938533484135,2971.6331429441066,6624.472596815112,6633.7505211358,2981.7960193704207,0.30635270458090347,2766.0160035655335,-0.4381680936882199,2800.7723779068056,-0.838310516505693,2839.1585479675687,0.22672559334259784,2872.7489026948565,-0.1440533745619181,2881.2338894165528,-0.44282438585501444,2912.108400811822,0.11741743504951042,2947.272099150151,-0.2721720481591048,2976.332339253822
23,1.6695339170983061,1778437390.703497,0.009862249949947,6645.251410581654,6647.741762692177,2759.8870779622653,6596.014011064583,6607.349116667176,2771.3708709513307,6634.593821255005,6642.866664119571,2795.190844499844,6625.148137054131,6625.4022129168325,2808.681308952608,6630.328488247699,6634.7070269278975,2834.6040561541786,6642.766726778127,6645.791712259682,2849.249524422221,6608.696297032124,6613.99585078094,2869.755418180756,6627.442181434728,6635.914318244339,2875.675239902322,6583.161286181496,6597.956663202616,2878.403100893244,6597.431080172389,6611.559074792921,2883.6588901178143,6631.144256808386,6636.928625790873,2905.6679034029994,6639.698574135771,6640.917510774215,2917.42300957689,6619.567461869976,6620.590488125439,2941.327149368435,6634.994073417491,6641.202755448238,2951.725066922875,6581.958733991503,6596.497788611426,2971.6331429441066,6624.843912950452,6635.038703120702,2981.7960193704207,0.3698207443056375,2766.0794716052583,-1.2178736111887583,2799.992672389305,-0.9656423794841222,2839.0312161045904,0.25439726486848213,2872.7765743663826,-0.2166931288667469,2881.161249662248,-0.7480671090395508,2911.8031580886372,0.4486000314175818,2947.6032817465193,-0.2962957613947696,2976.308215540586
24,1.741304770926945,1778437390.77519,0.009707208024337888,6643.093807500688,6644.603093193141,2759.8870779622653,6594.815456796161,6608.333485649663,2771.3708709513307,6635.119433322126,6640.202428401137,2795.190844499844,6624.751742213528,6626.051291377572,2808.681308952608,6632.3936332793355,6635.293541583886,2834.6040561541786,6641.482157593911,6643.881729681816,2849.249524422221,6609.125563162881,6612.333963994254,2869.755418180756,6627.827059326955,6632.637298652077,2875.675239902322,6585.326432741388,6597.759660115536,2878.403100893244,6596.410781856527,6611.212803741175,2883.6588901178143,6629.563060488431,6637.084236024086,2905.6679034029994,6638.081538649632,6638.136577314546,2917.42300957689,6617.505413087997,6619.228929914112,2941.327149368435,6635.323536693462,6639.646043341383,2951.725066922875,6580.630594186509,6593.026671149554,2971.6331429441066,6622.932315004432,6633.100183390899,2981.7960193704207,0.5436534257956457,2766.253304286748,-0.6803992885186071,2800.5301467119752,-0.8063980357647501,2839.1904604483098,0.20060987645987957,2872.722786977974,-0.1400864291621125,2881.2378563619523,-1.1530090970631133,2911.398216100614,0.22010061213183596,2947.3747823272333,-0.19561285001152173,2976.4088984519694
25,1.8134220630163327,1778437390.847231,0.009552958188578486,6640.933233487178,6642.833936485619,2759.8870779622653,6595.432481584498,6606.721459791546,2771.3708709513307,6633.527779136229,6638.251771250421,2795.190844499844,6622.778960479261,6623.759676926369,2808.681308952608,6630.058382492282,6634.969234648654,2834.6040561541786,6642.838241586944,6645.059009077848,2849.249524422221,6610.257803282698,6613.489568114435,2869.755418180756,6626.302892991412,6632.41067640676,2875.675239902322,6582.53013265275,6597.4725769477645,2878.403100893244,6598.60201424336,6612.303181832074,2883.6588901178143,6629.429353241435,6634.3719717578015,2905.6679034029994,6638.287436195251,6640.4706131369,2917.42300957689,6616.718235168261,6618.869803160436,2941.327149368435,6633.722751169118,6638.671381850414,2951.725066922875,6580.612956566923,6594.67015924443,2971.6331429441066,6623.910972888712,6632.129616101721,2981.7960193704207,0.39954934402939984,2766.109200204982,-0.6755197123285467,2800.535026288165,-1.214181153760706,2838.7826773303136,0.2445251680179337,2872.766702269532,-0.23122226966051326,2881.146720521454,-0.4961967728482213,2912.055028424829,0.23752888707244194,2947.392210602174,-0.36697776124605014,2976.237533540735
26,1.8866076255217195,1778437390.920539,0.009799417108297348,6641.566732891157,6645.3071033407705,2759.8870779622653,6595.42634715897,6607.665067090503,2771.3708709513307,6634.410413546475,6641.155591894121,2795.190844499844,6622.5278693034215,6623.461888314943,2808.681308952608,6631.570478650242,6631.9697298040755,2834.6040561541786,6641.074198428951,6643.083760736008,2849.249524422221,6608.5089693431555,6611.976117920347,2869.755418180756,6628.340323073631,6632.97406547055,2875.675239902322,6583.749882324174,6598.313916312621,2878.403100893244,6598.450282727635,6611.0326985970605,2883.6588901178143,6630.644686248738,6636.661891371458,2905.6679034029994,6640.693384173365,6641.6065898462575,2917.42300957689,6619.600322462329,6619.977875416449,2941.327149368435,6636.645561940275,6640.9326191276705,2951.725066922875,6582.871465904575,6596.228109239845,2971.6331429441066,6623.79224103677,6634.038373017087,2981.7960193704207,0.35104775793589743,2766.060698618888,-0.9377191254207748,2800.272826875073,-0.41331603464717953,2839.583542449427,0.18557525973849157,2872.7077523612525,-0.2497383689954643,2881.128204422119,-0.8232963976246547,2911.7279288000523,0.3361241436046472,2947.490805858706,-0.23746534811729778,2976.3670459538635
27,1.958399708615616,1778437390.9922361,0.009609166998416185,6642.5534706727385,6643.79298071339,2759.8870779622653,6595.464322829112,6606.647707613779,2771.3708709513307,6635.668389522267,6641.1092383164705,2795.190844499844,6623.450079469389,6625.4525002292385,2808.681308952608,6632.037220710945,6634.34518904545,2834.6040561541786,6644.470356389645,6643.939071430754,2849.249524422221,6608.560627502522,6613.389254821652,2869.755418180756,6627.168122077208,6633.968733380201,2875.675239902322,6583.851652046336,6596.911431365957,2878.403100893244,6598.084969587677,6611.860777271756,2883.6588901178143,6629.733948711679,6634.654569489869,2905.6679034029994,6636.880054711619,6638.632321117462,2917.42300957689,6617.814663630529,6618.973096555307,2941.327149368435,6634.377528502,6638.203695326588,2951.725066922875,6580.5817266253025,6593.612534767856,2971.6331429441066,6622.8495873704815,6633.229168322279,2981.7960193704207,0.42998007610631966,2766.139630937059,-0.6362961869162526,2800.5742498135774,-1.241235160028866,2838.7556233240457,0.21316833583586922,2872.7353454373497,-0.18182632419016898,2881.196116466924,-0.5531689177069954,2911.99805627997,0.22639450219816726,2947.3810762173,-0.21579877135298506,2976.388712530628
28,2.030257021426223,1778437391.064121,0.009663874981924891,6642.889840144267,6643.8551700950575,2759.8870779622653,6594.223541278235,6605.987894672496,2771.3708709513307,6635.9033621664585,6643.151357092643,2795.190844499844,6627.151840022007,6627.098649020387,2808.681308952608,6629.914594858941,6632.946034171839,2834.6040561541786,6640.841909404897,6642.997571598864,2849.249524422221,6607.566830699636,6612.960149157931,2869.755418180756,6627.645361738546,6633.621560656538,2875.675239902322,6583.726885105604,6595.8223629917175,2878.403100893244,6599.058001956169,6612.292832472414,2883.6588901178143,6630.930864688084,6636.945951645934,2905.6679034029994,6639.136997585354,6639.104211877619,2917.42300957689,6617.70501726931,6620.525439374027,2941.327149368435,6634.823134761746,6638.385207995842,2951.725066922875,6582.33625943699,6593.946506403398,2971.6331429441066,6623.054153803832,6634.033994559402,2981.7960193704207,0.4770778532406644,2766.186728714193,-1.126884810335931,2800.0836611901577,-0.8763889160564976,2839.120469568018,0.16526632951337836,2872.6874434310275,-0.17118146387002295,2881.2067613272443,-0.9549758232284427,2911.5962493744487,0.055896084530943795,2947.2105777996326,-0.11965560406162432,2976.484855697919
29,2.1034780209884048,1778437391.137299,0.009578708093613386,6643.582392945564,6646.5824372650295,2759.8870779622653,6596.680710334078,6608.699246569062,2771.3708709513307,6635.585587003698,6642.589040865607,2795.190844499844,6625.346445273099,6626.548233334352,2808.681308952608,6633.767143992421,6636.588744383653,2834.6040561541786,6643.921244307241,6646.729580951799,2849.249524422221,6609.677818870923,6616.905613289727,2869.755418180756,6630.859016719136,6634.950435553382,2875.675239902322,6585.63928691506,6596.6693676070545,2878.403100893244,6598.580094446312,6613.257097227741,2883.6588901178143,6631.303296451386,6638.6563713054375,2905.6679034029994,6640.701508390132,6641.509892410673,2917.42300957689,6619.708685087264,6619.126143900724,2941.327149368435,6636.918404804843,6641.803417183728,2951.725066922875,6582.563566341657,6595.649162514901,2971.6331429441066,6622.567519943761,6635.985504477794,2981.7960193704207,0.3793990666390738,2766.0890499275915,-0.9363028569051668,2800.2742431435886,-0.7159298233820084,2839.2809286606926,0.03709320274369426,2872.5592703042576,-0.10798005756245634,2881.269962733552,-1.0241680785955283,2911.5270571190813,0.47390122643822086,2947.6285829415397,-0.07448192459894748,2976.530029377382
30,2.1723548965528607,1778437391.206424,0.010073625016957521,6644.245555827246,6642.6108231194785,2759.8870779622653,6599.104928630375,6611.233131093926,2771.3708709513307,6636.097848213465,6636.385307332579,2795.190844499844,6623.186286945625,6625.139513097167,2808.681308952608,6631.270148546627,6635.839010300455,2834.6040561541786,6643.259485894184,6645.771293211479,2849.249524422221,6609.310719197971,6614.085703151267,2869.755418180756,6628.85726227955,6633.5137711281595,2875.675239902322,6585.137049546107,6597.264417581074,2878.403100893244,6599.617254026957,6611.888727572822,2883.6588901178143,6632.580953327015,6638.695323532108,2905.6679034029994,6639.842775926887,6643.602822691566,2917.42300957689,6618.903625026744,6620.532215667695,2941.327149368435,6637.221501054497,6641.70088638934,2951.725066922875,6583.206864932603,6596.370399180855,2971.6331429441066,6627.0016337072475,6635.845800348443,2981.7960193704207,0.6390697965172474,2766.3487206574696,0.011493088862832549,2801.2220390893563,-1.096332601788441,2838.900525882286,0.14120787770833873,2872.6633849792224,-0.1961627162454886,2881.181780074869,-0.4394959161156412,2912.1117292815616,0.2422684040992426,2947.396950119201,-0.29479843553349366,2976.3097128664476
31,2.244071812951006,1778437391.277946,0.009682208066806197,6646.29515236727,6642.6108231194785,2759.8870779622653,6599.104928630375,6611.233131093926,2771.3708709513307,6636.097848213465,6636.385307332579,2795.190844499844,6623.186286945625,6625.139513097167,2808.681308952608,6631.270148546627,6635.839010300455,2834.6040561541786,6643.259485894184,6645.771293211479,2849.249524422221,6609.310719197971,6614.085703151267,2869.755418180756,6628.85726227955,6633.5137711281595,2875.675239902322,6585.137049546107,6597.264417581074,2878.403100893244,6599.617254026957,6611.888727572822,2883.6588901178143,6632.580953327015,6638.695323532108,2905.6679034029994,6639.842775926887,6643.602822691566,2917.42300957689,6618.903625026744,6620.532215667695,2941.327149368435,6637.221501054497,6641.70088638934,2951.725066922875,6583.206864932603,6596.370399180855,2971.6331429441066,6627.0016337072475,6635.845800348443,2981.7960193704207,0.7513871145614992,2766.461037975514,0.011493088862832549,2801.2220390893563,-1.096332601788441,2838.900525882286,0.14120787770833873,2872.6633849792224,-0.1961627162454886,2881.181780074869,-0.4394959161156412,2912.1117292815616,0.2422684040992426,2947.396950119201,-0.29479843553349366,2976.3097128664476
32,2.3130615419941023,1778437391.347168,0.010147500084713101,6642.11431671608,6644.567062994774,2759.8870779622653,6598.864703365223,6609.716644252223,2771.3708709513307,6634.943547696917,6644.038949170155,2795.190844499844,6621.286014915793,6622.147311795091,2808.681308952608,6630.874901427393,6634.057700889447,2834.6040561541786,6642.389309838922,6644.020195922609,2849.249524422221,6610.540547727481,6613.747696915976,2869.755418180756,6629.66347464621,6633.325071063974,2875.675239902322,6584.269095577222,6595.803663233181,2878.403100893244,6596.791178897821,6609.62007977504,2883.6588901178143,6630.780021089953,6636.19733013418,2905.6679034029994,6638.769359965767,6640.384784668521,2917.42300957689,6617.865909160375,6620.430325213192,2941.327149368435,6636.4355258733995,6641.13067824067,2951.725066922875,6581.337621114404,6597.20385273711,2971.6331429441066,6623.460558730934,6631.261457346333,2981.7960193704207,0.3449830331681541,2766.054633894121,-1.2447361878997447,2799.9658098125938,-1.0021224341122075,2838.9947360499623,0.16109698936091063,2872.683274090875,-0.16711321483604552,2881.2108295762782,-0.6415403583746887,2911.9096848393024,0.1784704387766657,2947.333152153878,-0.4726780084107863,2976.1318332935703
33,2.3814179794862866,1778437391.415222,0.009542291052639484,6644.530791331725,6644.567062994774,2759.8870779622653,6598.864703365223,6609.716644252223,2771.3708709513307,6634.943547696917,6644.038949170155,2795.190844499844,6621.286014915793,6622.147311795091,2808.681308952608,6630.874901427393,6634.057700889447,2834.6040561541786,6642.389309838922,6644.020195922609,2849.249524422221,6610.540547727481,6613.747696915976,2869.755418180756,6629.66347464621,6633.325071063974,2875.675239902322,6584.269095577222,6595.803663233181,2878.403100893244,6596.791178897821,6609.62007977504,2883.6588901178143,6630.780021089953,6636.19733013418,2905.6679034029994,6638.769359965767,6640.384784668521,2917.42300957689,6617.865909160375,6620.430325213192,2941.327149368435,6636.4355258733995,6641.13067824067,2951.725066922875,6581.337621114404,6597.20385273711,2971.6331429441066,6623.460558730934,6631.261457346333,2981.7960193704207,0.47736618064853475,2766.187017041601,-1.2447361878997447,2799.9658098125938,-1.0021224341122075,2838.9947360499623,0.16109698936091063,2872.683274090875,-0.16711321483604552,2881.2108295762782,-0.6415403583746887,2911.9096848393024,0.1784704387766657,2947.333152153878,-0.4726780084107863,2976.1318332935703
34,2.4527475209906697,1778437391.486638,0.00971504207700491,6645.443361249502,6646.0607512913775,2759.8870779622653,6596.95107283675,6608.213806278081,2771.3708709513307,6635.15649050952,6639.781870281506,2795.190844499844,6622.829431182565,6624.641681694532,2808.681308952608,6631.266794021457,6634.823536693462,2834.6040561541786,6643.432195800349,6646.789499342849,2849.249524422221,6610.47898493138,6615.163879634441,2869.755418180756,6628.912918360485,6633.138756609713,2875.675239902322,6581.569740501878,6597.934365925971,2878.403100893244,6597.090162606595,6612.13557477764,2883.6588901178143,6630.17350765657,6634.129466332488,2905.6679034029994,6638.118814377846,6640.767947855855,2917.42300957689,6618.468762417091,6619.7297246080025,2941.327149368435,6633.369867347251,6640.270032399059,2951.725066922875,6582.500828315555,6597.224802090655,2971.6331429441066,6625.442817189842,6636.470966164379,2981.7960193704207,0.468302441696131,2766.177953302649,-0.5570801990369257,2800.6534658014566,-0.75092466202285,2839.2459338220515,0.12952130665979675,2872.6516984081736,-0.2332270791719686,2881.1447157119424,-0.2933652408562645,2912.2578599568205,0.48864728590025786,2947.643329001002,-0.26565895956861674,2976.3388523424123
35,2.522205812507309,1778437391.5559812,0.0094846251886338,6639.834766329431,6640.69380597243,2759.8870779622653,6590.926533606382,6605.1021884647125,2771.3708709513307,6634.226033866185,6641.925769477642,2795.190844499844,6624.087245163066,6624.515990158022,2808.681308952608,6631.130713390592,6634.097782498395,2834.6040561541786,6642.187269615186,6644.394421860195,2849.249524422221,6610.200622000794,6614.142305223584,2869.755418180756,6626.592546688266,6632.120452669866,2875.675239902322,6583.293309288749,6596.699171684445,2878.403100893244,6596.295936363358,6610.63758137971,2883.6588901178143,6628.83422074151,6634.041574716508,2905.6679034029994,6638.61715621848,6640.519201026989,2917.42300957689,6618.0781535593105,6619.983407708531,2941.327149368435,6634.4373231041955,6638.349766176604,2951.725066922875,6580.12001405997,6595.85296634777,2971.6331429441066,6624.414981508085,6634.1380398569545,2981.7960193704207,0.6158549901557693,2766.325505851108,-1.12306452681373,2800.08748147368,-0.8548141731249919,2839.1420443109496,0.20004648591740493,2872.7222235874315,-0.17625530814863508,2881.201687482966,-0.5724556624638767,2911.9787695352134,0.1678781534635051,2947.322559868565,-0.3755554790077684,2976.228955822973
36,2.59160104196053,1778437391.625432,0.009596334071829915,6634.205127303848,6640.212634104593,2759.8870779622653,6582.181349145704,6595.970544365315,2771.3708709513307,6625.823934040408,6635.221641654187,2795.190844499844,6643.948112602011,6646.1705596478905,2808.681308952608,6598.636025613596,6610.722720603966,2834.6040561541786,6636.089821805178,6642.054485435707,2849.249524422221,6623.933445914966,6625.767177614085,2869.755418180756,6630.474795977626,6634.978284989456,2875.675239902322,6642.361254088088,6641.402648470214,2878.403100893244,6608.8469755784445,6612.152856313231,2883.6588901178143,6626.02251734572,6632.329043005166,2905.6679034029994,6583.881330806615,6597.705993825839,2917.42300957689,6598.747302625547,6610.328708316777,2941.327149368435,6629.066769569336,6635.282203441636,2951.725066922875,6639.638535012379,6636.809485894182,2971.6331429441066,6620.904772748113,6622.39165877067,2981.7960193704207,0.31336905064001036,2766.0230199115927,-1.1124441853876745,2800.098101815106,-1.862016270866539,2838.134842213208,0.2376150771084499,2872.7597921786223,-0.09181909262930629,2881.286123698485,0.9503053585725356,2913.5015305562497,-0.486959811860172,2946.6677219032413,0.11815292022289597,2976.722664222204
37,2.67000895855017,1778437391.704854,0.011622583027929068,6636.345289910443,6639.600319405812,2759.8870779622653,6579.562268851056,6594.684911513892,2771.3708709513307,6622.611807317297,6634.704448757528,2795.190844499844,6640.934365925971,6645.302900632698,2808.681308952608,6595.176921783782,6607.2326237124435,2834.6040561541786,6633.877951829323,6639.201312773177,2849.249524422221,6625.264995262402,6624.362018216829,2869.755418180756,6630.364047742764,6634.814695723935,2875.675239902322,6643.74884769386,6643.704749824249,2878.403100893244,6607.289803466088,6613.60795305193,2883.6588901178143,6626.378190237492,6633.450268973317,2905.6679034029994,6579.674424611058,6595.6119249931235,2917.42300957689,6599.545702539964,6612.704561848581,2941.327149368435,6631.629006326986,6635.555306109974,2951.725066922875,6640.2162148118705,6638.528905461992,2971.6331429441066,6617.88102973989,6618.938747440169,2981.7960193704207,0.5379940041504541,2766.2476448651028,-1.1826614112429155,2800.027884589251,-1.976271132626372,2838.0205873514483,0.3301737359555029,2872.8523508374697,-0.03892031297392964,2881.3390224781406,1.1410039393622127,2913.6922291370392,-0.8287489442987482,2946.325932770803,0.04370350960236916,2976.6482148115833
38,2.75586202100385,1778437391.789873,0.009949791943654418,6643.066841397437,6643.84660268362,2759.8870779622653,6595.704156860347,6608.268174037963,2771.3708709513307,6634.185550325518,6639.896431518781,2795.190844499844,6623.906135953785,6626.629451049912,2808.681308952608,6632.901910321851,6635.250460005502,2834.6040561541786,6644.681083228902,6645.149191551794,2849.249524422221,6610.472685454045,6614.995519149066,2869.755418180756,6627.926513739035,6634.0474019622825,2875.675239902322,6584.313240822814,6597.614689610906,2878.403100893244,6599.1040086193725,6612.173559617324,2883.6588901178143,6631.473588654216,6637.968925940642,2905.6679034029994,6639.785163676376,6641.670548950087,2917.42300957689,6620.373960020785,6619.702556774765,2941.327149368435,6633.68470061436,6639.773145459547,2951.725066922875,6582.294064247944,6593.20583641532,2971.6331429441066,6621.983221261117,6633.723234098482,2981.7960193704207,0.5310704020280265,2766.2407212629805,-0.5790510468708062,2800.6314949536227,-1.0629137871295649,2838.9339446969448,0.20035856727472467,2872.7225356687886,-0.20569475356227038,2881.1722480375524,-0.7542276192291398,2911.796997578448,0.5881677480018621,2947.7428494631035,-0.050364788042561934,2976.554146513938
39,2.8257945840014145,1778437391.8596292,0.009601250058040023,6638.377892227283,6637.853429409786,2759.8870779622653,6597.06648836996,6608.262079347129,2771.3708709513307,6633.803432466302,6637.673856099274,2795.190844499844,6621.842508481828,6623.09556499679,2808.681308952608,6630.013242351071,6632.380499434544,2834.6040561541786,6641.435940031176,6643.48723599352,2849.249524422221,6607.497247608277,6613.059887825902,2869.755418180756,6627.976639056149,6631.879755173152,2875.675239902322,6581.070321239723,6595.272934560014,2878.403100893244,6596.936876853013,6610.411124186203,2883.6588901178143,6629.289225784761,6633.962270379312,2905.6679034029994,6637.101273038481,6637.633296145735,2917.42300957689,6617.5219503621975,6618.789867652902,2941.327149368435,6633.286442827887,6637.371534676163,2951.725066922875,6578.233163187333,6593.2069642693405,2971.6331429441066,6622.052144145246,6634.4237338386765,2981.7960193704207,0.5271756503441731,2766.236826511297,-0.5325103919170255,2800.6780356085765,-0.7721564337447133,2839.2247020503296,0.08805475523703425,2872.610231856751,-0.21828530566334436,2881.159657485451,-0.6889979017393721,2911.862227295938,0.23960793037215963,2947.3942896454737,-0.21417850890384277,2976.390332793077
40,2.8960786045063287,1778437391.929895,0.009564958978444338,6584.316014610141,6598.625929944677,2759.8870779622653,6628.116220924901,6636.264333526912,2771.3708709513307,6643.4282681786235,6645.510870495462,2795.190844499844,6595.8891768805215,6608.113740563009,2808.681308952608,6632.8094415747155,6640.880551395299,2834.6040561541786,6624.144759605098,6624.49017788917,2849.249524422221,6629.433606382004,6633.125341565547,2869.755418180756,6642.511782865176,6646.011828712901,2875.675239902322,6609.47450866522,6612.876296726473,2878.403100893244,6626.840327658404,6633.236705688175,2883.6588901178143,6583.388693951156,6597.807387596663,2905.6679034029994,6597.371748632208,6612.861672830639,2917.42300957689,6630.530299232816,6634.848393801387,2941.327149368435,6638.254444172754,6641.419434850383,2951.725066922875,6619.1614191398985,6621.861182259987,2971.6331429441066,6635.948519118501,6640.188859002966,2981.7960193704207,-0.46075479020248405,2765.24889607075,1.0946319521521481,2802.305177952646,-2.1497370784913103,2837.847121405583,0.13893517511687128,2872.661112276631,-0.12419815032055175,2881.253744640794,0.0350976498110707,2912.586322847488,-0.11111321890660353,2947.043568496195,-0.0138542678817774,2976.590657034099
41,2.968010000535287,1778437392.001886,0.00968258292414248,6628.301299018858,6636.064105816547,2759.8870779622653,6643.563578567717,6645.275110798667,2771.3708709513307,6595.386798911881,6605.847438640463,2795.190844499844,6635.859482837668,6642.749937341442,2808.681308952608,6624.439277745514,6625.248957728398,2834.6040561541786,6629.912874041019,6634.40471314607,2849.249524422221,6642.242346486535,6644.087425497448,2869.755418180756,6607.695841611395,6613.126374667605,2875.675239902322,6627.819035975181,6633.1186447412665,2878.403100893244,6582.843501849192,6596.032354739126,2883.6588901178143,6597.235645077482,6612.385429593179,2905.6679034029994,6630.807114038575,6637.1990601216485,2917.42300957689,6639.146049454411,6641.476318122077,2941.327149368435,6621.304000978084,6621.240367393099,2951.725066922875,6634.404529755174,6641.861189901274,2971.6331429441066,6580.423140874775,6594.796101415166,2981.7960193704207,-0.4503550148393976,2765.259295846113,-0.6609221872469422,2800.549623813247,-0.02720006103777748,2839.9696584230364,0.2699392945342359,2872.792116396048,0.000811512297272988,2881.378754303412,-1.3413001367082387,2911.209925060969,-0.22029189306787356,2946.9343898220336,0.24577938740680208,2976.8502906893877
42,3.040146458428353,1778437392.0740101,0.009657667018473148,6644.798711678943,6645.045658220496,2759.8870779622653,6596.215174068527,6609.236493260384,2771.3708709513307,6635.177549897608,6642.804224103677,2795.190844499844,6626.291221689031,6625.706508848611,2808.681308952608,6632.450276614603,6634.916806247517,2834.6040561541786,6642.459226090412,6645.271131216187,2849.249524422221,6609.577326772016,6613.593208423755,2869.755418180756,6629.127718005931,6633.372576947765,2875.675239902322,6585.183114283095,6598.964067610112,2878.403100893244,6599.648998991351,6613.313723752178,2883.6588901178143,6631.889522266711,6637.256088577805,2905.6679034029994,6638.923872910108,6641.266497539506,2917.42300957689,6620.350287312407,6622.055891432588,2941.327149368435,6635.422408839442,6640.847741235443,2951.725066922875,6582.729675703762,6597.982272213223,2971.6331429441066,6625.204474737904,6636.006099275606,2981.7960193704207,0.5853506816872128,2766.2950015426395,-1.2426004737185579,2799.967945526775,-0.6491699826144182,2839.34768850146,0.153244399548395,2872.6754215010624,-0.202796452748254,2881.175146338366,-0.532880863016863,2912.01834433466,0.31905138496608426,2947.4737331000674,-0.30146021414888813,2976.303051087832
43,3.1137018755543977,1778437392.1477172,0.009961416944861412,6644.8903062628,6645.946026530549,2759.8870779622653,6597.954763578568,6609.667778219274,2771.3708709513307,6636.020215789958,6642.438872757283,2795.190844499844,6625.5578139805,6628.997845156952,2808.681308952608,6634.441379099551,6638.096135036831,2834.6040561541786,6644.674792921111,6645.672878014489,2849.249524422221,6609.715386496317,6615.760010086499,2869.755418180756,6631.1534722009965,6635.619558639238,2875.675239902322,6585.633925787816,6599.9859308616315,2878.403100893244,6601.202104410551,6614.809244429502,2883.6588901178143,6634.117081333863,6638.094059663173,2905.6679034029994,6640.443886970077,6643.109860317267,2917.42300957689,6622.378023657426,6622.765725769478,2941.327149368435,6636.59247638842,6640.793778463795,2951.725066922875,6582.1307867469495,6597.24816150625,2971.6331429441066,6626.502648470215,6635.327316074213,2981.7960193704207,0.4689553306500241,2766.1786061916023,-0.5775784562649905,2800.6329675442284,-1.2073104493495415,2838.7895480347247,0.09079605553876399,2872.6129731570527,-0.2186787292005628,2881.1592640619137,-0.29375086085454527,2912.2574743368223,0.32767622140948194,2947.482357936511,-0.3887104030543577,2976.2158008989263
44,3.186604021000676,1778437392.220514,0.009751042118296027,6646.193339853899,6648.502278631904,2759.8870779622653,6600.198991350063,6611.180332854479,2771.3708709513307,6638.064940245133,6642.3788718403275,2795.190844499844,6625.848181373598,6627.836954794143,2808.681308952608,6633.368099153346,6636.049219060427,2834.6040561541786,6642.018060946908,6646.785550325518,2849.249524422221,6610.539283858544,6613.945574166336,2869.755418180756,6627.499854815539,6635.875252926613,2875.675239902322,6583.7926750618935,6597.149778402665,2878.403100893244,6597.407421218328,6611.223249381056,2883.6588901178143,6630.380494849773,6635.55021854082,2905.6679034029994,6639.7404575602895,6641.616271357399,2917.42300957689,6619.766954488494,6621.973599352018,2941.327149368435,6636.136699575145,6640.610534278814,2951.725066922875,6580.936072989578,6597.928602867012,2971.6331429441066,6625.328885594645,6637.095245590977,2981.7960193704207,0.3599287080285788,2766.069579568981,-0.4949917865885121,2800.7155542139053,-0.3256807950619758,2839.6711776890124,0.3164675393631635,2872.838644640877,-0.18827810915923487,2881.189664681955,-0.5707385881950658,2911.980486609482,0.1906926744456359,2947.345374389547,-0.33875725028619497,2976.265754051695
45,3.2601172090508044,1778437392.294235,0.010165249928832054,6643.674542286884,6646.9480392456535,2759.8870779622653,6596.169199498732,6608.780183085246,2771.3708709513307,6635.484043463643,6643.29614879115,2795.190844499844,6626.886864626952,6625.31552403949,2808.681308952608,6633.353084023595,6636.952321423114,2834.6040561541786,6644.437862579088,6644.554726900389,2849.249524422221,6609.957558761501,6615.064761439006,2869.755418180756,6631.306105388636,6636.871947305682,2875.675239902322,6585.932593147294,6598.268982486169,2878.403100893244,6597.537234465262,6612.905365712015,2883.6588901178143,6632.5684781612,6636.350585322614,2905.6679034029994,6641.4965889293035,6643.108379435767,2917.42300957689,6621.944900204786,6621.3237078583,2941.327149368435,6637.159754867501,6640.79658434453,2951.725066922875,6582.79699697405,6597.912889323593,2971.6331429441066,6626.371603447749,6635.436299171686,2981.7960193704207,0.3970567902934553,2766.106707651246,-1.39158025986556,2799.8189657406283,-1.3609074825372576,2838.6359510015373,0.1609803317277975,2872.683157433242,-0.12345759867244653,2881.254485192442,-0.41375549739603223,2912.137469700281,0.3671689381248075,2947.5218506532265,-0.3772020761263262,2976.2273092258547
46,3.3348588754888624,1778437392.368754,0.009721333160996437,6644.218941223218,6647.314750741205,2759.8870779622653,6598.223484732708,6611.392320506158,2771.3708709513307,6637.898448818657,6643.251094232355,2795.190844499844,6626.101810985116,6626.915915273406,2808.681308952608,6632.7960250022925,6636.11501512975,2834.6040561541786,6645.334474432253,6645.719146009721,2849.249524422221,6609.938003178775,6613.537905370295,2869.755418180756,6627.347145215026,6633.747291927744,2875.675239902322,6585.87586728612,6598.346697435585,2878.403100893244,6599.464154720788,6613.955567442003,2883.6588901178143,6633.029209585232,6637.476313537304,2905.6679034029994,6640.163933123452,6641.367283063851,2917.42300957689,6618.999761591833,6619.457418161811,2941.327149368435,6637.122547910872,6641.617331968091,2951.725066922875,6583.541756579148,6597.223905003516,2971.6331429441066,6626.252758504753,6635.557960693218,2981.7960193704207,0.43723706539515034,2766.1468879263475,-0.7760814551274976,2800.434464545366,-1.259038474246056,2838.7378200098283,0.24183513197965437,2872.7640122334938,-0.14898279683920174,2881.228959994275,-0.5634608122719313,2911.987764385405,0.34732539233675264,2947.502007107438,-0.29756976094343834,2976.3069415410373
47,3.407430729479529,1778437392.441289,0.009645540965721011,6642.949535409726,6646.3337041904815,2759.8870779622653,6596.256990249717,6607.56678026714,2771.3708709513307,6635.957953051929,6642.910931625762,2795.190844499844,6625.071844912431,6626.594678607451,2808.681308952608,6631.982371549959,6634.966370694133,2834.6040561541786,6641.278092429011,6645.804543509492,2849.249524422221,6609.737893144236,6615.170264694195,2869.755418180756,6629.368004401382,6632.150013754317,2875.675239902322,6582.714544426444,6596.013246935845,2878.403100893244,6599.7446358162415,6612.278138276737,2883.6588901178143,6629.405524650792,6638.232093407096,2905.6679034029994,6639.434462206193,6640.742751474767,2917.42300957689,6619.761052358101,6618.394244582327,2941.327149368435,6633.609527157135,6640.858740104532,2951.725066922875,6582.139484060275,6596.522868844944,2971.6331429441066,6624.982638995018,6635.8717791973595,2981.7960193704207,0.31942317106329665,2766.0290740320156,-0.8890203686881496,2800.3215256318053,-0.4268350200535779,2839.570023464021,0.053988678360312285,2872.5761657798744,-0.2192124239149936,2881.1587303671995,-1.1601766578675508,2911.3910485398096,0.752181528807039,2947.9068632439084,-0.25604041586382714,2976.348470886117
48,3.4814819380408153,1778437392.515423,0.009811207884922624,6644.965976403704,6647.898143167161,2759.8870779622653,6598.7613198031595,6610.087602775317,2771.3708709513307,6635.609764037045,6642.861590304735,2795.190844499844,6626.523185194242,6627.653443164105,2808.681308952608,6631.562669254517,6634.1139254821655,2834.6040561541786,6643.661380933459,6646.623327322186,2849.249524422221,6611.897863496041,6616.728570773604,2869.755418180756,6631.003820643702,6635.93402053978,2875.675239902322,6586.254303573066,6598.982837668491,2878.403100893244,6599.178937555398,6613.2427254943905,2883.6588901178143,6633.190940489655,6638.136934926796,2905.6679034029994,6643.327062383471,6641.879842283828,2917.42300957689,6619.128502002017,6621.332846838035,2941.327149368435,6635.872899410094,6640.854234801479,2951.725066922875,6581.973839288444,6596.113352385609,2971.6331429441066,6625.821682917139,6638.900979613046,2981.7960193704207,0.3448873187873866,2766.0545381797397,-0.9769036408144842,2800.2336423596794,-0.6372214311447766,2839.35963705293,0.1487141957245041,2872.6708912972385,-0.16618451219728164,2881.2117582789174,-1.0029282369274455,2911.5482969607497,0.23567021541461267,2947.3903519305163,-0.14098491998745583,2976.4635263819932
49,3.5546698750695214,1778437392.588534,0.00965699995867908,6644.787344499801,6646.864781306355,2759.8870779622653,6597.089329706269,6609.987041904819,2771.3708709513307,6635.751169116973,6641.989422929975,2795.190844499844,6626.368271846441,6626.463477702724,2808.681308952608,6631.190608857782,6634.817377815814,2834.6040561541786,6643.825627349695,6646.762924473514,2849.249524422221,6613.139273160743,6615.347458507809,2869.755418180756,6629.499518598894,6634.463737506495,2875.675239902322,6587.7273558089055,6597.975069535716,2878.403100893244,6599.838935415838,6612.474849466637,2883.6588901178143,6631.760451752911,6637.009692208945,2905.6679034029994,6641.137329217227,6642.16439618547,2917.42300957689,6620.125583030228,6619.732334871779,2941.327149368435,6635.406407983617,6641.5919812329985,2951.725066922875,6583.250385120885,6599.523712443071,2971.6331429441066,6626.707402879237,6635.4345095821745,2981.7960193704207,0.47821973378578364,2766.1878705947383,-0.980032221164876,2800.2305137793287,-0.8420277510093795,2839.154830733065,0.24046134500327235,2872.7626384465175,-0.13953767038130563,2881.238405120733,-0.7001347558062073,2911.851090441871,0.5719580736546603,2947.726639788756,-0.4481554023399044,2976.156355899641
50,3.6277990004746243,1778437392.661827,0.009983916999772191,6644.262530183085,6646.443871687503,2759.8870779622653,6597.821777669102,6608.920512271907,2771.3708709513307,6637.424167863802,6643.627430693523,2795.190844499844,6626.140316960603,6628.246532383775,2808.681308952608,6632.168976373139,6634.8132072011485,2834.6040561541786,6644.030889140202,6646.963146070851,2849.249524422221,6611.223330378702,6615.76574258031,2869.755418180756,6629.14691139163,6634.385606871045,2875.675239902322,6585.988926246294,6597.9002903689225,2878.403100893244,6600.585273710914,6615.444495216555,2883.6588901178143,6632.192710211818,6639.07353822172,2905.6679034029994,6641.128373628389,6640.965945838555,2917.42300957689,6621.046264938716,6622.151656631109,2941.327149368435,6635.176134731179,6642.346489592566,2951.725066922875,6583.1593055598005,6598.4384372039,2971.6331429441066,6625.239691903293,6636.731228413363,2981.7960193704207,0.3735504680759631,2766.0832013290283,-0.7196707589502721,2800.4908752415436,-0.6600298187206559,2839.336828665354,0.16930942001079707,2872.691486521525,-0.12570669333470255,2881.2522360977796,-1.0936550825712585,2911.4575701151057,0.5261215134575553,2947.680803228559,-0.2700500274822068,2976.3344612744986
51,3.7014142085099593,1778437392.7352571,0.009614167036488652,6643.492847754989,6645.661108903629,2759.8870779622653,6596.400796222147,6607.044013815447,2771.3708709513307,6634.864385487667,6640.937631812207,2795.190844499844,6623.507308127273,6623.153999449828,2808.681308952608,6631.629808662163,6636.091395910383,2834.6040561541786,6644.2863908671325,6647.24406119143,2849.249524422221,6609.924384876363,6614.178148974539,2869.755418180756,6627.213569398172,6634.809592872208,2875.675239902322,6584.826435797903,6598.606018277959,2878.403100893244,6598.091376043036,6611.547699972491,2883.6588901178143,6630.249993886969,6637.459556194028,2905.6679034029994,6641.715126692546,6642.888264510805,2917.42300957689,6618.493006693767,6621.730780633921,2941.327149368435,6638.008350398874,6643.65626585567,2951.725066922875,6583.453067212763,6596.967608582694,2971.6331429441066,6625.712116025308,6635.770587156524,2981.7960193704207,0.3493299072676222,2766.05898076822,-1.0162877031621398,2800.1942582973315,-0.9935669229909083,2839.0032915610836,0.2604060537173933,2872.7825831552314,-0.20793793385615017,2881.1700048572584,-0.9534472817068276,2911.5977779159703,0.20281899830601408,2947.3575007134077,-0.25393570425897305,2976.350575597722
52,3.7731497085187584,1778437392.806989,0.009606916923075914,6646.070192866093,6647.958602561359,2759.8870779622653,6599.4534370510755,6608.0292508481825,2771.3708709513307,6637.58525842834,6643.0674083809645,2795.190844499844,6626.723255494086,6626.463415044166,2808.681308952608,6632.916725249869,6635.403534859553,2834.6040561541786,6643.328844331692,6644.88912950454,2849.249524422221,6607.821216798608,6613.616231622704,2869.755418180756,6628.988719931534,6635.697317908121,2875.675239902322,6584.263305009628,6596.168317694166,2878.403100893244,6599.049796741756,6611.82535837638,2883.6588901178143,6631.504722315616,6638.151428920745,2905.6679034029994,6641.291509001438,6640.9160375340025,2917.42300957689,6620.646712718159,6621.924201485466,2941.327149368435,6637.887712809854,6643.998662774704,2951.725066922875,6583.677368034967,6596.677088363847,2971.6331429441066,6625.660169025277,6637.173172968182,2981.7960193704207,0.2507209248538561,2765.9603717858063,-0.929129902671987,2800.281416097822,-0.8855841459995245,2839.111274338075,0.17656055240032253,2872.698737653914,-0.17790072977415472,2881.2000420613404,-1.0908334553511534,2911.460391742326,0.4172321859703344,2947.571913901072,-0.16063599414007548,2976.4438753078407
53,3.8460070214932784,1778437392.879909,0.0097311248537153,6644.304601583275,6644.07252498701,2759.8870779622653,6596.15759543968,6607.398798789621,2771.3708709513307,6634.992545160008,6643.043784576825,2795.190844499844,6626.242690344469,6627.916314148608,2808.681308952608,6633.339187578323,6635.409106886329,2834.6040561541786,6643.294889506984,6646.986598710149,2849.249524422221,6610.459470611609,6614.588504447231,2869.755418180756,6627.412496561422,6632.721088424978,2875.675239902322,6584.051251642877,6596.629287526361,2878.403100893244,6597.3155683589575,6608.844469236176,2883.6588901178143,6629.382570223432,6634.8570452669865,2905.6679034029994,6638.4501222605995,6640.268707399822,2917.42300957689,6618.18076229483,6620.7428110768105,2941.327149368435,6635.841475379772,6640.465748693341,2951.725066922875,6580.742742305223,6597.259054925574,2971.6331429441066,6625.250233823394,6636.194965919858,2981.7960193704207,0.5137230111668823,2766.2233738721193,-1.0092145020057404,2800.201331498488,-0.4119052411545563,2839.5849532429197,0.18601272946849734,2872.7081898309825,-0.2261380086833367,2881.151804782431,-0.6213186928395292,2911.9299065048376,0.17247402298777606,2947.3271557380895,-0.35499356788066266,2976.2495177341
54,3.959202979458496,1778437392.9931462,0.009814125020056963,6644.1846073906545,6645.036704159917,2759.8870779622653,6594.804569489868,6606.551621481187,2771.3708709513307,6632.312554635204,6641.666462389583,2795.190844499844,6625.877126570284,6625.709872543326,2808.681308952608,6631.289473362473,6634.9012440015895,2834.6040561541786,6643.8569230063895,6644.914293792218,2849.249524422221,6608.558183818811,6616.9458630069985,2869.755418180756,6629.284272702265,6634.645561940277,2875.675239902322,6583.374036433658,6598.849657670324,2878.403100893244,6600.8579438823845,6612.973357887337,2883.6588901178143,6629.160974416971,6635.350802335178,2905.6679034029994,6638.447894061191,6640.565149616408,2917.42300957689,6620.7021624843355,6619.817108842498,2941.327149368435,6636.664390072439,6641.419162820552,2951.725066922875,6582.54856802274,6595.293916006968,2971.6331429441066,6624.1433826451075,6634.215469022221,2981.7960193704207,0.4822815371400205,2766.1919323980924,-1.408859702382317,2799.8016862981112,-1.1885905162157242,2838.8082679678587,0.04078182889799813,2872.562958930412,-0.2845665392970777,2881.0933762518175,-0.679507129890353,2911.871718067787,0.4892166279220502,2947.6438983430235,-0.21667782113788436,2976.387833480843
55,4.03611195855774,1778437393.070094,0.009891082998365164,6643.294143717331,6645.464519974326,2759.8870779622653,6597.327173946267,6607.996911391632,2771.3708709513307,6637.416364581104,6644.606291836049,2795.190844499844,6626.250339273161,6627.036103554727,2808.681308952608,6633.128433230432,6635.113396705077,2834.6040561541786,6644.640342940979,6646.3993963382945,2849.249524422221,6610.957908732463,6615.023992114191,2869.755418180756,6629.146128923802,6633.986974661491,2875.675239902322,6584.539574227468,6597.450589907387,2878.403100893244,6598.662779289056,6613.515418589724,2883.6588901178143,6633.449640859493,6636.302885350124,2905.6679034029994,6641.659647889477,6642.485570192866,2917.42300957689,6619.926831616591,6620.465976403704,2941.327149368435,6636.57565485833,6642.125402695846,2951.725066922875,6582.961394687777,6596.063274444478,2971.6331429441066,6624.894192621573,6634.081505027966,2981.7960193704207,0.3505868704676584,2766.0602377314203,-1.0126122011970629,2800.1979337992966,-0.7552825333537733,2839.2415759507207,0.17205247740301507,2872.694229578917,-0.15101644770088338,2881.2269263434137,-0.3936657797306436,2912.1575594179462,0.43320946753920286,2947.5878911826408,-0.27551694848361397,2976.3289943534974
56,4.113939041970298,1778437393.147855,0.009758749976754189,6643.650197145214,6645.966338600729,2759.8870779622653,6596.846115169485,6608.233516214811,2771.3708709513307,6635.202131919186,6642.047583824923,2795.190844499844,6625.2830210593875,6625.950799278662,2808.681308952608,6633.719112388055,6635.743630222821,2834.6040561541786,6642.784453036647,6644.144991900235,2849.249524422221,6607.763104807898,6613.770374728735,2869.755418180756,6626.621858666748,6631.89845340343,2875.675239902322,6583.1378595225715,6597.426411345783,2878.403100893244,6597.909068679891,6611.78311733961,2883.6588901178143,6630.140028119937,6637.718600421799,2905.6679034029994,6638.432985909467,6640.710042179906,2917.42300957689,6619.358145612372,6622.327678271235,2941.327149368435,6637.2723308983095,6642.616544915487,2951.725066922875,6580.501373903475,6596.203359109942,2971.6331429441066,6624.907511385517,6635.211134884006,2981.7960193704207,0.38212329898191105,2766.091774159934,-0.9842418702638639,2800.22630413023,-0.8366009935269395,2839.1602574905473,0.12003220784586666,2872.6422093093597,-0.21033822699520974,2881.1676045641193,-0.8508100256184216,2911.7004151720585,0.19986544578270266,2947.354547160884,-0.3466074985804957,2976.2579038034005
57,4.183959812507965,1778437393.2177641,0.00953562487848103,6635.577690497295,6643.049214475655,2759.8870779622653,6600.004615337592,6611.627445976099,2771.3708709513307,6634.661085979766,6642.770956994835,2795.190844499844,6626.344314882171,6626.433360332549,2808.681308952608,6632.477180059296,6634.029374637039,2834.6040561541786,6642.5740303206285,6645.559316257604,2849.249524422221,6608.95198367821,6614.600421799066,2869.755418180756,6629.185531986429,6633.351797230796,2875.675239902322,6584.847585353181,6597.366039062261,2878.403100893244,6599.317232631355,6614.482111746186,2883.6588901178143,6631.270810282117,6637.882200385121,2905.6679034029994,6640.910321851025,6643.0807974447525,2917.42300957689,6619.779182076597,6621.230180028731,2941.327149368435,6634.171371152612,6640.9919995720875,2951.725066922875,6582.2743313873525,6596.287014396186,2971.6331429441066,6627.171357398295,6636.549894550233,2981.7960193704207,0.11221265142289097,2765.8218635123753,-1.218206598329948,2799.992339402164,-0.44675017690899416,2839.5501083071654,0.09416977038890921,2872.616346871903,-0.13330525011673225,2881.2446375409977,-0.7307247024456873,2911.8205004952315,0.4647562096382182,2947.61943792474,-0.31000731349512645,2976.2945039884858
58,4.2551556879188865,1778437393.2891562,0.00992695800960064,6601.442568083871,6623.7047360699335,2759.8870779622653,6633.945630711863,6642.007120151602,2771.3708709513307,6645.15030870801,6595.240870189811,2795.190844499844,6607.595095821744,6632.920576458722,2808.681308952608,6642.210437998595,6625.921079255432,2834.6040561541786,6626.543483510102,6632.104257725342,2849.249524422221,6633.775755723324,6643.219130727145,2869.755418180756,6645.93264357979,6608.635000152826,2875.675239902322,6614.810696274108,6628.673565730353,2878.403100893244,6633.778729712382,6584.377974753186,2883.6588901178143,6597.713899501789,6598.44669437907,2905.6679034029994,6611.012785402085,6632.260739065318,2917.42300957689,6635.604106427852,6639.088152948008,2941.327149368435,6640.796954182841,6618.738359262768,2951.725066922875,6619.4460509826695,6635.659094660269,2971.6331429441066,6639.648239447383,6580.595366323318,2981.7960193704207,-0.899924790409228,2764.809726070543,9.396252044457524,2810.606798044951,3.360391484338405,2843.357249968413,-1.4684417661406246,2871.0537353353734,-1.7968063849558427,2879.5811364061587,2.7558934789863603,2915.3071186766633,-2.2706879148426893,2944.883993800259,-3.6756550728700046,2972.928856229111
59,4.330340854590759,1778437393.364375,0.009992958977818489,6644.462623406791,6645.643789161598,2759.8870779622653,6594.666112418619,6607.14766482257,2771.3708709513307,6635.786536051595,6643.070085888071,2795.190844499844,6626.559285692453,6627.43866185775,2808.681308952608,6631.170110340189,6634.961802732524,2834.6040561541786,6643.631939053092,6647.220218846473,2849.249524422221,6609.79617171501,6614.445863007,2869.755418180756,6629.3809349879275,6634.514788947641,2875.675239902322,6584.108307607666,6599.912245927195,2878.403100893244,6599.207150716752,6612.580887611944,2883.6588901178143,6631.531394993428,6636.541710731423,2905.6679034029994,6639.683517743071,6639.737142769814,2917.42300957689,6618.978807653513,6619.765988629764,2941.327149368435,6635.566092551273,6643.033840205397,2951.725066922875,6582.304532811689,6594.458024880031,2971.6331429441066,6625.117134822873,6634.913800165053,2981.7960193704207,0.5046692103617898,2766.2143200713144,-1.01280252714673,2800.197743473347,-0.7517704625126216,2839.245088021562,0.1619586479446709,2872.6841357494586,-0.26108046883399244,2881.1168623222807,-0.8026459077197744,2911.7485792899574,0.5804533209135367,2947.735135036015,-0.20163988022966908,2976.402871421751
60,4.404897750006057,1778437393.438824,0.009777750121429563,6643.4654690222205,6644.617099672953,2759.8870779622653,6596.7608796650065,6607.651901152305,2771.3708709513307,6633.769937647094,6641.34505608705,2795.190844499844,6625.327612556163,6627.216910169025,2808.681308952608,6632.869407341748,6635.516190359752,2834.6040561541786,6640.316651893512,6643.125197909343,2849.249524422221,6607.164411468044,6612.858354983649,2869.755418180756,6627.169887214598,6633.766363052848,2875.675239902322,6583.765151144665,6597.237226823976,2878.403100893244,6597.3292646025,6610.704088088761,2883.6588901178143,6629.87804505303,6634.891570131736,2905.6679034029994,6639.58324418498,6640.0128694562445,2917.42300957689,6619.285049057065,6619.485774979368,2941.327149368435,6634.648658189932,6640.12587951218,2951.725066922875,6581.410352416175,6594.506901610784,2971.6331429441066,6623.498717791973,6631.596043341381,2981.7960193704207,0.4186029760565116,2766.128253837009,-0.9215963423472241,2800.2889496581465,-0.6831444952891271,2839.3137139887854,0.17623525108247548,2872.6984123525963,-0.20225773666198993,2881.1756850544525,-0.7507865636390395,2911.800438634038,0.456921324516503,2947.611603039618,-0.3269180329674616,2976.2775932690133
61,4.479122770950198,1778437393.5131252,0.00992954196408391,6643.71899471223,6646.036179967601,2759.8870779622653,6595.919185744414,6607.022262126722,2771.3708709513307,6634.526956933703,6640.700588379131,2795.190844499844,6623.972645719351,6625.048233334352,2808.681308952608,6629.748306690711,6633.112178683865,2834.6040561541786,6642.628824464346,6643.854292875263,2849.249524422221,6608.3106611241865,6613.139465721184,2869.755418180756,6626.974586606351,6631.675156646392,2875.675239902322,6583.8310633615565,6596.060353944433,2878.403100893244,6596.479871320718,6610.693666901,2883.6588901178143,6628.4930739370975,6634.667894366843,2905.6679034029994,6638.354920989089,6638.807907204205,2917.42300957689,6617.850586850873,6620.596116697741,2941.327149368435,6634.474835712322,6639.24171378794,2951.725066922875,6578.433525384357,6593.321708897516,2971.6331429441066,6622.775407280618,6633.892762172572,2981.7960193704207,0.366517620157174,2766.0761684811096,-0.8472504629390887,2800.3632955375547,-1.111311526983515,2838.885546957091,0.1408873167353213,2872.663064418249,-0.14980718119780426,2881.2281356099165,-0.9097617614869706,2911.64146343619,0.16888878919278755,2947.3235705042944,-0.2694734989429844,2976.3350378030377
62,4.557407937478274,1778437393.591386,0.009881624951958656,6644.400877219795,6645.008700369838,2759.8870779622653,6597.373252437572,6608.779098022435,2771.3708709513307,6634.856565394138,6643.312672311031,2795.190844499844,6624.8233792829415,6625.62373231042,2808.681308952608,6632.142361769111,6634.948305162454,2834.6040561541786,6643.938105572027,6646.985032246233,2849.249524422221,6609.144284317021,6613.391475379771,2869.755418180756,6627.795482470887,6632.641004676468,2875.675239902322,6582.605049362717,6594.380086805026,2878.403100893244,6596.560309624964,6610.466849038725,2883.6588901178143,6630.081489745391,6636.592373995171,2905.6679034029994,6639.975520371673,6640.311364122627,2917.42300957689,6618.702183879939,6621.035001681084,2941.327149368435,6635.190278754165,6642.546909863374,2951.725066922875,6581.268281015985,6595.922278937554,2971.6331429441066,6626.037460647369,6635.098749885381,2981.7960193704207,0.4766507472921029,2766.186301608245,-1.171561273306066,2800.0389847271877,-0.6688195902586153,2839.328038893816,0.16595604761951774,2872.6881331491336,-0.14614254343236113,2881.2318002476823,-0.9728077634322543,2911.578417434245,0.43383412605752636,2947.5885158411593,-0.35554438667977406,2976.248966915301
63,4.63564412551932,1778437393.669736,0.010108666960150003,6644.013956047315,6646.584835101018,2759.8870779622653,6595.998983708775,6607.800868050249,2771.3708709513307,6634.6258000427915,6641.451830852462,2795.190844499844,6625.5646391784085,6625.254540452976,2808.681308952608,6631.349625576918,6635.669434850383,2834.6040561541786,6643.044013815447,6643.80803863435,2849.249524422221,6608.551318886205,6612.302275575389,2869.755418180756,6626.265510285173,6632.58728489776,2875.675239902322,6582.525931472934,6596.449877739401,2878.403100893244,6596.7336476449545,6612.875700706054,2883.6588901178143,6630.745722407312,6635.309586759176,2905.6679034029994,6638.382423510712,6639.351700950576,2917.42300957689,6619.652153314792,6619.801939358743,2941.327149368435,6634.927436806554,6639.253189473362,2951.725066922875,6581.081951279152,6594.714235718435,2971.6331429441066,6623.117032429624,6634.955651496164,2981.7960193704207,0.39105819618412974,2766.1007090571366,-1.106254056622194,2800.1042919438714,-1.3748498215199592,2838.6220086625544,0.2339314753019165,2872.756108576816,-0.14413067619473294,2881.2338121149196,-0.6125965411844392,2911.9386286564927,0.35980975980215524,2947.514491474904,-0.17536461785174734,2976.429146684129
64,4.714327916968614,1778437393.748296,0.009860999882221222,6643.698717791975,6645.76448635266,2759.8870779622653,6595.410508298437,6606.859492007214,2771.3708709513307,6635.740237491213,6642.391620564234,2795.190844499844,6625.454221047163,6626.0488293547705,2808.681308952608,6631.752793654676,6634.11912767063,2834.6040561541786,6642.246488064307,6644.65687868692,2849.249524422221,6609.480786746952,6614.223151572578,2869.755418180756,6627.8250267445055,6633.711469572394,2875.675239902322,6582.020313598436,6597.86874560626,2878.403100893244,6598.004398325031,6612.906609713604,2883.6588901178143,6630.073805666779,6635.499391753523,2905.6679034029994,6639.53989974631,6639.839818748663,2917.42300957689,6618.362880154047,6620.443523244797,2941.327149368435,6634.510237796865,6640.938143778463,2951.725066922875,6580.892607818564,6595.873891249197,2971.6331429441066,6624.931693003637,6634.27090503408,2981.7960193704207,0.3993567274006382,2766.109007588353,-0.9688796520023117,2800.2416663484914,-0.7051706618938812,2839.2916878221804,0.1846933467255557,2872.7068704482394,-0.22385288126385738,2881.1540899098504,-0.826380127238406,2911.7248450704387,0.37430996303032954,2947.528991678132,-0.3579253239422008,2976.2465859780386
65,4.791257270961069,1778437393.825115,0.009638542076572776,6643.237356725862,6644.671546902222,2759.8870779622653,6596.66508695785,6606.884899287832,2771.3708709513307,6632.6280404682575,6639.44725830608,2795.190844499844,6622.307575572331,6624.985802488003,2808.681308952608,6630.657717700278,6632.7170263165945,2834.6040561541786,6643.159192468747,6643.5760583183055,2849.249524422221,6607.379849925116,6612.866787908427,2869.755418180756,6626.229145398416,6631.690873246324,2875.675239902322,6582.723362472109,6596.0140890057155,2878.403100893244,6596.773223400678,6611.124427667574,2883.6588901178143,6628.666104777332,6634.290685270654,2905.6679034029994,6637.924366537275,6639.735571721123,2917.42300957689,6617.41612464468,6620.304801785004,2941.327149368435,6634.760329492313,6640.870651343338,2951.725066922875,6580.509583702663,6594.850513494513,2971.6331429441066,6624.628832105633,6633.5752468135815,2981.7960193704207,0.36621279585006566,2766.0758636568025,-0.7254545735372073,2800.4850914269564,-1.0187145350544868,2838.97814394902,0.14436485018191653,2872.6665419516958,-0.1731694468593858,2881.204773344255,-0.6433634657287028,2911.9078617319483,0.27470957780459454,2947.429391292906,-0.34607957624660785,2976.258431725734
66,4.86733527155593,1778437393.9013262,0.009906624909490347,6643.882998135526,6643.851453372864,2759.8870779622653,6595.860176666564,6607.764545954703,2771.3708709513307,6635.496683681267,6641.079735305803,2795.190844499844,6625.159213864351,6624.40533209035,2808.681308952608,6631.072638078064,6633.634998624568,2834.6040561541786,6640.444991900236,6643.689312895437,2849.249524422221,6607.432428095485,6614.112627991564,2869.755418180756,6626.284582938535,6632.286814194455,2875.675239902322,6583.8225356848125,6597.458943362777,2878.403100893244,6598.622835223277,6611.686008802763,2883.6588901178143,6629.426067487851,6636.391030656846,2905.6679034029994,6639.175340037289,6640.632246232844,2917.42300957689,6620.473278417948,6620.083965522511,2941.327149368435,6635.261370235657,6640.968475104685,2951.725066922875,6582.509152734053,6596.326385365406,2971.6331429441066,6624.112155760003,6633.274140355167,2981.7960193704207,0.5392350743645965,2766.248885935317,-1.0050159712671993,2800.2055300292263,-0.5865718605023729,2839.410286623572,0.12178425706509792,2872.643961358579,-0.2142938631790358,2881.1636489279354,-0.8797894765030954,2911.671435721174,0.5294156734542447,2947.684097388556,-0.3107321504734354,2976.2937791515074
67,4.942822604440153,1778437393.9767292,0.009735208936035633,6643.232918666137,6646.13314179173,2759.8870779622653,6597.012317755296,6606.8601873643665,2771.3708709513307,6634.592601705534,6640.883360332549,2795.190844499844,6623.596911391632,6623.794087171807,2808.681308952608,6629.690483540666,6633.786262493505,2834.6040561541786,6642.725711403857,6644.120050738149,2849.249524422221,6606.898549683651,6613.565727297735,2869.755418180756,6625.53314790476,6631.237760185836,2875.675239902322,6582.674673717028,6598.5207338692435,2878.403100893244,6599.66220007947,6612.397105480331,2883.6588901178143,6629.238059724301,6635.861107375371,2905.6679034029994,6639.818111379405,6641.156637222239,2917.42300957689,6620.408761500138,6619.880125011461,2941.327149368435,6634.710104838463,6642.127247302626,2951.725066922875,6582.251089647582,6594.322083320598,2971.6331429441066,6622.961006510377,6635.51927285509,2981.7960193704207,0.2654439129430303,2765.9750947738953,-0.9738475359040081,2800.2366984645896,-1.216161142807904,2838.7806973412667,0.11199365132981408,2872.6341707528436,-0.27830680932400986,2881.0996359817905,-0.8486495456994254,2911.7025756519774,0.6926191123180485,2947.8473008274195,-0.06692450077117303,2976.5375868012097
68,5.027322104549967,1778437394.06126,0.009798208950087428,6643.865262707461,6646.252408533789,2759.8870779622653,6596.444742794265,6607.107794113153,2771.3708709513307,6633.129373108781,6639.643456001468,2795.190844499844,6623.590506464529,6623.4734877892215,2808.681308952608,6629.867770577987,6633.225902436044,2834.6040561541786,6640.282726105694,6642.545670446557,2849.249524422221,6607.78166091023,6612.466243848763,2869.755418180756,6626.243388758138,6634.201965339121,2875.675239902322,6582.602211388576,6597.778219274385,2878.403100893244,6597.289308310666,6613.070732340985,2883.6588901178143,6631.416726778128,6636.191790200814,2905.6679034029994,6639.989060732953,6638.952682091879,2917.42300957689,6618.638993489624,6619.415705902129,2941.327149368435,6635.742861509306,6639.338785646607,2951.725066922875,6579.898271540789,6593.865380383288,2971.6331429441066,6621.570837790752,6633.255380994591,2981.7960193704207,0.33843928886474695,2766.048090149817,-1.0423290851535567,2800.16821691534,-0.9172305136988961,2839.0796279703754,0.2579922392014268,2872.7801693407155,-0.18475542777913057,2881.1931873633353,-0.9219931962339535,2911.629232001443,0.23982208804475882,2947.394503803146,-0.19856988593215036,2976.405941416049
69,5.144213438034058,1778437394.178229,0.009954041801393032,6645.040540086193,6646.827215209218,2759.8870779622653,6597.089500871106,6610.483150961273,2771.3708709513307,6635.633478008375,6641.604462511845,2795.190844499844,6624.838938472354,6625.998406027446,2808.681308952608,6634.098720848488,6636.585811657549,2834.6040561541786,6642.225187211542,6645.597490601217,2849.249524422221,6610.197346945014,6613.582380719503,2869.755418180756,6629.342962374301,6634.541171256533,2875.675239902322,6585.2267124125065,6599.225291133049,2878.403100893244,6599.669725219304,6613.956103860379,2883.6588901178143,6631.391026072071,6636.998266956017,2905.6679034029994,6639.947860439526,6640.736242626158,2917.42300957689,6620.822541797844,6621.466468502613,2941.327149368435,6636.055594950638,6642.804094201791,2951.725066922875,6584.893034202403,6597.681417917292,2971.6331429441066,6626.24878656356,6636.117854632148,2981.7960193704207,0.5213986791660641,2766.2310495401184,-0.8107754384991457,2800.3997705619945,-0.5487291593864502,2839.448129324688,0.20784169817731032,2872.730018799691,-0.1926555346208415,2881.1852872564937,-0.7834093739458035,2911.7678158237313,0.5296951283570419,2947.6843768434587,-0.22826295955803536,2976.376248342423
70,5.22431122942362,1778437394.2582028,0.009706625016406178,6643.441933857017,6644.506041201821,2759.8870779622653,6596.247423357888,6609.156502735581,2771.3708709513307,6636.1333985389865,6644.111475685422,2795.190844499844,6624.483442858454,6624.035255371824,2808.681308952608,6631.688342451937,6633.608515450683,2834.6040561541786,6641.885232447964,6644.558608674389,2849.249524422221,6610.387390347525,6615.002579698627,2869.755418180756,6628.154346364276,6632.370840847267,2875.675239902322,6583.716833756151,6597.885214108872,2878.403100893244,6598.226460250024,6612.934005257205,2883.6588901178143,6629.889288443317,6635.636494788642,2905.6679034029994,6640.376681847358,6641.549553748815,2917.42300957689,6620.289704129352,6620.93474340557,2941.327149368435,6634.767567319742,6640.092630742428,2951.725066922875,6583.567911177674,6596.537786166213,2971.6331429441066,6625.8805391692395,6636.591188067367,2981.7960193704207,0.5344090075843678,2766.2440598685366,-1.2696360252569372,2799.9409099752365,-0.5732094314425364,2839.423649052632,0.13161984825027898,2872.6537969497645,-0.18635149059917722,2881.1915913005155,-0.7494782322574435,2911.8017469654196,0.40414558129758854,2947.558827296399,-0.1971860514658428,2976.407325250515
71,5.302558874944225,1778437394.336444,0.009692999999970198,6643.866152153314,6644.375174985481,2759.8870779622653,6595.65688632821,6608.491029128587,2771.3708709513307,6634.742338845249,6642.139699544578,2795.190844499844,6623.857699361188,6625.019968212245,2808.681308952608,6631.300773298285,6634.926336461167,2834.6040561541786,6640.544953693799,6643.257199620991,2849.249524422221,6607.818996240487,6613.730979307393,2869.755418180756,6628.101474768469,6633.576446495706,2875.675239902322,6583.439016413487,6595.927925848948,2878.403100893244,6595.5212641745875,6609.744415747165,2883.6588901178143,6630.690987865635,6635.9548384631835,2905.6679034029994,6639.504115597398,6639.990365864842,2917.42300957689,6618.703894000062,6620.24726441911,2941.327149368435,6634.1798254729965,6639.299637802978,2951.725066922875,6580.191365345234,6594.984592108078,2971.6331429441066,6622.070553534861,6634.3381819849,2981.7960193704207,0.5607621498692315,2766.270413010822,-0.9913420470934222,2800.2192039534,-0.8833559903243452,2839.1135024937503,0.13010910072503287,2872.652286202239,-0.15608090033083508,2881.2218618907837,-0.7777321382249763,2911.773493059452,0.30650932361109884,2947.4611910387125,-0.2102970918827099,2976.394214210098
72,5.375677313073538,1778437394.4096582,0.009883458027616143,6642.928769447077,6644.687381177981,2759.8870779622653,6596.093789161598,6609.633184582938,2771.3708709513307,6634.5556178745,6640.782678729712,2795.190844499844,6625.044884922211,6626.279982883517,2808.681308952608,6630.246186997584,6634.4848519118505,2834.6040561541786,6643.375110798668,6645.862942812603,2849.249524422221,6607.706785463216,6613.7327138796345,2869.755418180756,6627.7827108231195,6632.299796741756,2875.675239902322,6584.09834948192,6597.015841917046,2878.403100893244,6597.612299416205,6611.1686218174045,2883.6588901178143,6629.483601797231,6634.805598007151,2905.6679034029994,6637.906088577804,6639.336499373416,2917.42300957689,6619.056059540913,6618.464928019073,2941.327149368435,6632.794619005411,6639.848435064339,2951.725066922875,6582.26484549317,6592.918736436714,2971.6331429441066,6623.021380322156,6634.977410826175,2981.7960193704207,0.5310260498966672,2766.2406769108493,-0.8337575765089703,2800.3767884239846,-1.0394828109379903,2838.9573756731365,0.09321170631101995,2872.615388807825,-0.18372164618440318,2881.19422114493,-0.6541760946535052,2911.8970491030236,0.6663072113441523,2947.820988926446,-0.02796086121812887,2976.5765504407627
73,5.453175396542065,1778437394.487173,0.009909624932333827,6644.667762936701,6646.0567625393505,2759.8870779622653,6596.868728795428,6609.314023290644,2771.3708709513307,6635.680364947885,6641.826631414861,2795.190844499844,6625.544389766788,6624.81958920439,2808.681308952608,6632.6585521288625,6634.613049790629,2834.6040561541786,6642.897927682856,6646.051175230003,2849.249524422221,6608.669809273468,6612.846011247975,2869.755418180756,6628.400058073783,6633.525083290033,2875.675239902322,6584.636369471528,6596.665362044197,2878.403100893244,6597.521782253874,6612.677236604823,2883.6588901178143,6631.684271174007,6638.08183665984,2905.6679034029994,6642.089711770639,6642.771678332366,2917.42300957689,6620.699234343003,6621.534755631628,2941.327149368435,6636.092260904117,6640.113324876977,2951.725066922875,6582.860312681482,6597.29289665923,2971.6331429441066,6625.0380261026385,6635.862112968792,2981.7960193704207,0.491067570155561,2766.200718431108,-1.072705086448934,2800.137840914045,-0.4904560575247256,2839.50640242655,0.17800096074210975,2872.700178062256,-0.1211157861124247,2881.256827005002,-0.9085078764124686,2911.6427173212646,0.27213949165029533,2947.426821206752,-0.2613859603438648,2976.343125341637
74,5.528923375532031,1778437394.5628211,0.009716833010315895,6643.729801020876,6644.955963260691,2759.8870779622653,6597.428266650366,6608.278908518507,2771.3708709513307,6636.3957988201855,6642.0168230583495,2795.190844499844,6626.096585872789,6627.145412171043,2808.681308952608,6633.836238041385,6634.738023046122,2834.6040561541786,6642.778155087569,6644.638548766695,2849.249524422221,6608.719295778952,6615.038232417397,2869.755418180756,6627.986497845157,6633.4485848335735,2875.675239902322,6584.004332609958,6598.475080233517,2878.403100893244,6598.637810618333,6613.799063178165,2883.6588901178143,6633.58925634991,6638.482284439282,2905.6679034029994,6641.651697894061,6640.744032154538,2917.42300957689,6619.790086193723,6621.760888834551,2941.327149368435,6636.83559158847,6642.305761530702,2951.725066922875,6581.438776477061,6596.373747592994,2971.6331429441066,6626.435198826298,6634.069865818994,2981.7960193704207,0.4122421089882455,2766.1218929699407,-0.7804154995470224,2800.4301305009467,-0.5346814212673661,2839.462177062807,0.11565388824249688,2872.6378309897564,-0.1825750451491632,2881.1953677459655,-0.920229610714946,2911.630995586962,0.2994154469775626,2947.454097162079,-0.43642473130236514,2976.1680865706785
75,5.6069414999801666,1778437394.641097,0.010230999905616045,6644.172045114161,6644.966981997127,2759.8870779622653,6595.241177369562,6608.231815264236,2771.3708709513307,6633.979394504386,6641.22828804597,2795.190844499844,6624.048618455237,6626.058822630436,2808.681308952608,6632.355854754409,6634.779729192774,2834.6040561541786,6642.945367851576,6644.775625821439,2849.249524422221,6607.057786471865,6613.680109728887,2869.755418180756,6625.892615459852,6633.489216615216,2875.675239902322,6585.938759666229,6599.736719442492,2878.403100893244,6600.951213436439,6612.274987009812,2883.6588901178143,6630.868461350367,6636.957694776416,2905.6679034029994,6640.0044350032085,6642.0788473882085,2917.42300957689,6619.633545251704,6621.243974080753,2941.327149368435,6636.978772503591,6641.644189565059,2951.725066922875,6583.50289451967,6597.265099183911,2971.6331429441066,6624.60317266253,6634.77111134884,2981.7960193704207,0.553750412306394,2766.2634012732588,-0.8647877514136477,2800.34575824908,-0.823709557439082,2839.1731489266353,0.17864448187873191,2872.7008215833926,-0.2620872633966499,2881.115855527718,-0.6712959146237056,2911.879929283053,0.260318343021744,2947.4150000581235,-0.2604496482677032,2976.344061653713
