time_s,peak_01,peak_02,peak_03,peak_04,peak_05,peak_06,peak_07,peak_08,peak_09,peak_10,peak_11,peak_12,peak_13,peak_14,peak_15,peak_16
0.0069582000141963,1.0045647114920968,1.0027906599895995,0.9993708839637012,1.0064396567143779,1.0040834731925177,1.0019088738081758,0.9962496046394265,0.9980796987753133,0.9960987995749248,1.0039383620724276,1.0009381187446518,1.0026304329329552,0.9987355108650593,1.0024942069094422,0.9997172997351221,1.0057630930810755
0.1120754500152543,1.0008074352343306,1.0054447496807146,0.9986335610384215,1.0021300550402066,1.000437133069126,0.9996358040229494,0.9990075755326795,1.0004726344135388,1.0006235023804302,1.0035384182348313,1.0012142303588014,1.0059093592997705,0.9963545616051005,1.003382843978719,1.003618839555328,1.0064419714036608
0.2042698000004748,1.001649637632891,1.0001539956339531,0.9991066830699991,1.0010938298824512,0.9977109846930137,1.0031742908784267,0.9987546254562313,1.00006129836867,0.9981257287862276,1.0058033477239847,1.0014560932425594,1.001846560557209,0.9990193268835365,1.0034275191565667,1.0050148103579117,1.0083024085771441
0.3126260000135517,1.0026878941238182,1.002796379817685,0.999067548451728,1.006630282516597,1.0028179003174493,0.9977330381037081,0.9958001560414361,1.003111192891247,0.9994459312009794,1.0003792738301298,1.002537575014478,1.0017692744057007,0.9965003526359881,1.0058983054502313,1.001904961725661,1.0031251982784435
0.4127750000043306,1.00071243268225,1.0053374443395016,0.9984828732809109,1.0029863816043787,0.9979208019052346,0.9980568967032706,0.9950971267662562,0.9963298425683067,0.9993725658691873,1.0071114632969203,1.001197050652428,0.9999860870567112,0.9949292202697556,1.0007339260802592,1.0062607339827023,1.0063480664706734
0.524002100006328,1.0050373321266632,1.0043393185676608,0.9982494962666254,1.0028866549541169,0.9972838604857983,1.000920098143298,0.9982322371902529,0.9970456420397767,1.0038188949084856,1.0042632849519688,1.001365977132323,1.0069655551796926,0.9982128852974886,1.0049255699838202,1.0056933589223425,1.0073797254544345
0.6275877000007313,1.0019064233206643,1.0025116665251212,0.9986528011714211,1.0044874529760797,1.003939645683858,0.9984423991130599,0.9992374888741087,1.0009003830539287,0.999526276020139,1.0028906272000162,1.001447000528122,1.0020171840581948,0.9985480869423813,1.0028926189037233,1.0016148236708198,1.0090344485957816
0.7338175500044599,1.0016511198104652,1.0038535369490336,0.9999583614944225,1.0048553642964362,1.0028256029855007,1.0007491545562979,0.997249281767127,0.9985143843958489,0.9956186921803283,0.9986222757814568,1.0002816129589711,1.0048511860655356,1.0002296846911345,1.000639622602054,1.0032078888830724,1.0070133976156765
0.848657850001473,1.000404944070877,1.0038112950032403,0.995369957836963,1.0062773006587655,1.0019831337531286,1.0000926283706653,0.9981460830739779,0.9985772728395648,0.997974637896352,0.9980245414338137,1.0009854996837417,1.0061554117430402,0.9992469584557242,1.0033812884723952,0.9993095400554282,1.0080606372181906
0.9545983500138392,1.0014268645065136,1.002354412424638,0.9978148151013511,1.0048553642964362,1.0018252009121134,0.9959635576141895,0.9961823017437248,0.9978226336919502,1.0017314023351038,1.001381103482989,0.9979945023435102,1.005451369205795,0.9963013760232582,1.0033845487243316,1.0013965021380289,1.0080606372181906
1.0659145500103475,1.000241656740296,1.0027588077506162,0.9985756350629938,1.0046025449417308,1.002189464037255,0.9979586519581125,0.9962336647389437,0.9989359236727736,1.0000728195101343,0.9990215004218084,1.0030693000835875,1.0037237146001172,1.000304706291693,1.0033964410252045,1.0009999355517498,1.0078219761875793
1.1792748000007125,0.9994271442633149,1.0025365915104838,1.0010978930815548,1.0069710922722088,1.0045494344873842,0.9999861012687373,1.000377528161432,0.9980532285180629,1.0006275300202112,1.0025084811523108,0.9982835109421831,1.007320212171446,0.9956795011166575,0.9996822897958229,0.998347232150572,1.0099430496981594
1.2914335500099696,1.0015737988549134,1.0030033884449019,0.9966052122792642,1.0015512929113743,1.003490672987385,1.0020750263125677,0.9954555425236634,0.9995348961299894,1.0010230899447379,0.9985231863418137,0.9993594995114663,1.0017296230455466,0.9971082141775232,1.0026573075649428,1.0032525187386343,1.0067995500841933
1.4081612000009045,1.0027890785782545,1.0028637919117793,0.9998246006266343,1.0055233576976281,1.003632321094866,1.000920098143298,1.000366322786747,1.0033309987162013,0.9998580131648622,1.0006953860264434,1.0019071944904845,1.0003249584329679,0.9996010406434946,1.003259129293831,1.0005594869568613,1.0023124966747796
1.5327300999924771,1.0037808965658899,1.0027195188858524,0.9986528011714211,1.0019499911701566,1.003475698144882,1.0004847913625525,0.9968803150700203,1.0041538487513737,0.9991262179063677,1.0028161057729408,1.0036716528398417,1.0062831309746574,0.9971816522567872,1.007149921490786,1.0032144746355116,1.0056390965106796
1.653553299998748,1.0006493386511872,1.0006460949539369,0.9987088476319644,1.0036476955692304,1.0046112571600225,1.0057044418884893,0.9995490741225039,1.0016311960596391,1.0012115081632462,1.0021162993788517,0.9989086707019947,1.0041157115626074,0.9978852633627395,1.0003678110330225,1.0000214316486873,1.008666894411117
1.7675728000031086,0.9988109182790564,1.003124121763073,0.9969358177141424,1.0055785684474303,1.0015108137007518,1.0019256617129344,1.0018767221680653,1.0019183713896014,0.9992284967502637,1.0006688459758724,1.003338731853208,1.0030563748984007,0.9971562257550266,1.0044074097365896,1.000820066203104,1.0026204080008259
1.8854721000097925,0.9984811956858366,1.0039926725463273,0.9982446665849817,1.0015857648424065,1.0051963653201348,1.0030818423160117,1.0012794647597862,1.0045213058253368,0.9977061087069581,1.0018616673831897,1.0003786142528992,1.0029491042803629,0.9971562257550266,1.0033845487243316,0.9986443379774024,1.0065198942357045
2.003162599998177,0.9995581379600843,1.001897494016477,0.996161084221892,1.006576494424044,0.9993391265922559,1.0014670402552708,1.0016693849183884,0.9991837591768262,0.9972802818700882,1.0008486764104292,0.9988213447515295,1.0052488636433319,0.9998197809556296,1.0044606673935612,0.9979618627564153,1.0054994279901928
2.1283846000005724,1.002571971016605,1.0042497722296608,0.999073299028029,1.003124249647535,1.0029883738728342,1.0011839663712176,0.9981274725444648,0.9982115570011796,0.9997004873261321,0.9994472239794434,0.9976791599387099,1.001835966230127,0.9967081699160186,1.005294233337645,0.999415403715514,1.0062967359466268
2.2429078499990283,1.0024907542384696,1.0033938449625976,0.9984226961301649,1.0052131132167685,1.0054117303577357,1.0022284719168346,0.999986968680713,1.001104144262784,0.9984455907552946,1.000443077207544,0.9996714084794754,1.0004862278084348,0.9983351163339573,1.0039290848784783,1.002410218958291,1.0073533461111004
2.3587625499931164,1.0011779096304543,1.0053713121198071,1.0015645632591503,1.005774994879426,1.0054885369332904,1.0010628741342014,0.9956550334421396,0.999263844517446,1.0011068677859996,1.0030426374621741,1.0030420769420136,1.0013891747513135,0.9971983326065029,1.008108808595122,0.9981557092944954,1.0024920798360712
2.4697348000045167,0.9996873416421801,1.0025449084069988,0.9961334895770267,1.007823645639368,1.0040515217715844,1.0004750497213633,0.9968627488624435,0.9986413701030591,1.0000933525184605,1.0017776458629277,1.0004672117229227,1.0040688304578278,0.9951181674564692,1.0081384881745827,1.0044754816150114,1.0069454072322932
2.5849041000037687,0.997887079497215,1.0000916956351562,0.9999380293191813,1.0086865677706058,0.9999139653946918,1.0017709184991401,0.9990131668449665,1.0031109726569862,0.9979671690561557,1.004161772003311,1.0021595976303994,1.00621955431049,0.9939880212639467,1.002932514211623,1.002662172445972,1.0103947706401535
2.6959186000021877,1.0017561704109714,1.0053732169497103,0.9989382308205321,1.0044778838345163,1.0057864366007683,1.0037427009565119,0.9976939284168485,1.0003149697406148,0.9991262179063677,0.9974964930494782,0.999420355127351,1.0033014154794928,0.9961589022306002,1.0044606673935612,1.0058609444793554,1.0071277895649802
2.807452100008959,1.0002314190987152,1.0049912608792464,0.9975709473471859,1.004670378606466,1.0021668290517325,1.0014788997143114,0.9991363709639147,1.0015849383154487,1.0006639735917158,0.9976720332890047,1.0008101138374448,1.002248769256534,1.0000665343829434,1.0020633444817113,0.9997330471571659,1.0063348488695787
2.918549850001,1.0050284640461247,1.0002338457594462,0.9978434490702915,1.008279642987875,0.9985719345072365,1.0012535230933808,0.9943456829242857,1.0006382628732202,0.9991355188034986,1.0002315755829607,0.9978491406864477,1.0036713024999049,0.9990187843564216,1.004060492481576,1.0024384570405172,1.0074062011379996
3.0337523499911185,1.0015013316247865,1.0010975550071803,0.9985880129182331,1.0057083061912846,1.0017169826706998,0.9995507049747718,0.9977714080845895,1.0003827295574892,1.0023191264927587,1.0023776270605862,0.995543423077714,1.0030819080185172,0.9986432413117834,1.0075540803272722,1.0034055801273019,1.0072552037543123
3.149790750001557,1.002841648142194,1.001215325397463,1.000495493556274,1.0090121332044941,1.0016556296537762,1.0017706159841933,0.9996780872966043,0.9983565845744882,1.002098624949396,1.0042757301502587,1.0014935962371991,1.005764446675515,0.9983123655438361,1.0061790942564652,0.9998140992934227,1.0066636254734023
3.265001499996288,1.0075448364576218,1.001463928052892,0.9972302196638045,1.0033962937702372,1.0002027024314026,1.001362136312719,0.9966950502631406,1.0005761815134364,1.0002042075460624,1.0044589998158369,1.0005131726545322,1.0031751295349531,0.9981259603631139,1.006165846404913,1.0024403488303342,1.006254097298222
3.3818156000052118,1.0034958391425781,1.00206120795355,0.9994408605063207,1.0095142001172501,1.0002027024314026,1.0013262155268405,0.9991363709639147,1.0014967796958496,1.0006639735917158,1.0071165510842939,0.9994375189862164,1.0042246094750116,0.9982703577002302,1.0032593081555445,1.001057761119646,1.007310539259555
3.4968719000025885,1.0010014330726849,1.004701033943944,0.9991358609273114,1.0070359822326929,1.0018307517041478,1.0029496412434178,1.002345996943874,1.0021182480214248,1.0011664232201902,1.0044344127735785,1.0001302330294815,1.0058261712429322,0.9979974472497051,1.000441510248368,1.0017097032074556,1.00737109623074
3.620759249999537,1.0029969144790383,1.0016523236212578,1.0017174711723944,1.004113693660109,1.0016340024780683,1.0020313430663923,0.9990997469970462,0.9984444667725622,1.0000180645137033,0.9996690105434934,1.0008904287084959,1.0030480019559034,0.998163031345637,1.0029560101281827,1.0010483211053693,1.006718683179591
3.738727900010417,1.001281842002734,1.0023168484667213,1.0000218951154507,1.0039783800043254,1.0019100986807576,1.0017058420813478,1.0000103710173893,0.998598159489191,0.9990413344614358,1.0029243834122155,1.000839077839065,1.0030819080185172,0.9979974472497051,1.0035539075204947,1.0009917495306613,1.0081317760435515
3.8550895000080345,1.0012833558520964,1.001145549298009,0.9985467238948609,1.0054712941536759,1.0065488089882115,1.0018228394585418,0.9995275300275246,0.9998263901396853,0.9995288995001886,1.0029666111636302,1.0045458730288688,1.006022556042455,0.998388528579441,1.0028653960083824,1.0040566593371953,1.0082512273806412
3.974401049999869,1.0025483913213171,0.9971377361420591,0.9991001610232577,1.0101707322130877,1.003914578078039,1.0015070220120763,0.9983132949369181,1.0046374426254612,1.0003896324020853,1.0077189650866452,0.999882555416815,1.0006447904132403,1.0020638587360513,1.0035985063329027,1.0012674090401616,1.0059181849032726
4.095439099997748,1.004783114822889,1.00480190087248,0.9965707300257364,1.0035584176062706,1.0000585908164352,1.0029676886287284,1.0020751005123225,0.9956733408536927,0.9999345192244797,1.0062677086115857,0.9998219635094838,1.001981088831073,0.9954904871569004,1.0006757921449188,1.002310864036464,1.0029724874402186
4.214067900000373,1.0005346105272803,1.0028779962667251,0.9939646449549933,1.0049205361723754,1.0017375565638391,0.9993167531096137,0.9986039421681202,1.001612387608745,1.0008314946292018,1.004500930611264,1.0012621730752709,1.0030448455695204,0.9983361763847878,0.998365345622876,1.0057325590225226,1.0029944816508065
4.330209649997414,1.0015372068736503,1.0032385025920068,0.9995492507864671,1.004384786983434,1.0035276520873506,1.0008822055433908,0.9994849800081276,0.998831676160694,0.9991074664479725,1.000833080472848,1.0013747256793752,1.003662026930531,0.9991398162685798,1.0037341766665788,0.9980098580043429,1.0069421273863934
4.444051400016178,0.9996807859877331,1.0027696064860707,0.997100428684126,1.0041760309316476,1.0016485550336034,1.0020682360766786,0.9993045119286763,0.9991391316976391,0.9995604789080444,1.0011645385000543,0.999491141690875,1.0031293457102015,0.9989169158991412,1.001726666243602,1.0009438258847025,1.004605921122369
4.558047500002431,1.0026832130252834,1.0018652528451293,0.9979312903312917,1.0061519020668317,1.0028934025643328,1.0025010777044843,0.9983742280032745,1.0006505299606425,1.0017333604220184,0.9987163417253032,0.9977180382274101,1.0040255498318291,0.9984762979147996,1.0020247040695038,1.0015426011339843,1.0077412987418373
4.667744650010718,1.0023274170313026,1.0027310990564196,0.9989220175595126,1.008307467017495,0.9996792579803214,1.0036401642943462,0.9983325911668884,1.0002029910742243,1.0023547335017504,0.9998752575942972,0.9981204139352375,1.0013282345832977,1.0019055605426483,1.0030082983283037,0.9995050207209794,1.0086467841021804
4.781301400013035,1.002682486607396,1.0044295469505737,0.9935511338337462,1.0062310041217823,1.0024301737546777,1.0016129879465288,1.0012301890187372,1.0007517826881671,0.9999673395417971,1.0023890466717331,0.9972561246092339,0.9996970137776223,1.0008739261648552,1.0059398293670707,0.9987294629892286,1.0064654217733338
4.891359999994165,1.0026351373579239,1.0017397376548436,1.0005444002988597,1.0048984472117617,0.9994928768466965,1.0025224079234998,0.9992020432150649,1.000062544962262,0.9948482742211149,1.0014905602361674,1.0000724487445358,1.0053678230243537,0.9991104195516679,1.0039678361404234,1.0033414576686244,1.007287981540917
5.010530450002989,1.0051831042907031,1.0031847159600313,0.9952581556966948,1.005540125600577,1.0016493721563076,1.0027811773372084,0.9993999525152611,1.0010758921102538,1.001161385694043,0.9994827229485811,0.9970827183589532,1.0040255498318291,0.9996176580087284,1.0012398470147135,1.000798116006723,1.0071773234175785
5.125926150009036,1.0024219285784743,0.9982767408770933,1.0006307437177182,1.0065028690797915,0.9997415006858983,1.0018513314074817,0.9975765285887143,0.9978936359869673,0.998799074575142,1.0004597837686198,0.9981161954196146,1.0059546538468684,0.9973992359766696,1.001322909591796,1.0022530279687498,1.0063416007470374
5.240588350003236,1.001840649167215,1.0048142532224802,0.9984159500068869,1.005540125600577,1.0016493721563076,1.0025832418294955,0.9986361911908621,1.0026810041501013,0.9998468067826242,0.9996580569216856,0.9984305617679945,1.0041105506627754,1.0003383136383615,1.0038503430931425,1.0044122083415965,1.00759934260778
5.368669250005041,1.002482486132356,0.9984083471012609,0.9984159500068869,1.0060479439107568,1.0016662984461293,1.0025832418294955,0.9993483119662575,1.0007517826881671,0.9996189645635029,0.9968289389148329,0.9954230535792458,1.0013282345832977,1.0010828111316232,1.0051607805305836,0.9965531694040062,1.0075466841930334
5.487934799995855,1.002682486607396,1.0020727366391657,0.9982680807490801,1.0056546397900135,0.9998977368992075,1.0025224079234998,0.999380005366657,1.0014782522882875,0.9982120575666887,1.0055834120663292,0.9983283089380106,1.0023176286809137,0.9990248603430626,1.0084574927523404,1.000414470828078,1.007118905222873
5.603898150002351,1.002682486607396,1.0024549037247108,0.9966256702980152,1.0035111276923647,1.0002719974227134,0.9997826478808903,0.9992020432150649,1.0002029910742243,0.9973660485122567,1.0023343257045059,0.9975639937357348,1.0021598920654435,0.998716588561429,1.0059398293670707,0.997570060800689,1.007031674493228
5.718422950012609,1.00165921792838,1.0058868812677146,0.9980498999579995,1.0038024994119958,1.0012046799907477,1.00443717185238,0.9985304704105531,0.9993946959341772,0.9973678247044719,1.0032138984157866,1.0000735164809578,1.0016975351553639,1.0012797956213895,1.0068653467767898,0.999901923185113,1.0065226795856166
5.8373702000099,0.9984006529164912,1.0025278291493962,1.0007060919672244,1.0024106780363717,0.9983016186354267,1.0042637695762442,0.9983325911668884,1.0011124441552361,0.996586201470332,1.000365552438883,1.004311332646805,1.002064238172724,0.9986520595515165,1.004330901439252,1.000334248952693,1.0080227538636561
5.96289875000366,0.9975944841069274,1.0071983288153583,1.00168670567235,1.0027920184758463,1.0066970161621398,1.0028480472629167,0.9991944806293864,0.9961537151503739,1.00101159678916,1.0006297819139756,1.0003859791586849,1.0024388207408146,0.9941117017930962,1.0082101906371426,1.0021132225485259,1.0083777513876861
6.085964300000342,1.005341048061017,1.0039342064633616,1.0042248469135944,1.0046797666383986,1.0042680339080035,1.0050296413802515,1.0024909280891363,1.0002670127543294,1.001618141839698,1.0001458393237832,0.9969205514889157,1.0018739032371475,0.9998267324445058,1.0066008121893562,0.9978955953111102,1.008991525560401
6.211198249991867,1.0026868394077402,1.0040236398779911,1.001898813502558,1.0076307554640016,1.0030996665801115,1.0007650572084876,1.0032674232561383,0.9972824225227177,0.9987330535756019,0.9997806718248251,1.0026280460131547,1.0018249289419945,0.9950142872826712,1.004263339847469,1.0047361919533475,1.0067810377623563
6.329462650013738,1.0041902822852216,1.003838957127298,1.0001106213898712,1.0044241705602859,0.9990566240646075,1.001970035484196,0.9968139718413319,0.9974395951950337,1.0022978082102472,0.9993819525166302,0.999518444372624,1.0057980611441424,1.0009178771153968,1.0025191861050808,1.0027706764570627,1.0037646347366427
6.448722650005948,1.0021566951951888,1.0027852964025783,1.000129685542238,1.0065079622725528,1.002077716863523,1.0019860264254703,0.9973496068307018,0.9998267759158027,1.0006611191830224,1.0014473277795282,0.9994161196286167,0.9995043641254496,0.9982491669107416,0.9994158235709324,1.0024159205131369,1.0071762254590073
6.564058250005473,0.9985008628726922,1.0019966625855663,0.9954550707313158,1.006718643773267,1.0012326252568373,1.0039853245155186,0.9978807818478634,0.999366585948687,1.002134990612913,0.9997867711245122,0.9988210678305967,1.0056036295880286,0.9984339462448812,1.0032753598803992,1.00375546396939,1.0067213317864885
6.682763550008531,1.0022899062427788,1.003177747372046,0.9988532678299306,1.0043317229708402,1.0003054113595893,1.0014366071999372,0.998390781865949,0.9990820911352994,1.0004830189134435,1.000882782043726,1.0005109105769585,1.0026412903439947,1.0023728255281807,0.9990089298386757,1.0023585958215362,1.0053604589182383
6.804397450003307,1.0034402857703526,0.9988130908408976,0.9957837860675849,1.008650690355081,0.9979325398808747,1.0012390850958823,0.9944017100317347,0.9975913692572819,0.9991845503457529,1.0049882178795944,1.0010546824723705,1.0002164008287366,1.002166418014962,1.004022265088007,1.0024947696084419,1.0027008961743682
6.925482100006775,1.0020422904127226,1.0042171900123906,0.9981145614871897,1.0041357683447836,0.9988470981979363,0.9987409557685988,0.9958443019534003,0.9982229299920152,0.9986582299762796,1.001502655736068,1.001864085583764,1.0011440320127116,0.9978006542407769,1.0025637036282322,0.9990812644202978,1.0063437435929135
7.047026750005898,0.9981720815374672,1.0018243240613278,0.9990239539453974,1.0048778452670895,1.0000621166477228,1.0004847651362303,1.0004459230856222,0.9988883672097275,0.9979793184459377,1.0027905475452719,1.0007467762902043,1.00454211483914,0.9978060121386239,1.0033771010826327,1.0016739606247518,1.0063437435929135
7.1668206000031205,1.0011354004790263,1.0033375911659443,0.997960073985305,1.003314711604838,1.0004826670212337,0.9997626490391268,0.9973201345221502,0.9996712590818269,0.9981368139431599,1.0025945117915194,1.0003078357526198,1.0031707023773628,0.9986879913579417,1.004022265088007,1.0030276312155506,1.006139867220042
7.283507350002765,0.9970346861274312,1.0023424248258264,0.9986742126413473,1.0030945607976274,1.0007678270612217,1.001824309524339,0.9987454844092177,0.9996718754812884,0.9982633364496042,1.0005178669401595,0.9993416979054417,0.999127762762739,0.9977302717651714,1.0039866569337343,0.998672369825885,1.0066379274578683
7.406154100011918,0.9982153407820026,1.0021145989974618,0.999629705155649,1.0041828010979421,0.9977517986641374,1.0020441397502735,0.9998957013700596,1.0043455507164727,1.0005805885955485,0.9997717166390249,1.0000636790347361,1.0042922851596008,0.9962067366178065,1.003448351700037,1.0023056724402308,1.003016641227968
7.525307450006949,1.0043920621632267,1.0044281771970818,1.000077683484858,1.0005105135027792,1.0022693761301504,1.000426331274839,1.000919172822332,0.9973831089188699,0.9974430606848167,1.0016762574611604,0.9989697280824985,1.0035510350650563,0.9980073919937145,1.0044315516587126,0.9988359846456077,1.0020169660072475
7.646061200008262,1.0058778764810683,1.0053642466343078,0.999629705155649,1.0050065497194076,1.0012746255600922,1.0053502305170443,0.9981569484411352,0.997913424441995,0.998123637528921,1.0004328553574726,1.002109699711586,1.0028930180389712,0.9978755448583654,1.00570725358114,0.9997545083478688,1.0054511255402745
7.765282700012904,1.0037917420523261,1.0023260389304924,1.000077683484858,1.0041828010979421,1.0020768747073612,1.0017700914494976,0.9977025767085257,0.9980467466446757,0.9944932084330637,1.0014982537622235,1.0004396024605426,1.0032862681965649,1.001368994913644,1.0044315516587126,1.0005120776917582,1.0075238658447985
7.887512300003436,1.0046061453933781,1.0037095971930952,1.0021764635665902,1.0053155594293908,1.0028523380274195,1.0001925757996704,0.9941286386448758,0.995259157449556,0.9972690212556573,1.0027298843190935,0.996528007716135,1.0042641732263988,0.9980347597858321,1.0046916783474162,1.0024669460843134,1.0077577705513876
8.013286150002386,1.0038861013353182,1.0047231806737829,0.9991760159564866,1.0054220545518855,1.0016716855683343,1.0042736379451476,1.000254841156076,1.0001026974178062,1.0017611516313982,1.0016722300364567,1.0003666542472327,1.007285281295751,1.0016630135404738,1.0078004768112003,1.0024086457447638,1.0053726746151064
8.142747850011801,0.9995517678971452,0.9999664241101641,0.9985125243560408,1.0061187694717697,0.9998653949605727,1.0058494307537271,0.9994154610977989,0.9996565416711903,1.0008263851096322,1.0003123262775864,1.0014906563684602,1.0038404842570139,0.9993515772173631,1.0064741265552895,0.999411906034376,1.0044692330673335
8.265518400003202,1.000504602614591,1.0038381234187443,1.0015507123699803,1.0086209220526285,1.0013480859152362,1.0051980588609166,0.9998052086706521,0.999382579143867,1.0044248202570472,0.9988459946195609,0.9979880017100906,0.999622351528113,0.9995313902167055,1.0026727703982887,1.0009165401209132,1.0064054255225965
8.380600200005574,1.0027397227390675,1.0011201656950872,0.9942980789707723,1.0032183377951227,1.0004820479840142,1.0003812606442075,1.0022741412624496,0.9977529815609681,0.9966437083898457,1.0018919639229815,0.9995065386301212,1.0026641387530923,0.9990629153217431,1.002365324696521,0.9984129303712718,1.0063407537910023
8.494358850002754,1.0007556571755731,1.0015033333255376,0.9976857752423466,1.0032183377951227,1.0003171364787984,1.0015224183080222,0.9983930745285361,0.9990620236346154,1.0002184154694314,0.9970106885128032,1.0000598287582367,1.0025831976484223,0.9982962613069409,1.0031728126421726,1.0011202414513367,1.0070344526569066
8.609631150000496,1.0007556571755731,1.0015033333255376,0.9939631255840259,1.0041612280463108,1.0002789178703988,1.002502778276293,0.9983930745285361,1.0030374960040538,0.9994401090408549,0.996247008009381,1.0037115878934233,1.0026641387530923,0.9982962613069409,1.0031517253674695,1.0019624111495906,1.0067367147207178
8.725390300009167,1.000504602614591,1.0010025381769994,0.9945295001250122,1.0045429772947956,0.9998653949605727,1.0003329088825417,0.9943926085544729,0.9992044994860533,0.9982287955725019,0.9990043578163066,1.0003666542472327,1.0027939431869883,0.9973787690544719,1.0027540792228418,1.0041148016938959,1.0069372678997035
8.83943685000122,1.0007650872646177,1.0010181177629927,0.9975563757247987,1.0044664817242186,0.9997960916112696,1.0008526234499664,0.9972162644932969,0.9980374890385577,1.0004437618153346,1.001681098263559,0.999904083803281,1.003366319454213,0.9982886902113881,1.0027092219794895,1.002326688703804,1.0065312819996726
8.958411700004945,1.000650075094367,1.002471164233349,0.9988545120769003,1.004236334498779,1.002147963428634,1.001421838897025,0.9971028284631275,0.9996645615683782,1.0002208860523194,1.0010309846570613,0.9999367225681346,1.0033599639920046,0.9985902688526371,1.0023733778150712,1.0014485798890063,1.0043184581546487
9.072354200005066,1.0033772548979536,1.003462546859842,0.9981514083262315,1.0048972498330042,1.005522328160497,1.0017203196786661,0.9985483090361299,1.000031815828304,1.0006318272189785,1.000326985524731,0.9977788153747386,1.0006321076576776,0.997432303524799,0.9996540513326968,1.0053377304860065,1.0106735774250206
9.189907150008366,1.0021569882082662,1.0003826742051634,1.0013186473540454,1.0045217292119677,1.002152743318156,0.9980306893300627,0.9979142891027086,0.998936764615028,1.0005855645133759,1.0031720645025208,1.0000513938522033,1.0024440837507156,0.9991499325654067,1.0007197069185516,1.0041500629961992,1.0071756985822675
9.30989094999677,1.0012682145413219,1.001531829396266,0.9975411444145534,1.004584689162222,1.007008326319066,1.0010723513472357,0.9989149177575262,1.0039770512532955,1.0005203143379662,1.0044707767642123,1.0013781187028443,1.0019255136222858,1.000286636154581,1.0041949414186468,0.9982290328179543,1.0057880834688344
9.426938850010629,1.0043009892881456,1.0007614793611057,0.9998355386127145,1.010107925373141,1.0014306050948052,1.0038159120748258,0.9982848799691675,0.9978462689484798,0.997500847330569,1.0066117363880906,1.0054924390334434,1.002834961319719,1.000868402287461,1.002539400436699,0.9979136712295694,1.0119103176416635
9.542010200006189,1.0028283921029224,1.0010306942431344,0.9974670819244471,1.0023624419095838,0.9990441298354158,1.0030517542243933,0.9996657656037452,0.9976892549405165,0.9979355141495961,1.0016707298241192,1.002571620546549,0.9996583692216872,0.9998600113815438,1.001858867382073,1.0011603468093526,1.0067655672697466
9.658966100003454,1.0035845565549322,1.0050964381919942,1.0007218930513797,1.002604797412225,1.000720030985403,1.0000235128874948,0.9985224472784904,0.9976881885851011,1.0004141185398014,1.004393581617407,0.9983950739090539,1.0038618579109362,0.9981395801472897,1.0020672856561808,1.0046964959852813,1.0045949273320127
9.781214200003888,1.0030957274790302,1.000760524544283,0.9987886345194262,1.0050776990363357,1.0019014640601946,1.0034011874582156,0.9983902711970325,0.9990177039042201,0.996805290205376,1.0021163163923053,1.005430973168967,1.0030302212606212,0.998613176047395,1.0033222478515276,0.9982670323671078,1.0071888458123008
9.89972359999956,1.0055738277390467,1.00165692026688,0.9979240350261941,1.0049223483679552,1.002006435617808,1.0007951644643975,0.9984963178804964,0.9975517534083468,1.0006831049081792,0.9982934549914259,1.0053870829611478,1.0015957604031893,0.9981489152811771,1.000778414418559,1.0016075207576618,1.006173658859847
10.023329150004429,1.0006347858226483,1.0049714436515023,0.9952770637822488,1.0058251718747535,1.001453291522946,1.000571465170167,0.9984288373429493,1.0007835225817447,0.9986188656533205,1.004074342087522,1.0014208967783407,0.9993606791184629,0.9984112804882415,1.001945576963445,1.00271217621395,1.0074437198876762
10.143858850002289,1.002831314338566,1.0019737422197719,0.9990841159708238,1.0041797302980748,1.0012597688108142,1.0003494718389991,0.9980728175053271,0.9941935212483081,0.9992755566944138,0.9994435711781986,1.0010383343944842,1.0024542992114767,0.9982736547174973,1.0026500667691034,1.0005087269481767,1.0066218775523232
10.263790299999528,1.0022182403584636,1.0012505377305896,0.999960115563002,1.0038287492876747,0.9996855682327084,1.0044164468435446,0.996902080389985,1.0008064175368703,1.001287903911456,1.0017809747167725,1.0016024036561013,1.0024542992114767,0.9986876379840597,1.0001758089889263,1.0017360565327988,1.0050606717325787
10.385894550010562,1.005083143975158,1.0019874181030703,0.9961145384679145,1.0113459768782074,1.0009637842060026,0.9994027148929143,0.9985855453388247,0.9945594031823977,0.9986697033147645,1.0015115730158552,1.0014001501144731,1.0044264105580978,0.9940811595233836,1.0013104885009916,1.0020549161609134,1.0063300143926386
10.505879799995457,1.0006404448800084,1.000910114444214,0.9943579905362723,1.0089396357455371,1.0024526573657435,1.0000751118421005,0.9972390343658806,1.0008093971426721,0.999889135805492,1.0015722209286382,1.0000354572536856,1.0039950356013823,0.998753153149064,1.0014339546603408,1.0018805948861855,1.006985032302888
10.634143949995632,1.0005999215220511,1.0025604403062667,0.9927965374338963,1.0102683735562226,1.002704868441242,1.0000240106247706,0.9969132690767791,1.0022192900697222,0.9997913974064409,1.001782210687575,1.000177257697339,1.0013729693905289,0.9998458292071989,1.000778414418559,1.0019272560224919,1.0072326605605812
10.75786350000999,0.9967624034065921,1.001888877359025,0.997267304340892,1.0092655720444392,1.0022786016366745,0.9979727232561336,0.9972657788032948,1.0008064175368703,0.9998002172745686,1.0017809747167725,1.0028719498660068,1.0076075688934254,1.0016918675283084,1.0008143712560362,1.0017351401571495,1.0072232767032074
10.880464800007758,0.9973520868026552,1.0011090963542115,1.000760115145462,1.0051390230201607,1.0025118422922534,0.9962963833676103,0.9954903365743719,1.000983560799984,0.9991573841199037,1.0005277112586237,1.0030008521317713,1.0029901009049849,0.9964474751997717,1.0008143712560362,1.0063289526119237,1.0051473830933249
11.0044895500032,1.0011307424668623,1.0013353485208651,0.9994204670548005,1.0104937957549815,1.0013417904782589,1.0004887568078165,0.9954260495485162,0.9999006441449331,0.9982575464638896,1.001855035571339,1.000177257697339,1.0042592204081793,0.9961456783201791,1.001618109859752,1.003106144411092,1.0073886156934366
11.137073400008376,1.005996464057003,1.000235085631118,1.0011518206964038,1.0052122202287346,1.0006220871016653,0.9971177944826157,0.9986819407989563,0.998745089631075,0.9994289983335471,1.0054436900071118,0.9983345219571609,1.003881882736123,0.9961838006845424,1.003014103110413,1.006812627567183,1.0070201806353953
11.26082034999854,1.0050341884659824,1.0002562275966589,0.9999479586147602,1.0086194711566472,0.999434499491367,0.9972682751457371,1.001539967290143,1.0037031375066867,1.003047617413039,1.0046260742137643,1.00143145888161,1.0036714462896092,0.9973498390463572,1.0059641191499888,1.002028862271352,1.0079634113388527
11.380196950005484,1.0051378735914147,0.9993388866940558,0.9962445960192248,1.0021041463911347,1.0023938361824776,1.0022798598793592,0.9973504447045941,0.9966066209004328,0.9971310981994425,1.0021965038497906,1.0000218840886175,1.002934693759604,0.9962504795699676,1.0041891636631401,1.002085865359484,1.0087471483821175
11.500407350002206,1.002148765605538,0.9976440535548676,0.9959753811481942,1.0098020867766473,0.9984535459463767,0.9969385653439802,0.9956345332626209,0.9988998164763265,1.0002705679311457,1.006582343513444,0.9986689361545839,1.0029224177766767,0.9973791960435822,1.005074135821229,1.0016273554212494,1.0118418214062928
11.61866700000246,1.0040459449444594,1.0022802905656032,0.9982565784204822,1.0030710516531123,1.0001998856087693,0.9999942267712821,1.0020746052768355,1.0016582875770654,0.9985426884871881,1.0020710585432882,1.0025277410164748,1.0061301976467856,0.996460422427616,1.0007100816910914,1.0011821663068128,1.0070129634774891
11.74484030000167,1.006424273626866,1.0035154728722906,0.9956725981077812,1.0026467883133285,1.0008228810068216,0.997450206175959,0.9989608154097007,0.9974818343786794,0.9989493669030068,1.0013026234603606,0.9993518848586918,1.0017479351633964,0.9986740397631534,1.0012203257330436,1.004193983059023,1.0096256764079694
11.869133350002812,1.0041187377438585,1.0051865432102183,1.0009311208630431,1.0066653480420114,0.9975639632542685,0.9992533171584793,1.0025788217459413,1.003389979622701,0.9980291467875241,1.0031437010304187,1.0002223999167044,1.0082712379932208,0.9999280865916285,1.005014542389298,1.004109427564245,1.0101934111648754
11.991969050010084,1.0033689902053298,1.0028044040875785,0.994876974776936,1.0057124336863412,0.9992991914125388,0.9970498903568563,1.0024074411769224,0.9986831866578084,0.9951749043105782,1.002980801202966,0.999507531240488,1.007110800153441,1.0025349323056096,0.9992392672530727,1.004965668532747,1.0114582920633737
12.117913550013329,1.0029578125822574,1.0037310808239719,0.9972247340662022,1.007457213355906,1.0008197139138486,1.0000729072533672,0.9946383215401766,0.999213141241873,0.9956637936575525,1.0029029029203036,0.9998187128072977,1.0002225460915706,0.9994589507230134,1.0015568443576353,1.0012157261041437,1.009737074004615
12.241901000001237,1.0044309891936567,1.002418711166602,0.9960586310491008,1.002184997364911,1.0015394957740031,1.002905266108205,0.9995477012903636,1.0011678199499674,0.9977729213071184,1.0050836555832459,1.0007653888488377,1.0038412521128437,0.9969150346245004,1.002896289706197,1.0016977391581772,1.0071056092686796
12.363528400004723,1.0040568189928054,1.0000222508576944,0.9959178966244268,1.0036490590695035,1.0036398440953977,1.0022152757093712,0.9993585610862381,1.0052474431943563,1.0011417646045766,1.003604204584078,1.003111765577979,1.0027585529360772,0.9990251559484337,1.003200688336497,1.0005596527709115,1.0068448494555564
12.489073050004665,0.9999257925358659,1.001993655705809,0.9958521885071966,1.0054504201716414,1.0006280258840927,1.002872155450446,0.9982876061980577,1.003182020165791,1.002838758989753,1.001888617101193,0.9969098596613197,1.0045906391809503,0.9958285902805623,1.0040130551403084,1.0031840295423542,1.0053058962870505
12.61245919999783,1.0019317934944227,1.0037931750786604,0.9996462659465952,1.0049823138062348,1.0039891339653333,1.0048825265650034,0.9989887593103856,0.9995181398816687,1.001734064144174,0.9994098135017028,1.0042448325932924,1.0025217326964737,0.9960760787150099,1.0014246116420051,1.004411602454153,1.0046141145003562
12.743773599999258,1.0017146376892414,1.0028347619649964,0.998155096294791,1.0043804410413981,0.9985443034796382,1.0010302178152812,0.9952257800978218,1.0002654848871146,0.9988731388379998,1.0021777113560502,1.000506104603199,1.0043109792820815,0.9993137243263922,0.9987898460520548,1.0061110181906985,1.0063106940720978
12.868261200012055,1.00035506135523,1.0019432222123597,0.9965501970715607,1.006743212662807,1.0002243828938895,1.0027326321148256,1.0018389333938937,1.0001278903951774,0.997871942659541,0.9999885984251332,0.9992022506130727,1.003133356616229,0.9997837089036524,1.002082565427098,1.0016849261953975,1.0059373694099205
12.993813100008992,1.0007434285060055,1.0055061067793023,0.9965501970715607,1.0034953209465722,1.0032121940505274,1.0021869441061646,0.996273893663273,1.0028474330551556,1.0027732204110016,1.0052865018979413,1.0033583240867037,1.0039340483109889,0.9977182849322164,0.9986317505316903,1.0051371150510056,1.002359046944195
13.11575535000884,1.0007957994663166,1.003968835982755,0.9964786130341459,1.0072237826800836,0.9989040944174615,0.9988009561629898,1.000219398072585,1.0013255130558678,0.999528725236102,0.9987579586340684,1.000577981448602,1.0029622609091822,0.9973806092457732,1.0020167999495577,1.0022216893864302,1.005410598185426
13.237002600013511,0.997177850438163,1.0034497267612321,0.9996765456942467,1.0051028297277755,0.999151467000643,1.0005917397275603,0.9953395466093662,1.0007814783209028,0.996734362445171,0.9988186183926416,0.9997041701282295,1.002560671577126,0.9980134573561653,1.002820996903438,1.00171260171467,1.005374585877022
13.362490100000286,1.0024001712563653,1.006054689412255,0.9948248392591694,1.0070364890897414,0.9981888073422392,1.0034674198833886,0.998159740080769,1.001042406277784,0.9983280760886418,0.997507370827062,0.9995053132302405,1.0019009003113755,1.001357350527451,1.0018097983475278,1.0003401292963687,1.0042955946813006
13.48950799999875,1.0007957994663166,1.0039139768306895,0.9939065443640277,1.0036754611562697,1.0006005742367763,1.0013198905732876,0.9982876061980577,1.0010964732626397,1.0001450907896037,1.0007349720699985,1.0001817399308357,0.9997190372344007,0.9980134573561653,1.002319985018566,1.0022371850852723,1.0058360395589598
13.612925699999323,1.0053687661886166,1.0033494926354107,0.995492429296025,1.0087677189653854,1.0006005742367763,0.9987854012102053,0.9953741531698527,1.0028388133956985,1.000788860391949,1.0007335741111905,1.0028532467322513,1.0028378506896503,0.9982751712737603,1.0024110729750113,1.006338598026662,1.0068444426028111
13.736105850010064,1.0031286988177994,1.0015808080460726,0.9965852667839418,1.0055721768948376,1.0040821168980358,1.0015115211035852,0.9973593423047467,0.9989064746355955,1.0000975716092473,0.9989013552814812,1.0016172312601492,1.0010231100631661,0.9967384949505594,1.0022784865437617,1.0020366550677702,1.00836287990742
13.86175290000392,1.0018417905608463,1.0060592417657148,0.995935939128236,1.007161815324357,1.001581929838174,1.0016899982351493,0.9965110292703651,1.0001278903951774,0.9990721000175676,0.9993665592634404,0.9995113656552953,1.0021258267634374,0.9976967361564957,1.0028914575276757,1.0018224768154944,1.0070984691861942
13.986280199998872,0.9975400933005645,0.9984815250066167,0.9961552136939723,1.0095202163882697,1.001842742895166,1.0015115211035852,0.9973819975291052,0.9967022243300219,0.9954407240589549,1.0007801088639543,1.0040342155000097,1.003133356616229,0.9971797192799609,1.003429241520773,1.0004429667004546,1.0037514656072204
14.108975800001645,1.0010593766582823,0.9997113316947195,0.9966611442572826,1.0109875352891338,1.0020652685882998,1.0014000218708514,0.9993198905859542,0.9971507700158079,0.999238711371663,0.9981939180042186,0.993735540922544,1.0013222679368252,0.9984495918951378,1.0030641567346616,0.9998528632005306,1.0089806538695958
14.234095650012025,1.0008604856321515,1.001324949099086,0.9957234631798157,1.006935932350996,0.9998624467900886,1.0010472199272449,1.003493736429613,0.9994431623813621,0.9991641490250018,1.0044535039172882,0.9962218126368864,1.0037113959989419,0.9993322949428148,1.0032921543972204,0.9990752387410969,1.0074148555477915
14.363022050005384,1.0022224066114773,1.0011194593677417,0.9950933938492049,1.0063829166670584,1.0000311378943663,1.0046814351742763,1.0034010517218543,0.9962886619500101,0.9986886935289491,1.003558797362126,0.9977719191883806,1.0040397928541558,0.9961770608198156,1.0015709135356687,1.000529751853862,1.0038008333498
14.492522150001603,1.0058045733960574,0.9996731936714967,0.9971081971477758,1.006935932350996,0.9980306175577799,0.99895500679477,1.0004685463953733,0.994940082033808,1.0037133015532487,1.0022725909800791,1.0004617055144918,1.0064500608765534,0.9965662065845486,1.0001076166099103,1.002108723142906,1.0020406786862723
14.61714970000321,1.0056414749497307,0.9987066742995078,0.9978660817950465,1.0093368428884728,0.9983468773202949,1.0034702732790264,0.9979963161991624,0.9980850245993846,0.9986557114698849,1.0018763060296583,0.9961751364547519,1.0025156462422453,0.99416547627224,1.0028919056540508,1.002052738712242,1.009342053953546
14.744507199997315,1.0039281151274027,0.9973915445496511,0.9948719101850103,1.0089049714472504,1.0017138771981586,1.0019335550992112,0.9971772266360994,0.9956639551088425,1.0042189243716242,1.000500626221983,0.9991001232983542,1.0065644988656237,0.9965662065845486,1.002155348446762,0.998239802086783,1.0060441294994755
14.869781200002762,1.002965820062544,1.000130843196012,0.9973121754091585,1.0063829166670584,1.0020678998989547,1.0021381499167317,0.9974539641651545,0.9995277354121201,0.9962821734057774,1.001146461120095,0.9990593967222858,1.005947450648659,0.9967978363229539,1.0020423662550604,1.0009047522280088,1.0033154088309053
14.999086950003402,1.0029444546297825,1.0011194593677417,0.994600159390994,1.0063037568686,1.0057778616288142,0.9993432016629228,0.9977112017676805,0.9971813737737174,1.0006420343529983,1.0019891308552011,0.9952595736625035,1.0052369867554727,0.9967978363229539,1.0020423662550604,1.0013754098450123,1.0095364171060468
15.131129550005426,1.0008471619353223,1.0011190392664835,1.0032909879213154,1.0060825210585294,1.000795881790057,1.0021155838996907,0.9975399685027955,1.0000587888877586,1.0016899915546056,1.001670117953519,0.9982088469991616,1.00315302691747,0.9962696017483285,1.0017894460516092,1.003210955546591,1.007422430070884
15.261049750013626,0.9984238933084413,1.0053814494887052,1.0007576249683596,1.005818953464776,1.0036188268247903,1.005269258641668,0.997263232069765,1.0040764055539315,1.0028303364462021,1.0025027693047155,0.9986591606116135,1.0023233857520992,0.9953774553376511,1.0012082253753074,1.002052738712242,1.005428819141868
15.386857000004966,1.003956020456807,1.0044036100012874,1.000596125657582,1.0016194600999788,1.0017429309411596,1.0040518175758502,1.0030762415795056,1.002610098786351,1.0031174318298857,1.0014175704431258,0.9975383014959014,1.0022444036130969,0.9972680829332535,1.0035219597095406,1.0012817253535677,1.0055687422234976
15.517354000010528,1.002470737968767,1.0054150257133185,1.0015202140940374,1.0050370448005534,1.0002248247935983,1.0036456039142039,0.9999238744143183,1.0028110048887844,1.0037780140083414,1.0011258416104014,0.9996650718090718,1.000564936388407,0.9990975439754564,1.0029124901687834,1.0011654615914185,1.006431824804377
15.645340100003525,1.005701791796672,0.9986400715801209,0.9988407921220342,1.005818953464776,0.9975936052253821,1.004420390246507,0.9952437619747371,0.9988137455474188,1.0011533911383688,1.0052637502363324,1.0032037321853235,0.9980395753422034,0.9970963159294991,1.0055623900846011,1.0042833945957355,1.0025020562731215
15.77168880001409,1.0044255355634748,1.0026783941400093,0.9964748924897333,1.0080755814795637,1.0017666490898658,1.0022888787991955,1.0001073762711754,1.002298540351542,0.9992680551425289,1.0020917928444066,0.9973750773970922,1.0006410136506358,1.0002835789595927,1.001076540981398,1.002402358825023,1.0056489108434843
15.898552950005978,1.0030617770447603,1.0005631179961703,0.9976553489457703,1.003616640287583,1.0009914889332259,0.999575679926767,0.9997980481686731,1.0032656307478482,1.0000063232140537,1.0009616695398513,1.0008738766593657,1.0024814197676066,1.0013639255985445,1.0041045494105287,1.0013310987485997,1.005679077812645
16.026845950007555,1.0014426739722437,0.9998858471879345,0.9971334554402793,1.0066062095282102,1.0005952474008268,0.9968312520176306,1.0017804546556175,0.9995494340974541,1.002514016487165,1.00129432597194,0.9995139106887099,1.0052561792649974,0.99779308658681,1.0025395631955512,1.0004157116426013,1.0065607173835562
16.150898800013238,1.0002176793691075,1.0019085571077944,0.9965708187047001,1.0055042955646512,1.0018700428989977,1.0011381155446504,0.999709829560155,1.0021922987477638,1.0007025090414032,1.0011626584021354,0.9994727561713453,1.0024393400298215,0.9987096991519839,1.0000126631383954,1.0013049226837736,1.006431824804377
16.285902300005546,1.0005772051307338,1.0012986177413004,0.9969968598234927,1.0042458502294025,1.001387300922046,1.0015193649482559,0.997925152339316,1.0028851933488776,0.9982374974210072,1.0042921565608134,1.002055307121626,1.005436141928159,0.9971773495170624,1.0014111703234934,1.0010047741872965,1.0079457280105824
16.41046174999792,1.0031103801088381,1.0013068758266894,0.9988882842411806,1.0023912964531962,0.9996756962783853,1.0040592612191264,1.001044405597421,1.00065905322214,1.0013659541234567,0.9998781325490931,0.9983735981248114,1.0055665845095805,0.9940633041205483,1.0025435405137846,1.0037937658125347,1.0069581307037165
16.54085170000326,1.0032023057363229,1.0025695734752464,0.9974750447580215,1.0070288959279572,0.9991248411812239,1.0016368694562687,0.9989088368840678,0.9993365139592089,1.000239710417163,1.0025481017129503,1.00229160279733,1.002574198611402,0.998492020746629,1.0052001629256824,1.0002472468501447,1.0053387422397897
16.66820524999639,1.0050009295804454,1.0018074990456514,0.999658767113827,1.0024770303489,0.998573579182724,1.0009287900941897,0.9954484229636713,1.0018237946576805,1.0014186508709246,1.002496126859669,1.0022211468979003,1.0050163889153745,1.001155933333698,1.003880290792835,1.0033184955734378,1.0054459213152664
16.80434945000161,1.000421562842575,0.9989907394155723,0.9936434794029212,1.0034655001352217,1.000696174999606,1.0042025460831834,0.9995521217809487,1.0010376064167033,1.0001433354950042,0.9991839643547156,1.0003629088338568,1.0020807031250345,0.9977607695497144,1.0035971275889188,1.0040465742145455,1.0057852637212439
16.933602300006896,0.9999622863464063,1.0022406643990847,0.9986004182048972,1.00407554805581,1.0005952793873325,1.0022205877681363,0.9982604104340044,0.9979946989180565,0.9958148745305552,0.9988541732252241,1.0010579512665176,1.005195711469958,0.9981495321846706,1.0021833225585757,1.000570007998443,1.0057057809370467
17.063004550000187,1.0031564062019962,1.0011289338066949,0.9970175876801184,1.0057225822315454,0.9998062504908252,1.0035220434468846,0.9987968616484181,1.0016412054973138,1.0009595154734112,1.0002239262183166,0.9992859004719635,1.0050104098210269,1.0011478275742942,1.00693828976222,1.0016394962217656,1.0062485662934884
17.193358950011316,1.000913081604952,1.0022523302209863,0.9999853693101488,1.0031866484770913,0.9948397584503543,1.0008841615772588,0.9965412849044389,1.0012561867971705,1.0013299334845713,1.00317054207931,1.0004038244818834,1.008174739280897,0.9994752685151871,1.003715741776508,1.0014982150396134,1.0069367959191025
17.3178922500083,0.9979368808266352,0.9984596828306187,0.9984711180638058,1.00312093772898,1.002195063939903,1.0031184477158182,0.9963122766952929,1.004274453910739,1.0028830220588827,1.0041282322845702,0.9974158432443515,1.0043364428305692,0.9985323507100395,1.0037738153508826,0.9999678314370078,1.0073117807173835
17.448313250017236,1.0035509644160923,1.0045029890821673,0.9961488780762175,1.0070073394424175,1.0034285408539085,1.003221321004555,0.9977113922247309,1.0008750487406743,1.0001053017028867,0.9988478622125201,1.002221657685336,1.0073896468477095,0.9966476779203759,1.0023861210411336,1.0009967615374145,1.0101531755755246
17.578742950005108,0.9982685194110656,1.0013068758266894,0.9984711180638058,1.0054499525451968,0.9995704711916445,1.0054327818881676,0.9966296862358448,0.9968291134313481,1.003431240831879,1.0018762026860968,1.002410703819737,1.0042595830820138,0.9999303659371778,1.0031809232819764,1.0053438712195664,1.0069367959191025
17.70583555000485,1.0004445491681404,0.9979391604437572,0.9984915672336232,1.0040550687519392,0.9979046620341141,1.0055870990719884,0.9969830972969215,1.000449733383719,1.0007507490285115,1.0001100278203798,0.9990595323748155,1.0036180828710812,0.998955614052486,1.005897038614384,1.0016166569435012,1.0064676630828262
17.83053170000494,1.0012316626474078,1.0010178023239524,0.9968388263481728,1.003662045811683,0.9999062751699508,1.0016026266726819,0.9995235176749002,0.9979536609149158,0.9988487791304571,1.0039456052159663,0.9988355943218709,1.0065037824032594,0.9953043870664826,1.0034195536417105,1.0054482624224383,1.0064591490783816
17.958404150005663,0.9993004804318751,0.9995278265549583,0.9985084248310739,1.0049920491574231,1.0016052815481276,0.998935117913183,0.9997410741803399,1.0006970765730774,0.9984154151129462,1.0005401948857964,1.0010025427209508,1.0015811284110943,0.996907714319923,1.0044812857504992,1.0020353019270403,1.0063302127870133
18.08342149999225,1.0040712639822114,1.000976073801813,0.9969833178129635,1.0062580186814392,1.00010993633333,1.0002108517689223,0.996009628495649,1.0040972353887443,1.0003151694020243,1.0000282896022445,1.0019073861969794,1.0020158508665788,0.9963815848729923,1.001306734595156,1.0054316447781553,1.0064128995840864
18.208621250014403,1.0038045338777202,1.0008940952544099,0.995965119575367,1.00279407023953,1.0036865061400075,0.9980382268934122,1.0005881334781144,0.9996954241210866,1.0005308725255306,1.000820078149757,0.9996920106660105,1.000650535773561,0.9940911663844867,1.003960811034411,1.0030688672383108,1.0045240271353275
18.337244350012043,1.0020111350925982,1.0071332243206939,0.9978184847614819,1.0040894494035877,1.0030794347284748,0.9992599351059924,0.995184403971074,1.0004637622561852,0.995684020115548,1.0025055247622956,1.0022765273266927,1.001851704902033,0.999460978541159,1.0045671869699198,1.0042873995269486,1.0101855745706732
18.462576649995757,1.003104071628411,1.0024925868546437,1.001222169182766,1.0045543062397166,1.0007695488783603,1.0031531553983786,0.9965847665608668,1.0021546817389078,1.005141449768062,1.0041436435878186,0.99970637327031,1.00361130738049,0.9975966318642177,1.0045871608421921,1.0038661122471728,1.0039002034133824
18.59023350001371,0.9994924441159566,0.9992226238949075,0.9966900298092661,1.0058167578712311,1.0037530089814295,1.0024555854636046,0.9988181858518949,1.001455599618715,0.9974034832740316,0.9955001586731484,1.0016410681248955,1.0003272590179855,0.9978576224249947,1.007121263296365,1.0032121077171894,1.00710838441046
18.720210550003685,1.0041242871762914,1.0020366354994932,0.9979840111868229,1.0021738593245346,1.0047216876608134,1.0028357704927344,0.9982941857432113,0.9997596383775321,0.9997461078997668,1.0008333010993518,1.0020271922852495,1.0020526991158007,0.9990903000477839,1.002166147082441,0.9991087188138131,1.0052656156775968
18.85032690000662,1.0046854124788867,1.0010003751493688,0.9992001159325734,1.0049796373641895,1.0022220746652615,1.0014043456628852,0.9973886647488283,0.9999314274156671,0.9957712525234464,0.99813350757125,0.9973973273475095,1.0020526991158007,0.9970818858890206,1.0063992703964368,1.0033941486984488,1.0066939858460693
18.98282520000066,0.9987917765619521,1.00396776424652,1.000083520661601,1.004366616457344,1.0034373580572442,1.0024983664819769,0.9976547328803347,0.9990528476612205,0.9997389898645446,1.003503061814876,0.9997959826517394,1.0020824776233161,0.9975466510318427,1.0031405295608682,1.001292323950395,1.0065942146251716
19.11505364999175,1.003915385665567,1.0019899039123044,0.9970076465172739,1.0043440117615925,1.0009590694722534,1.0018518126840452,0.9979715559220972,0.9984332096641838,0.9975099319487226,0.9989463186168843,0.9968876058108278,0.9993835534882103,0.9952736283728877,1.0068953926160038,0.9994578562021128,1.0073002885753468
19.251951800004463,1.0025259270797218,1.0024003295042858,0.9994719606791922,1.0039132022082495,1.0022445194322158,1.00206202829727,0.996608375440058,1.0013035457405235,0.9979760638119393,1.0001235029945894,0.9989607528961502,1.003144532012644,0.9993334312071771,1.0032892609587865,1.000876464085384,1.0058254895410577
19.388450650003502,1.0020111350925982,1.0029121878019855,0.9978184847614819,1.004420967411801,1.003168254349723,1.0021841445428092,0.9972170467076237,1.0001318639527685,0.99825692544439,1.0004580863591728,1.000199272457114,1.0035461678219117,0.9982335877713253,1.0045871608421921,1.0016473965011858,1.0063389633572573
19.53129720001016,0.9977846407517907,1.0034465267368842,1.0001665268868594,1.0026163989074868,1.003991083967454,1.0025501836078357,0.994022766400732,0.9969156472272501,0.9995546520222321,1.0026458904123086,0.9986847773035361,1.0037257500191235,1.0011959106824373,1.005685215399774,1.0035990509449497,1.004404860947415
19.66387730000133,1.0019832269321278,1.003586485886882,1.0005705760765953,1.0060198964775364,1.0035379788185552,1.0039853964688688,0.9979038609491075,0.998322581085766,0.9969401908677896,1.0012407656594002,1.0009932265897932,1.0047387331280657,0.9960281570358828,1.004167746829777,0.9998371300422798,1.0084176525669122
19.80010890000267,1.000517433686456,1.0003695513062902,0.9988162779511752,1.0016008680632928,0.9988267606184476,1.0028614002122194,0.9999504447245144,0.9965012331181297,0.9991917081285412,1.002495391689901,1.001410242037584,1.002007510645104,0.9974472547809838,1.0057211076070558,1.0010841030045685,1.0037289254789732
19.932075150005403,1.005332433358945,1.0030725558668299,0.9992393277442628,1.003128464552458,0.9991790816332354,1.003364507302501,0.9977358937875224,1.0031617013652123,0.9989231492120416,0.9988656968013957,0.9983092811439181,1.00086468858529,0.9964832982930981,1.0038504501582604,1.0014629568894822,1.0084806050268316
20.065703800006304,1.0030494663701843,1.003003288007326,0.9977884558176908,1.0036009483495794,1.002329257627332,1.0021289713855277,0.9978969147682765,0.998762448377564,0.9952826679967715,0.9990013678086199,1.0008332479576871,1.001065353981742,0.9981837468303308,1.0016408765031963,1.0027770044951072,1.0075357838855747
20.21012519999931,1.0050506709200584,1.0036784552211366,0.9982339530232636,1.0069547256860234,1.0033395164429582,1.004874938203368,0.9998605849741351,1.0012394926107366,0.9993586467705488,0.9981124604180731,0.999260278058374,1.0045734121354513,0.9949422104670042,1.0068515096058066,0.9981097487104708,1.0049321522414745
20.348193900004844,1.000828527731273,1.0039699563083764,1.000644113021822,1.0044790393731478,1.0027739446260475,1.0059174392122998,1.0015914792456404,1.0019532835435734,0.9970194858014257,1.0014266252479909,1.002719385070613,1.0051304233440064,1.0028661383969328,1.0032622468991488,1.0018835425881627,1.0038187192777734
20.479300900013182,1.0017052139089748,1.0019205152116015,1.0006332884575646,1.0063019827613704,1.0001121341420136,1.0021520912732869,0.996547557883692,1.002951075975714,0.9985104307231069,1.0042748681103315,1.001606462701907,1.0038607374716815,1.0001380540390499,1.0074041254364658,1.0030200291854785,1.010241708629829
20.604914700001245,1.004256182253078,1.0022771802810173,0.9992038323414594,1.0071530927307277,1.0019284274180567,1.0044378330537154,0.9978068985235495,1.0003439248267907,0.9995343982364807,1.0033402682902126,1.0018058191255756,1.002243563735379,0.99668232248182,1.003346166549345,1.0055061606954625,1.0063995055225363
20.73388724999677,1.0035186326974097,0.9999075461355792,0.9986797842094787,1.0064355313954165,1.0059997272674668,1.005500641322197,0.997467678094062,0.9984360584499472,0.9979404195069002,1.0020747272611474,1.0014024181728345,1.0067062499281987,0.9953551081301695,1.0007122909402224,1.0018770117464462,1.0107432481936518
20.86382319999393,1.0017882818576083,0.999313858231193,0.9985348480048746,1.0045959480559759,1.0041593648834157,0.9987794227079453,1.0006942793779179,1.0023949252874962,0.9998568166412924,1.00133751906986,0.9998230438339781,1.0010398031591043,0.996599716177506,1.0059352005223794,1.0016464498965818,1.010281793906465
20.99067840000498,1.0039797840220457,1.0030359838529566,0.9995615942095163,1.0056662725014305,1.0012757590487007,1.0002854041019276,0.9975172457299023,0.9992071364628486,0.9991523016464481,0.9995794386530311,0.9981474886605936,1.0011048912822333,0.9968035112742758,1.0043222622406027,1.0013499779702828,1.0063507851912772
21.11747029999969,1.0027014290790401,1.0022703973120726,0.9978360963555376,1.0026277442103113,1.0048661688127971,1.0059604712600485,0.9948979025145835,1.002162661153391,0.9985327195075806,0.9982469730670216,1.0006231437546709,1.0039241769295155,0.997570872912313,1.002619989923426,1.0019240032797843,1.007850047964776
21.24913739999465,1.003171328417114,0.9988981459845483,0.999112152324018,1.005607476558683,1.0016848597669685,1.0011883150103191,0.9979354697304289,1.0023863943248812,1.0017839716121393,1.0010461463678464,1.0030526233664707,1.0019337110091797,0.9996071276120315,1.0080801500682954,1.0011735600515357,1.0080724763574946
21.386403150012484,1.002605407845935,1.003993567822428,1.0015849831366133,1.006342711558074,1.0024984907424082,1.0028601513917452,0.9988665127649161,1.0009535045880082,0.9981150430806139,1.0026785295731295,0.9983189861985683,1.002631653060364,0.9979605242585626,1.0031762555250872,1.0024888585619458,1.0084375460866761
21.51431745001173,1.0038894667843097,1.001990732972014,0.9996803051133106,1.0072656211685225,1.0029128095490651,1.0048874490109383,0.9989813496852336,1.0000231892903906,0.9982114585661163,1.0035230665186927,0.9967260443215207,1.0054655415419718,1.001946789672035,1.0027115636371557,1.0041135763314348,1.0067861756831604
21.6459115500038,1.002470273222297,1.0013306116562055,1.0016646650681102,1.0033333404675666,1.0041272315085312,1.0038094674504743,0.9987730694838315,1.003274970031267,0.9966175199536181,1.0008474488640406,0.9993697475594534,1.0030099736458433,0.9971306032322321,1.0069462444779258,0.9997663480055349,1.0065394647732444
21.77393675000349,1.0024823238679539,1.003297969326305,0.9971882315174945,1.0083126857072413,1.0012388383031385,1.0054325701049627,0.9981907170475804,0.9999744115086706,1.0012889673722762,1.0008321066228505,1.000990666730565,1.0038689655378135,0.9972723571298322,1.0030371676239127,1.0036517779503054,1.0064207755867862
21.898440999997547,1.0016433147014552,0.9990727636315363,0.9974556994515026,1.0080774417616607,1.0010370312525292,0.999873226024924,0.9974180243588432,0.9973145621417419,1.0018040804946982,0.9992735860341915,1.0030904555529303,1.0027896257677404,0.9942215337522758,1.0025123699625857,1.0017372156644144,1.00901640027625
22.02438390000316,1.0034642231241575,1.0023444534919854,0.9991886000384389,1.0054669358215815,1.0014894051933156,1.0026366813243943,1.0007790395006149,1.0012148090163708,0.9971826124874124,1.000134874790599,1.0009187946009204,1.0055059301152767,0.996842842327354,1.0015900716325679,0.9986755036538305,1.0048188443856667
22.15298964999965,1.0033194471325255,1.0057271562602745,0.999881479720079,1.0061036114098298,1.0012193482186218,1.0003763089907207,0.9995154763647788,0.9994862180941988,0.9998894685587078,1.0019272057843198,0.9997240798644413,1.0059952311350722,0.9987997363198892,1.0006686283034485,0.9994262910394797,1.0066317467470527
22.28549350000685,1.0006054576386318,1.0001214213070257,0.9997429543453258,1.0016512583649555,1.0016481287633439,1.0001617217283165,0.9993713703074287,0.9997563401389337,0.9993087327295063,1.001268465910331,1.001440973525274,1.0026060870476299,0.9983670474725533,1.0000732435983533,1.0003166438530304,1.0097179268410912
22.41960970000946,1.005241740734366,1.0024291416830629,0.999905487461597,1.006883275299595,1.0017779316529951,0.9991368420557386,0.9985881892767005,0.9977489951305735,0.9998894685587078,1.0016254945624703,1.000185937905934,1.0075905388778255,0.9956152680324394,1.005077044191641,1.0013499779702828,1.004090966228971
22.556200749997515,1.002680831596492,1.001944886548796,0.9975997683911204,1.0026871858628608,1.0014071338436192,1.0015688259924935,0.9990872929468001,0.998627103811521,0.9974023253274352,1.002447563230973,1.0003211109020291,1.007456877001733,0.9982839956320615,1.0016312045908164,1.0027286022592332,1.0059688762182002
22.684736150011304,1.003582861209053,1.0045258023297263,0.998187861452179,1.0047647090865888,1.0017861885291643,1.003027427591442,0.9971808326901416,1.000781288984734,1.002367669368029,1.0005309746197055,1.0008903910794889,1.0044787034895934,0.9970806472394206,1.0019618285962348,0.9979083600800996,1.0079218940691308
22.812480199994752,1.001216430894276,1.0035002540187425,0.9989963251890457,1.0038907961814616,1.0056336954111431,1.002651668059584,0.9957697535465099,1.0011523315460824,0.9997043663947974,0.9983406352271647,0.9990922231009577,1.0001888864873094,0.9978987763419097,1.0003157659576403,1.0027869135178362,1.0064413501926364
22.938773250003575,0.99730587399799,1.0028215025948586,0.9965099711209879,1.0031921762312808,0.9983089464308502,1.0026070762120036,0.9956995875548171,0.9991084321615417,0.9974047174204558,1.0007361978963596,1.0027726890848705,1.007690398799288,0.9975443350959095,1.0029455186973626,1.001496052498693,1.00752463667637
23.068123050004942,0.9998983981980974,1.003174945719092,1.0014661788900234,1.0059322252719343,1.0010104799542159,1.0018163066744017,1.0001418986746078,0.9970129051387491,0.9973175600783541,0.9980757233908326,1.000010069874758,1.0059221611779086,1.0017898556923963,1.0064854573971511,1.0018880014272074,1.006480796234192
23.19797035001102,1.0015475751168395,1.002371453428879,1.0005149546590317,1.0065130947927476,1.0018116717360557,1.0022001393516395,1.0024610485749992,0.9991139707664678,0.9998050615098509,1.0003844554173655,1.0031430642546268,1.0076144180669255,1.00215313030411,1.0066495805303866,0.9973711035784997,1.0063564141759929
