frequency_Hz,peak_shift_ASD_kHz_per_rtHz,B_ASD_uT_per_rtHz,z_minus_ASD,z_plus_ASD,lockin_ASD
0.18148609114216488,48.59024343905874,1.7338796545481994,0.02372910101971197,0.023252773176561003,0.0030815169911570825
0.36297218228432976,31.662013229613414,1.1298177715391597,0.007864504720939917,0.00786158694172678,0.0020079551950313084
0.5444582734264947,33.71018669300919,1.2029041783117753,0.003948076999164257,0.0042637744698476995,0.002137847142088683
0.7259443645686595,45.1316525096108,1.610464334485113,0.0031728958503859372,0.003090715783882647,0.002862178581627966
0.9074304557108244,35.97685482550933,1.2837872832396993,0.0016917214766382833,0.002297141821438687,0.002281595678199097
1.0889165468529893,43.67790664713208,1.5585893037086813,0.003598973787702194,0.0033115272499675275,0.002769984300245716
1.270402637995154,46.41036106362685,1.6560933865125196,0.002878850534230457,0.003008996341554632,0.00294327227157583
1.451888729137319,39.2424462044394,1.4003156653025766,0.003020735583021941,0.0029445317483961972,0.0024886943590890164
1.633374820279484,35.284574715246855,1.2590841676865134,0.002842851824081275,0.0033258422071716608,0.0022376923599313173
1.8148609114216487,36.42549039873487,1.2997962603031286,0.002838220137028869,0.003136493958154426,0.0023100474422546955
1.9963470025638137,35.34457048411574,1.2612250386852606,0.002101549207152178,0.002202980267293288,0.002241497197447699
2.1778330937059787,47.29611677947081,1.6877004274718386,0.0019210541128523353,0.002339532014227558,0.0029994455091479147
2.3593191848481436,37.18654698673746,1.3269535750334522,0.0022257346863779805,0.0017507233570851295,0.0023583124568167897
2.540805275990308,37.4721246902089,1.3371440440411397,0.0020249559142300646,0.0021122093663489593,0.0023764233466427786
2.722291367132473,36.22237196172994,1.2925482429963582,0.00228283355631892,0.002372903808026762,0.0022971659897130306
2.903777458274638,26.444638220821396,0.9436425285762702,0.0024096050002888505,0.001787390610683913,0.001677077459071926
3.085263549416803,34.47885812475342,1.2303332188393314,0.0020263716792868025,0.0014565892418629766,0.0021865950780916707
3.266749640558968,33.76134107892353,1.2047295560563633,0.0018827233894525034,0.001900692280161615,0.0021410912729719744
3.4482357317011325,30.2173307970135,1.0782661574726484,0.001592331703880486,0.0021756552794851385,0.0019163357021496547
3.6297218228432975,27.582110349028802,0.9842317424003997,0.0013493081524957702,0.002210494246660026,0.001749214156523027
3.8112079139854624,24.427104220480157,0.8716494512018326,0.001745446492816824,0.0024981874570354527,0.0015491286186820673
3.9926940051276274,25.119903949553915,0.8963711086766314,0.0018332693237291435,0.002380260561950297,0.0015930648903594703
4.174180096269792,40.98322121809001,1.4624329581105484,0.0021056440253769825,0.0013146281624075353,0.002599091578832807
4.355666187411957,40.906145486478266,1.4596826108506376,0.0018016214056511967,0.001400105914580938,0.0025942035568811334
4.537152278554122,34.51375628635189,1.231578514357404,0.0012740355256162415,0.00147854381542569,0.0021888082647380947
4.718638369696287,57.18242336627744,2.0404804227190065,0.0023241726709619776,0.0019420518485739763,0.003626419559303502
4.900124460838452,45.03201874803859,1.6069090332585851,0.0021249067601648167,0.0017203381561100056,0.0028558599648142234
5.081610551980616,32.53149784760917,1.1608441995293024,0.002263369063197472,0.0014563410169504088,0.0020630965451104437
5.263096643122782,23.088120519614435,0.8238695589357135,0.0021636166723655145,0.0017352857675661448,0.0014642123735046776
5.444582734264946,18.87431768410883,0.673505484017586,0.001260829835313385,0.0014842128308688329,0.001196979609970947
5.626068825407112,24.26577073438439,0.8658924755346984,0.0017849928409644623,0.0013486353953962968,0.0015388971021581723
5.807554916549276,26.521123733730846,0.9463718146492595,0.0034458480893201845,0.0029595640477293613,0.0016819280502796733
5.989041007691441,43.16995248512489,1.5404636199373711,0.002907364147560785,0.0039002098357517304,0.0027377706443722444
6.170527098833606,32.06679249862773,1.1442617934137784,0.0017265421531705372,0.002667893619766066,0.0020336256610930825
6.352013189975771,37.18414056541455,1.3268677050176474,0.0017814654849812783,0.0021435871657142364,0.0023581598453526432
6.533499281117936,35.66296667508177,1.2725865927448534,0.001730313983012565,0.001685708860793716,0.0022616893842518663
6.7149853722601005,26.986359597085016,0.9629731514803389,0.0018204457918811045,0.0014031776475124335,0.0017114325786860732
6.896471463402265,28.640293881007967,1.0219916457681975,0.0021375283359756393,0.001859123179952594,0.0018163224956209009
7.07795755454443,25.927037116453587,0.9251726062108759,0.0020215613687483637,0.001611513470598382,0.0016442520092519164
7.259443645686595,20.376846331123875,0.7271212650272579,0.001139858944459387,0.0010181031755485909,0.001292267618998604
7.44092973682876,30.436403435266193,1.0860834797054737,0.0013412371748542976,0.0015101287816054899,0.0019302289450991328
7.622415827970925,32.22255945383048,1.1498201346642334,0.0015768613869489075,0.001336326750955949,0.0020435041569627334
7.803901919113089,34.09113006097435,1.2164976470516113,0.0016716687835666485,0.0012175015227891503,0.0021620059727091834
7.985388010255255,36.64553048752647,1.3076481047504451,0.0017640472555714034,0.0013958278521522204,0.0023240020393992303
8.16687410139742,40.801871728335534,1.4559617373799434,0.001718088671114181,0.0018851415687406502,0.0025875906787659665
8.348360192539584,38.30449156964603,1.3668459737955336,0.001992148970613708,0.001995788473034908,0.0024292107479876356
8.52984628368175,26.47299900976692,0.9446545464518599,0.0011967569448392851,0.0014644946588241495,0.0016788760558031372
8.711332374823915,33.09762229845379,1.1810456144181343,0.0014459146174296915,0.0014593150082901525,0.0020989992694212434
8.892818465966078,26.41830238815647,0.9427027686324746,0.0012496553990301498,0.0012511823143114757,0.00167540728189047
9.074304557108244,21.474809513533923,0.7663006534946447,0.0007986460745056325,0.0011795901680548317,0.001361898721104624
9.255790648250409,33.57538868276873,1.1980940865960867,0.0013009714259164288,0.0018589476868233932,0.0021292984638040953
9.437276739392574,30.960759946783895,1.1047944599908612,0.001773346382288584,0.0014150485094235788,0.0019634828122400165
9.618762830534738,22.983574041830614,0.8201389538192483,0.0014006535218196892,0.0010637638417264944,0.0014575821999378276
9.800248921676904,22.074622409730868,0.7877041967503164,0.0014208045040535872,0.0014583944030724899,0.0013999379137558025
9.981735012819069,23.89739184623124,0.852747353919185,0.0016435192065908332,0.0013383692113080295,0.0015155350911311817
10.163221103961233,21.47887768844842,0.7664458210265637,0.0010968429576475847,0.0009514036745797024,0.0013621567183739265
10.344707195103398,26.531362804512224,0.9467371825760856,0.0012703031729974308,0.0007944142688826601,0.0016825773960814907
10.526193286245563,31.584609109055073,1.1270557061466981,0.001538619364027898,0.0017180080900051208,0.002003046347167941
10.707679377387727,30.3182669936197,1.0818679343997897,0.0010999043745032056,0.0019266308409430046,0.0019227369173494616
10.889165468529892,22.75341545651467,0.8119260439806832,0.0010119936765119715,0.0011442064944425557,0.001442985903621646
11.070651559672058,32.33825193714667,1.1539484704948142,0.0012622539684905112,0.0014301737537930552,0.0020508411927101493
11.252137650814223,21.77181096656172,0.7768987641507893,0.0009399773510645038,0.000842312801031034,0.001380734087201344
11.433623741956387,28.141726835091273,1.0042009290283782,0.001019151865702538,0.0014083031728068587,0.0017847041559196333
11.615109833098552,30.06427485786834,1.0728045553050365,0.0009987435360478848,0.001396571072683935,0.0019066291346642487
11.796595924240718,26.197949192200863,0.9348397513631481,0.0018000764542983423,0.0012951053975397944,0.0016614328279809193
11.978082015382881,35.21216378917815,1.2565002779466938,0.0018359891708179996,0.0010725159211791774,0.002233100172627171
12.159568106525047,24.973557554135912,0.8911489278524091,0.0009941461891014712,0.0010919423147571635,0.001583783831608644
12.341054197667212,18.98153934951629,0.6773315497258168,0.0007160797978524861,0.0008452438593967933,0.0012037794397389912
12.522540288809378,25.736811401787552,0.9183846489361815,0.0009724763876582644,0.0007668544177781447,0.0016321881929297424
12.704026379951541,28.773963053809098,1.026761456387707,0.001198058500381385,0.0010021167198403156,0.0018247995848064498
12.885512471093707,28.282972956021776,1.0092411131894725,0.0011392593159821511,0.0013167334497756515,0.0017936617632658153
13.066998562235872,26.695441298607847,0.9525921102843222,0.001297098372566511,0.00101844334556306,0.0016929829967052734
13.248484653378036,16.83078323436433,0.6005846144149418,0.0007864682321186329,0.0007771456210543907,0.0010673818618798007
13.429970744520201,22.04350679670763,0.7865938765596499,0.0008771415842688432,0.0008219697284731476,0.0013979646104044494
13.611456835662366,16.153110650409058,0.5764027494436575,0.0006160786200530019,0.0008591142036818217,0.0010244049300083126
13.79294292680453,18.538096920718584,0.6615078832685763,0.0010020939381529732,0.0006038250104684844,0.001175657016753928
13.974429017946695,28.37494424087217,1.012522988897808,0.0014181026883376513,0.0011724335944367909,0.0017994944378298015
14.15591510908886,34.41697977795407,1.2281251704950782,0.0015675888555389912,0.0016058856693193456,0.0021826708504370774
14.337401200231026,29.149695876056967,1.0401689935789669,0.001182699963341283,0.0012408630739252785,0.0018486279707939425
14.51888729137319,36.635395847330294,1.3072864632932593,0.0011385142117386728,0.0014811334646135021,0.0023233593164212504
14.700373382515355,40.82896583722045,1.4569285554246523,0.0011887046850006962,0.0018462827408874834,0.0025893089446354075
14.88185947365752,37.79766371433579,1.348760480814152,0.001200704257567343,0.0017603249039933148,0.002397068520717487
15.063345564799684,27.31739826265264,0.9747858358069027,0.0011092544798362934,0.001101621581310883,0.0017324265313909196
15.24483165594185,24.109761411886737,0.8603254857224785,0.0009044238813071831,0.0007940577757959673,0.0015290032357350007
15.426317747084015,25.98098145043693,0.9270975396244978,0.0008028564497798517,0.0011506679972908326,0.001647673074263757
15.607803838226179,23.203175401321516,0.8279751427819554,0.0009432943153493022,0.0010001363979513678,0.001471508973558567
15.789289929368344,27.215360456335723,0.9711447493696732,0.001227855442647651,0.0011947466864410392,0.001725955453831897
15.97077602051051,38.32083647261993,1.3674292204046508,0.0011978395402946534,0.001585040738144698,0.002430247316085842
16.152262111652675,36.89678530376561,1.3166138061577795,0.001278940670459035,0.0013021407540891857,0.0023399362255763787
16.33374820279484,28.34731681629681,1.0115371401761637,0.001136314665116316,0.0009053432739212027,0.001797742349916155
16.515234293937002,16.72671960168252,0.5968712389980917,0.001149128616180384,0.000652514069148769,0.0010607823095916404
16.696720385079168,22.137089421764497,0.7899332508480051,0.001041964210198453,0.000820783159014119,0.0014038994736358195
16.878206476221333,25.708541687512184,0.9173758809417708,0.0013184361598250966,0.0009685028537228012,0.001630395372011201
17.0596925673635,30.899110930968728,1.1025945950245764,0.0014389445673390672,0.0012453660721360841,0.0019595731283965747
17.241178658505664,34.537174744836655,1.232414171597083,0.0013367563146515458,0.0013707969642085607,0.002190293426626983
17.42266474964783,22.822461639376986,0.8143898672344058,0.0011436185677417988,0.0007471781901996113,0.0014473647041915927
17.604150840789995,29.04418900262067,1.036404117992459,0.0012794255385882396,0.0007748399906275518,0.0018419368904418637
17.785636931932157,26.020163583437537,0.9284957030915478,0.0011733046932736865,0.0007830628038945983,0.0016501579436540995
17.967123023074322,24.321237472923745,0.8678717339752977,0.0014026437352348219,0.0009503474296798912,0.0015424147156780032
18.148609114216487,19.814418226971405,0.7070517494637241,0.0010619092816779798,0.0009489245227059154,0.001256599311194718
18.330095205358653,17.400781380707947,0.6209242570906347,0.0006310245558341686,0.0008310181009183224,0.0011035302498805508
18.511581296500818,17.55495274345043,0.6264256616989162,0.0008157346360175892,0.0007234489555588922,0.0011133075557801736
18.693067387642984,18.76155135274489,0.6694815641145051,0.0005486972088513163,0.0010720268195086272,0.0011898281461886298
18.87455347878515,21.04263113948914,0.750878930184454,0.0009193981451018334,0.0008073830351521194,0.0013344906467964552
19.05603956992731,22.41740711814885,0.7999360233424512,0.0008276255903270686,0.001111879320713576,0.0014216767820663437
19.237525661069476,33.17666213385799,1.183866048167927,0.0011825447893319783,0.0016916652466989282,0.0021040118517533716
19.41901175221164,32.062271378082194,1.1441004631059875,0.0012439502004849422,0.0011609940672081677,0.0020333389387226226
19.600497843353807,24.317397381022918,0.8677347052891421,0.0011331374940893712,0.0009544047332743988,0.0015421711830755193
19.781983934495972,22.022965134127112,0.785860874041076,0.0009533704945557273,0.0012417071548154763,0.0013966618903975417
19.963470025638138,15.0944877223133,0.538627166796792,0.0006666048963458713,0.0008164918380149347,0.0009572687250982289
20.144956116780303,18.059408688390086,0.644426516142952,0.0006597474781460377,0.0008292424053983725,0.0011452993602166204
20.326442207922465,20.284479396718044,0.7238252710790053,0.0007291322220008922,0.0009133587712351919,0.0012864098529606625
20.50792829906463,21.236296964002698,0.7577896433058342,0.0008231530706481883,0.000930101706049889,0.001346772629486943
20.689414390206796,25.638453133914716,0.9148748620437739,0.0013369269390820962,0.0008526861159055433,0.0016259504659249166
20.87090048134896,25.72365283594885,0.9179151026244952,0.0014001016891404543,0.0007674323438084447,0.0016313536973326566
21.052386572491127,25.012462450897047,0.8925371985047477,0.0008162096008719163,0.0012023769333908284,0.001586251119111715
21.233872663633292,33.15534290761612,1.1831052993011746,0.0011336380147286278,0.001383781126935775,0.0021026598198792094
21.415358754775454,27.17999402240926,0.9698827441624772,0.00111093490915716,0.0009037776699761332,0.001723712570089243
21.59684484591762,25.42668559010451,0.9073182126072119,0.0007490751829697402,0.001032430312817742,0.0016125205006018329
21.778330937059785,23.666973146060656,0.8445251622202632,0.000667571640108254,0.0011071785471405001,0.0015009222987390923
21.95981702820195,18.035992331168938,0.6435909338841328,0.0007211147035587126,0.000813935260933332,0.0011438143315865717
22.141303119344116,18.76310174415652,0.6695368878160334,0.0007241360035221511,0.000927310396704611,0.001189926469579082
22.32278921048628,29.298257905085077,1.0454702364075463,0.0009283541714436596,0.001219427449664596,0.0018580495415515617
22.504275301628446,30.960317931453265,1.1047786872485466,0.0008513014924109716,0.0012227868305187133,0.0019634547803213595
22.68576139277061,26.380612541012248,0.9413578554457696,0.0009363385714185854,0.0010116192887350945,0.0016730170509274462
22.867247483912774,24.054716300249662,0.8583612724896397,0.0009729868794375555,0.0008175995265685184,0.001525512361131696
23.04873357505494,26.760236077169317,0.9549042277037296,0.0011783547330581603,0.0007087142309420445,0.001697092179885758
23.230219666197105,36.18835816226132,1.2913345047909408,0.0012707827579528529,0.0011480796312580267,0.002295008887925143
23.41170575733927,42.11014005232909,1.5026455913620145,0.0013548451445394378,0.0013583099016045337,0.0026705590029406515
23.593191848481435,27.32224868635899,0.9749589168697899,0.0010466564117115045,0.0008587468176097825,0.0017327341376510966
23.7746779396236,24.568523852193355,0.8766958268695888,0.0010890513552825102,0.0007078738643872075,0.001558097229809811
23.956164030765763,35.90394564692033,1.2811856140065776,0.001120258541944918,0.0012681698500078423,0.002276971892501974
24.137650121907928,28.077815129539275,1.0019203229210418,0.0008841940453623406,0.0011139890304425715,0.0017806509758436916
24.319136213050093,28.824456551855548,1.0285632512080913,0.000995698351254934,0.0010711585524560375,0.0018280018032182225
24.50062230419226,15.443489971409033,0.5510808582432569,0.0008294687776735673,0.0005767825025942095,0.000979401900081995
24.682108395334424,25.369554688519642,0.9052795706722682,0.0010678886760847463,0.0011096737677073329,0.001608897348473054
24.86359448647659,23.202287028253004,0.8279434423441694,0.0011233604844872065,0.0008149671006185154,0.001471452634332593
25.045080577618755,29.808482756603876,1.0636769467814686,0.0008341470126454015,0.0013920981830108715,0.001890407200990698
25.226566668760917,21.355079129251003,0.7620282304186057,0.0006791267863211607,0.001028987493921954,0.001354305608014168
25.408052759903082,21.512847626764575,0.7676579941037888,0.0005212637978906449,0.0010373106773011378,0.0013643110385563526
25.589538851045248,24.304943171567096,0.8672902930190942,0.0006769046066728324,0.0010437953940788075,0.0015413813566549602
25.771024942187413,24.8822190313346,0.8878896314350058,0.0009373566733598336,0.000886382334549087,0.0015779912858208713
25.95251103332958,19.70934877335849,0.7033024826348305,0.000947845450185047,0.0008447170635466217,0.0012499359713214375
26.133997124471744,15.6795315704534,0.5595036957769555,0.0008919599522777984,0.0005927262944484971,0.000994371287897214
26.315483215613906,18.2567840683143,0.6514695999255745,0.000742006184026048,0.000739025938680683,0.0011578165970902205
26.49696930675607,16.84641721933526,0.6011424928395397,0.0006330583670291411,0.0005594562751505975,0.0010683733446738297
26.678455397898237,20.36367422259777,0.7266512354623811,0.0006007927754735548,0.0008092207932707739,0.0012914322645455347
26.859941489040402,29.46431894185974,1.0513959085733564,0.0010379801541479208,0.0010268331956936505,0.0018685808719210424
27.041427580182567,19.99994458602734,0.71367201634411,0.0007182226920429255,0.0008708698966906452,0.0012683651017583197
27.222913671324733,20.151910483127267,0.7190947217787349,0.0007990978709592969,0.0008217873754938488,0.0012780025404877076
27.4043997624669,22.37899192097227,0.7985652269830241,0.0006163729200594774,0.000975042333139491,0.0014192405505424853
27.58588585360906,25.503051673267745,0.9100432369850038,0.0008456834368961406,0.0009436901456048366,0.001617363517762485
27.767371944751225,29.69724681975425,1.0597076370166374,0.0010871020593463865,0.001024118875981601,0.0018833527924269845
27.94885803589339,26.712690034062316,0.9532076089802425,0.0010422266328968409,0.0008656556621175184,0.0016940768844411023
28.130344127035556,19.822786506987082,0.7073503606546918,0.000715735336204315,0.0006844727942028451,0.0012571300143818167
28.31183021817772,21.71652726562094,0.7749260371688889,0.0006794617240483646,0.0007574698820002149,0.0013772280816387928
28.493316309319887,24.725614246124902,0.8823013933101949,0.0008706294715562506,0.0008878767687424796,0.001568059656086902
28.674802400462053,16.262481903777523,0.5803055204031374,0.0008294798881133172,0.0005055727388047075,0.0010313410832717097
28.856288491604214,15.03258883923068,0.5364183856419741,0.0007626432847988515,0.00038670224447286415,0.0009533431950647789
29.03777458274638,14.198785362543457,0.5066651927827382,0.0006290665658570014,0.0005259517326318223,0.0009004646869766272
29.219260673888545,24.6801289140884,0.8806783083816871,0.0009374800039670654,0.000792704792803685,0.0015651750477046725
29.40074676503071,25.801267635553298,0.920684685824768,0.0010299221865053122,0.0007412989139739787,0.001636275906130524
29.582232856172876,19.631575751113633,0.7005272534653738,0.000809766459452317,0.0006581168047570716,0.0012450037282919991
29.76371894731504,21.36184997599872,0.762269839280571,0.000862603787718754,0.0006629014026120245,0.001354735004490103
29.945205038457207,24.00272920600835,0.8565061806311858,0.0007683555358163381,0.0009252536630979296,0.001522215421192993
30.12669112959937,23.64144006898811,0.8436140475659474,0.0007681842178731005,0.0010017198184668948,0.0014993030310576233
30.308177220741534,18.414044795845072,0.6570812444991818,0.0007685839534102518,0.0006909697914810716,0.0011677898256568869
30.4896633118837,12.875297110792413,0.4594382354693268,0.0004878835150258997,0.0006100807853854043,0.0008165311388666498
30.671149403025865,20.19325330712929,0.7205699866945935,0.000752438176410305,0.0008106218394422537,0.0012806244375108066
30.85263549416803,20.91236760096483,0.746230645195719,0.000840637384757313,0.000767168958019838,0.001326229537592624
31.034121585310196,18.482699555196383,0.6595311003138875,0.0007881507243638987,0.0005889525892474257,0.001172143802761989
31.215607676452358,20.343860639860726,0.7259442135262891,0.0007254757954911862,0.0006677411489680889,0.0012901757182198
31.397093767594523,26.301543162918243,0.9385363675035058,0.0008690575804828418,0.000928304638973678,0.0016680025950442914
31.57857985873669,22.677503569859844,0.8092172270146961,0.0011622459353645182,0.0009751846092804779,0.001438171690890835
31.760065949878854,15.557113066402932,0.5551353506424113,0.0013334489636028784,0.0013240820882025515,0.000986607698469293
31.94155204102102,17.048021141918642,0.6083364666685214,0.0008805329202670642,0.0009211297845623302,0.00108115874908745
32.12303813216318,17.911868910547664,0.6391617510186863,0.0006998559890029529,0.0006952187363794134,0.001135942619025085
32.30452422330535,19.04313834397153,0.6795296297449163,0.000664069324808179,0.0006313281618028534,0.001207685951306274
32.48601031444751,22.38002010005707,0.7986019162167096,0.0006228364773996,0.0008362507967433449,0.001419305756046624
32.66749640558968,16.48406061320099,0.5882122685270122,0.0005632114655518949,0.0005374080747686445,0.001045393257322319
32.84898249673184,15.104270971989052,0.5389762693401746,0.0005392441383781801,0.0005604906044358156,0.0009578891634408022
33.030468587874005,18.09188156450412,0.6455852685021454,0.0007014477427613814,0.0006573004114878407,0.0011473587390633774
33.21195467901617,22.278220154350464,0.7949693175260657,0.0008499077689717066,0.0006930064300815465,0.001412849763234256
33.393440770158335,25.887270299011913,0.9237535790398199,0.0008911241484324615,0.0008942286886310653,0.0016417300600918014
33.574926861300504,23.154743618802335,0.8262469175992839,0.0008736923479701849,0.000704413987180256,0.0014684375059102917
33.756412952442666,17.710990043398006,0.6319936498500573,0.0006747077036597587,0.0005133200009160411,0.0011232031964893165
33.937899043584835,15.523257178533179,0.5539272473070646,0.0003491922083028006,0.0007680829241939393,0.0009844606111872097
34.119385134727,18.946007897948025,0.6760636560786478,0.0006148477613474163,0.0007638627021978686,0.001201526090836436
34.30087122586916,21.324163843299143,0.7609250586389931,0.0008039580946365696,0.0006389237586965542,0.001352345009091328
34.48235731701133,13.131466160236492,0.4685792948985331,0.0004072350767064951,0.0005434259279487852,0.0008327769780022504
34.66384340815349,16.793646840109485,0.5992594504749317,0.0005277982500083363,0.0006737763730158707,0.0010650267300305438
34.84532949929566,20.164750196488807,0.7195528902543822,0.0007657265776803537,0.0007640820184438832,0.0012788168149610326
35.02681559043782,14.326369110858835,0.5112178529424363,0.0005526996867381851,0.0005154951467975676,0.0009085558480905317
35.20830168157999,13.74958286967834,0.49063598592914437,0.0005068841716435406,0.00044326186944641094,0.0008719769697670981
35.38978777272215,16.65770522695059,0.5944085507761415,0.0005825673800453554,0.0006332269217459737,0.00105640552624341
35.57127386386431,23.815355434970613,0.8498199912564449,0.0008788862549844704,0.000883260051636295,0.001510332470660466
35.75275995500648,21.442095366246114,0.7651332916873435,0.0008340440650523898,0.0007461810797618744,0.0013598240412186304
35.934246046148644,15.823897753149513,0.5646552152850954,0.000600160309188453,0.0005743328091733166,0.0010035267646645721
36.11573213729081,16.58185696302009,0.5917020041043424,0.0007417863177394594,0.00047035408895839954,0.001051595348365938
36.297218228432975,22.398490395022325,0.7992610046753612,0.0007022862125076659,0.0007596514543246219,0.0014204771131697573
36.478704319575144,14.797765914819605,0.5280390349279048,0.0005416466051113115,0.0004665976564405847,0.0009384510936824607
36.660190410717306,15.355601291400204,0.5479446649800244,0.0006180895331337628,0.0005195241384197251,0.0009738281379106405
36.84167650185947,14.761157588481865,0.5267327144048624,0.0004955669125052378,0.0005997088801371846,0.0009361294510718605
37.023162593001636,16.84725560716884,0.6011724096192136,0.0003699907526666463,0.0008037567034585231,0.0010684265139146389
37.2046486841438,22.292146073874388,0.7954662458562085,0.000704801302499116,0.0007719657648874647,0.001413732923197928
37.38613477528597,25.19609234082693,0.8990897923503757,0.0009171189482206955,0.0007368478943952996,0.0015978966385792796
37.56762086642813,23.16359890626279,0.826562907017656,0.0008437599986812545,0.000703930578798387,0.001468999094345328
37.7491069575703,15.295625009727912,0.5458044893565485,0.0005087275531805808,0.000548809886737971,0.0009700245362416873
37.93059304871246,10.882247975653108,0.38831886867160675,0.0004988226960199411,0.0003767422667905416,0.0006901350902062762
38.11207913985462,10.743224782092001,0.3833580067831859,0.0005013594842813962,0.0004086467870498985,0.0006813184574256501
38.29356523099679,15.148688273638077,0.5405612429930802,0.0006451621600443594,0.0005081847796821521,0.0009607060390118107
38.47505132213895,8.640929644252605,0.3083403384332217,0.0004480511011753203,0.0002748761286774241,0.0005479941987027248
38.65653741328112,13.783008297476144,0.49182872885655665,0.00054368242477862,0.00044958482881455377,0.0008740967579468962
38.83802350442328,20.463794985786276,0.7302239147083313,0.0008114722609544586,0.0005218067842475592,0.0012977817662375764
39.01950959556545,15.92499835544846,0.5682628588156031,0.0005852006446623181,0.0004717636900771344,0.0010099384062154356
39.200995686707614,12.086930498470547,0.43130639803277715,0.0005069443563346334,0.00035294696204036917,0.0007665341654170811
39.382481777849776,15.153890903014602,0.5407468920573295,0.0006185115123149705,0.0004797034100591794,0.0009610359816029099
39.563967868991945,15.363130383511038,0.5482133308418156,0.0005658408300655992,0.000575225892917711,0.0009743056211176678
39.74545396013411,13.588325767263168,0.4848817359143294,0.0004422201228871829,0.0005349996294096071,0.0008617502973763682
39.926940051276276,23.76537672113411,0.8480365658412116,0.0006974817717385608,0.0008425223784114483,0.0015071628990554868
40.10842614241844,21.856346440601268,0.7799153026192288,0.0006784376662347889,0.0007780439875850896,0.0013860951943119747
40.28991223356061,16.18162884494241,0.5774203841329721,0.0005440348983191684,0.0005793374284346673,0.0010262135091549053
40.47139832470277,12.11763897708202,0.4324021901613624,0.0006170065486988146,0.0004343295886528044,0.0007684816489429153
40.65288441584493,16.448547428838452,0.5869450267213264,0.0007147240265518565,0.0005615616160312848,0.0010431410668972887
40.8343705069871,16.388381161036115,0.5847980716898414,0.0006035966857892894,0.000502832001659216,0.001039325416606094
41.01585659812926,15.229646967954107,0.5434501487280227,0.0005461138130552594,0.0005824663207342646,0.0009658403123650518
41.19734268927143,15.10534892065121,0.5390147345365119,0.0005374245916475566,0.0005175147624765841,0.0009579575252534389
41.37882878041359,16.664957933728655,0.5946673541867205,0.0006612464307820086,0.0005062602192689971,0.0010568654815263374
41.56031487155576,17.939399957534317,0.6401441606313987,0.0006377233680252694,0.0006689141778417463,0.001137688594823295
41.74180096269792,15.558940233322769,0.5552005507180549,0.0005380620340701066,0.0005298548179435409,0.0009867235745281624
41.923287053840085,12.471254189467972,0.44502048920453796,0.000569547582310062,0.00034150302981216337,0.0007909073708198921
42.10477314498225,14.274862430681065,0.5093799040351508,0.0006548031910724045,0.00033874041718084475,0.0009052893752578746
42.286259236124415,19.074623436565755,0.6806531343336338,0.0007209330399457027,0.0005582533638821117,0.0012096826864722327
42.467745327266584,21.318340391968086,0.7607172563505596,0.0007611894382127327,0.0007407138530122533,0.0013519756949460647
42.649231418408746,18.518607121145042,0.6608124151136541,0.0007613858117104125,0.0006500169727929954,0.0011744210042483436
42.83071750955091,16.456745808184767,0.5872375752278322,0.0006794695029038578,0.0005110043805118599,0.0010436609952505448
43.01220360069308,15.352558992261095,0.5478361044911895,0.0006602915675597571,0.00043292355541851824,0.0009736352000732088
43.19368969183524,15.66352896151696,0.5589326634854753,0.0006300631312826487,0.0004205188262291759,0.0009933564275497382
43.37517578297741,20.63299428010733,0.7362615715139641,0.0008208966251564016,0.000539069648882777,0.0013085121199761006
43.55666187411957,22.57451116572363,0.805542076995562,0.0009001457816447054,0.0006379964409297536,0.0014316400742360666
43.73814796526174,13.518668237768512,0.4823960975509746,0.0005609316144847534,0.0003828734755256728,0.0008573327261623233
43.9196340564039,18.32132125941956,0.6537725256715515,0.000797082122819026,0.0004397267159008942,0.0011619094444784356
44.10112014754606,18.753843922937815,0.6692065345039186,0.0008236881612214975,0.0004242578698298994,0.0011893393530847524
44.28260623868823,18.364939687672308,0.6553289925660972,0.0007905725299834842,0.0005258481972708079,0.001164675656752245
44.46409232983039,20.41808002389051,0.7285926357368867,0.0006929645877450072,0.0006861651262040463,0.001294882595090006
44.64557842097256,16.75161810011144,0.5977597095386611,0.000539271554503626,0.00062470445607313,0.0010623613332913118
44.827064512114724,19.824709481211272,0.7074189794894116,0.0007129759803261186,0.0006485668361586425,0.0012572519663895873
45.00855060325689,18.189260435564464,0.6490601068928228,0.0007057482285270548,0.000603468409580735,0.0011535343542592221
45.190036694399055,19.21759237924567,0.6857547951486465,0.0007088111732543472,0.0006423628397723588,0.00121874955247031
45.37152278554122,18.8979230178592,0.6743478096581216,0.0006060104687467139,0.0006384337291870764,0.0011984766231959347
45.553008876683386,15.30786828412093,0.5462413746831619,0.0005909711982033875,0.0004629130977528691,0.0009708009854915643
45.73449496782555,13.302407294729482,0.47467910700576227,0.0005639674126940719,0.00039942713778812666,0.0008436177965111858
45.915981058967716,12.637519682373695,0.4509534571215278,0.0004996894191369979,0.00044840904348401677,0.0008014516674763736
46.09746715010988,14.391122127711819,0.5135284801495796,0.0006357704754430467,0.00040035021317743973,0.0009126623828089965
46.27895324125205,13.968576382084045,0.49845048465900815,0.0004996077320971324,0.0004817024017096047,0.0008858651946795273
46.46043933239421,10.474695815290891,0.37377589977486764,0.0003908811914052244,0.00036282224624587645,0.0006642887717264336
