batch,sample,time_s,timestamp_epoch_s,acq_seconds,peak_01,peak_01_freq_mhz,peak_01_raw,peak_01_spike_sig,peak_02,peak_02_freq_mhz,peak_02_raw,peak_02_spike_sig,z_minus,z_plus,lockin_signal,delta_f_mhz,peak_shift_kHz,f_new_mhz,B_shift_uT
0,0,0.005413728998973966,1785873878.906942,0.009905792074277997,-5275.233698476128,2806.9098795429386,-5275.233698476128,False,-5272.341101754041,2813.9098768726503,-5272.341101754041,False,-1.0188635055903141,-1.0183048267895294,0.000558678800784751,-0.08775865669632833,-87.75865669632833,2810.4318201617925,-3.1315535503971
1,0,0.1062330415006727,1785873879.008001,0.010401583043858409,-5269.633643458858,2806.9098795429386,-5269.633643458858,False,-5271.34578353761,2813.9098768726503,-5271.34578353761,False,-1.0177819057954005,-1.0181125901105244,-0.00033068431512384144,-0.0034956045873035507,-3.495604587303551,2810.5160832139013,-0.12473610431428599
2,0,0.12247824994847178,1785873879.030048,0.02199258399195969,-5281.026255463521,2806.9098795429386,-5281.026255463521,False,-5275.876057653846,2813.9098768726503,-5275.876057653846,False,-1.019982285393418,-1.0189875714347993,0.0009947139586186093,-0.12907097623004904,-129.07097623004904,2810.3905078422586,-4.605729953969777
3,0,0.14297202101442963,1785873879.049004,0.01887704199180007,-5271.345416755816,2806.9098795429386,-5271.345416755816,False,-5273.011444655152,2813.9098768726503,-5273.011444655152,False,-1.01811251926995,-1.0184342974361797,-0.00032177816622969146,-0.004339421106039892,-4.339421106039891,2810.5152393973826,-0.1548465995589456
4,0,0.1602583124767989,1785873879.06462,0.015387291088700294,-5273.523820882908,2806.9098795429386,-5273.523820882908,False,-5275.5773072368975,2813.9098768726503,-5275.5773072368975,False,-1.0185332582537343,-1.018929870503522,-0.0003966122497875979,0.0027507630601079224,2.7507630601079223,2810.522329581549,0.09815740294418793
5,0,0.1740066459751688,1785873879.076659,0.011797791928984225,-5273.523820882908,2806.9098795429386,-5281.69527808306,True,-5278.868088787772,2813.9098768726503,-5278.868088787772,False,-1.0185332582537343,-1.0195654550896653,-0.0010321968359310318,0.06296947029442229,62.969470294422294,2810.582548288783,2.2469836673716204
6,0,0.18507514602970332,1785873879.086688,0.009769042022526264,-5277.032195069442,2806.9098795429386,-5277.032195069442,False,-5275.391272453759,2813.9098768726503,-5275.391272453759,False,-1.0192108688823682,-1.0188939395737955,0.00031692930857274426,-0.0648540076331843,-64.8540076331843,2810.4547248108556,-2.3142309318150263
7,0,0.19517662498401478,1785873879.0968509,0.009980165981687605,-5277.480935984616,2806.9098795429386,-5277.480935984616,False,-5275.2089805725245,2813.9098768726503,-5275.2089805725245,False,-1.0192975391169148,-1.0188587315515976,0.000438807565317223,-0.07640141016800296,-76.40141016800297,2810.443177408321,-2.7262849760206596
8,0,0.20521564601222053,1785873879.1067111,0.009758042055182159,-5281.924448265827,2806.9098795429386,-5281.924448265827,False,-5275.300126513142,2813.9098768726503,-5288.01884142136,True,-1.0201557631802916,-1.0188763355626964,0.0012794276175951413,-0.15604628187669828,-156.0462818766983,2810.363532536612,-5.5683086596024225
9,0,0.21478318748995662,1785873879.1159968,0.009190208977088332,-5278.689845459946,2806.9098795429386,-5278.689845459946,False,-5275.391272453759,2813.9098768726503,-5288.01884142136,True,-1.0195310290088095,-1.0188939395737955,0.0006370894350140599,-0.0951877025379877,-95.18770253798769,2810.4243911159506,-3.396649391164277
10,0,0.22444968752097338,1785873879.126029,0.009952374966815114,-5277.256565527029,2806.9098795429386,-5287.202942626556,True,-5280.967594296808,2813.9098768726503,-5280.967594296808,False,-1.0192542039996415,-1.0199709555215344,-0.0007167515218928777,0.03308248211278449,33.08248211278449,2810.5526613006014,1.180505356579521
11,0,0.3167618539882824,1785873879.218553,0.010336041916161776,-5283.629743079984,2806.9098795429386,-5283.629743079984,False,-5280.967594296808,2813.9098768726503,-5280.967594296808,False,-1.0204851253946934,-1.0199709555215344,0.0005141698731589983,-0.08354164114805696,-83.54164114805695,2810.4360371773405,-2.9810748340014612
12,0,0.3269134999718517,1785873879.228418,0.009767083916813135,-5281.508410067363,2806.9098795429386,-5281.508410067363,False,-5277.427860931228,2813.9098768726503,-5277.427860931228,False,-1.020075409178635,-1.019287288152115,0.0007881210265201499,-0.10949724904103225,-109.49724904103225,2810.410081569448,-3.9072669512215334
13,0,0.33657543745357543,1785873879.2379289,0.009360041003674269,-5279.700478809713,2806.9098795429386,-5279.700478809713,False,-5277.427860931228,2813.9098768726503,-5277.427860931228,False,-1.019726223666803,-1.019287288152115,0.0004389355146880991,-0.07641353278059236,-76.41353278059236,2810.4431652857083,-2.726717555687709
14,0,0.34641852095955983,1785873879.24804,0.01000395801384002,-5279.700478809713,2806.9098795429386,-5293.381117515027,True,-5277.427860931228,2813.9098768726503,-5285.604267027778,True,-1.019726223666803,-1.019287288152115,0.0004389355146880991,-0.07641353278059236,-76.41353278059236,2810.4431652857083,-2.726717555687709
15,0,0.3563972085248679,1785873879.2578921,0.00976116699166596,-5281.508410067363,2806.9098795429386,-5293.511819410464,True,-5283.4846981558585,2813.9098768726503,-5283.4846981558585,False,-1.020075409178635,-1.0204571112841707,-0.0003817021055356751,0.0013380956809696377,1.3380956809696378,2810.52091691417,0.04774820443083206
16,0,0.36615718743996695,1785873879.2675798,0.009574541007168591,-5289.600046379292,2806.9098795429386,-5289.600046379292,False,-5283.4846981558585,2813.9098768726503,-5283.4846981558585,False,-1.021638235284541,-1.0204571112841707,0.0011811240003702927,-0.14673246767353046,-146.73246767353046,2810.372846350815,-5.235957310645534
17,0,0.3759912290261127,1785873879.277527,0.009860291960649192,-5276.452331655793,2806.9098795429386,-5276.452331655793,False,-5280.967594296808,2813.9098768726503,-5272.441578038806,True,-1.0190988735274393,-1.0199709555215344,-0.000872081994095053,0.047799327728671896,47.7993277286719,2810.5673781462174,1.705656855861829
18,0,0.385883312439546,1785873879.287383,0.009762790985405445,-5281.924448265827,2806.9098795429386,-5273.846153641704,True,-5274.129402212119,2813.9098768726503,-5274.129402212119,False,-1.0201557631802916,-1.0186502207906127,0.0015055423896788156,-0.177469613339283,-177.469613339283,2810.3421092051494,-6.332772385786575
19,0,0.3955710419686511,1785873879.2968938,0.00942074996419251,-5281.924448265827,2806.9098795429386,-5269.737174265207,True,-5274.129402212119,2813.9098768726503,-5274.129402212119,False,-1.0201557631802916,-1.0186502207906127,0.0015055423896788156,-0.177469613339283,-177.469613339283,2810.3421092051494,-6.332772385786575
20,0,0.4052870419691317,1785873879.306818,0.009829999995417893,-5279.834165458457,2806.9098795429386,-5279.834165458457,False,-5277.120899784848,2813.9098768726503,-5277.120899784848,False,-1.019752044029535,-1.0192280013929764,0.0005240426365584749,-0.08447703993164636,-84.47703993164636,2810.435101778557,-3.0144533232817
21,0,0.5113859585253522,1785873879.41313,0.010232917033135891,-5276.775263092847,2806.9098795429386,-5276.775263092847,False,-5277.120899784848,2813.9098768726503,-5277.120899784848,False,-1.0191612448032592,-1.0192280013929764,-6.675658971722065e-05,-0.028501538925196874,-28.501538925196876,2810.4910772795633,-1.0170403555950926
22,0,0.5228539164527319,1785873879.425865,0.012483667000196874,-5278.725966822195,2806.9098795429386,-5278.725966822195,False,-5273.095219079032,2813.9098768726503,-5273.095219079032,False,-1.0195380055220544,-1.0184504777057322,0.0010875278163222646,-0.13786466104587686,-137.86466104587686,2810.3817141574427,-4.91952116207097
23,0,0.5345898750238121,1785873879.4364579,0.010446249973028898,-5282.9524618899095,2806.9098795429386,-5282.9524618899095,False,-5279.531758519371,2813.9098768726503,-5279.531758519371,False,-1.0203543146805085,-1.0196936368741967,0.000660677806311849,-0.09742259189226682,-97.42259189226682,2810.4221562265966,-3.4763985117137746
24,0,0.5452378750196658,1785873879.44718,0.010600000037811697,-5276.101175296449,2806.9098795429386,-5276.101175296449,False,-5277.777448501045,2813.9098768726503,-5277.777448501045,False,-1.0190310508640763,-1.0193548078180206,-0.0003237569539442653,-0.004151940099324779,-4.151940099324779,2810.5154268783895,-0.14815658361849768
25,0,0.5558788540074602,1785873879.457709,0.010431458009406924,-5272.560291750998,2806.9098795429386,-5272.560291750998,False,-5275.878035086133,2813.9098768726503,-5275.878035086133,False,-1.018347161347855,-1.0189879533578965,-0.0006407920100415243,0.025885668808054957,25.885668808054955,2810.5454644872966,0.9236964319174621
26,0,0.5662453749682754,1785873879.467933,0.010115165961906314,-5269.573577624184,2806.9098795429386,-5269.573577624184,False,-5271.83203852272,2813.9098768726503,-5271.83203852272,False,-1.0177703046246505,-1.018206505847164,-0.00043620122251364357,0.006501635580101662,6.501635580101662,2810.526080454069,0.23200241150805248
27,0,0.5763291664770804,1785873879.4778812,0.009827332920394838,-5274.374361288043,2806.9098795429386,-5274.374361288043,False,-5275.878035086133,2813.9098768726503,-5267.812039612434,True,-1.018697532412635,-1.0189879533578965,-0.00029042094526143813,-0.0073103731246006685,-7.310373124600669,2810.512268445364,-0.26086115917073466
28,0,0.5862912919837981,1785873879.4878569,0.009853499941527843,-5271.167587386428,2806.9098795429386,-5271.167587386428,False,-5267.812039612434,2813.9098768726503,-5267.812039612434,False,-1.018078173141409,-1.0174300795471527,0.0006480935942563271,-0.09623029585792751,-96.23029585792752,2810.423348522631,-3.433852978087622
29,0,0.5961678124731407,1785873879.497605,0.009657209040597081,-5274.1071773615895,2806.9098795429386,-5274.1071773615895,False,-5271.489282928302,2813.9098768726503,-5271.489282928302,False,-1.0186459282624678,-1.0181403057152931,0.0005056225471746778,-0.08273182144457868,-82.73182144457867,2810.436846997044,-2.9521774709027504
30,0,0.605973208497744,1785873879.507495,0.009783082990907133,-5277.530290727729,2806.9098795429386,-5277.530290727729,False,-5273.926916069429,2813.9098768726503,-5273.926916069429,False,-1.0193070715375545,-1.0186111124301178,0.0006959591074366944,-0.10076533240171538,-100.76533240171538,2810.418813486087,-3.595679860181108
31,0,0.7040786250145175,1785873879.605623,0.009842499974183738,-5274.422545253033,2806.9098795429386,-5274.422545253033,False,-5273.926916069429,2813.9098768726503,-5273.926916069429,False,-1.0187068387081073,-1.0186111124301178,9.572627798948297e-05,-0.043896041017187075,-43.89604101718707,2810.475682777472,-1.5663731450609146
32,0,0.7140090420143679,1785873879.6155362,0.00981399999000132,-5282.024365739923,2806.9098795429386,-5282.024365739923,False,-5277.032230950272,2813.9098768726503,-5277.032230950272,False,-1.020175061333463,-1.0192108758124248,0.0009641855210382744,-0.12617854761385797,-126.17854761385797,2810.3934002708747,-4.502517399866471
33,0,0.7236941250157543,1785873879.6250062,0.009353916044346988,-5278.22580336509,2806.9098795429386,-5278.22580336509,False,-5277.032230950272,2813.9098768726503,-5277.032230950272,False,-1.0194414034902959,-1.0192108758124248,0.0002305276778711285,-0.0566678517426546,-56.667851742654605,2810.462910966746,-2.0221186034347203
34,0,0.733391166490037,1785873879.634916,0.009804166969843209,-5274.104362045527,2806.9098795429386,-5274.104362045527,False,-5271.331785363545,2813.9098768726503,-5271.331785363545,False,-1.0186453845097247,-1.0181098864902651,0.0005354980194596237,-0.08556238461152123,-85.56238461152122,2810.4340164338773,-3.0531824368941347
35,0,0.7436522290227003,1785873879.645516,0.010513207991607487,-5270.813908073319,2806.9098795429386,-5270.813908073319,False,-5271.331785363545,2813.9098768726503,-5271.331785363545,False,-1.0180098631924275,-1.0181098864902651,-0.00010002329783764807,-0.025349671808486587,-25.349671808486587,2810.4942291466805,-0.9045700759522761
36,0,0.7538758954615332,1785873879.655369,0.009766874951310456,-5274.1071773615895,2806.9098795429386,-5285.240105197271,True,-5271.83203852272,2813.9098768726503,-5280.85235039356,True,-1.0186459282624678,-1.018206505847164,0.00043942241530370296,-0.07645966436757932,-76.45966436757932,2810.443119154121,-2.7283637013837896
37,0,0.7634118124842644,1785873879.6646001,0.009133708896115422,-5280.8284477821,2806.9098795429386,-5280.8284477821,False,-5271.83203852272,2813.9098768726503,-5280.85235039356,True,-1.0199440806352507,-1.018206505847164,0.00173757478808656,-0.19945361259479436,-199.45361259479435,2810.320125205894,-7.117242813117127
38,0,0.7729740830254741,1785873879.674489,0.0097882499685511,-5274.422545253033,2806.9098795429386,-5285.169667809981,True,-5273.926916069429,2813.9098768726503,-5283.460632087294,True,-1.0187068387081073,-1.0186111124301178,9.572627798948297e-05,-0.043896041017187075,-43.89604101718707,2810.475682777472,-1.5663731450609146
39,0,0.7826035000034608,1785873879.6838531,0.009270334034226835,-5280.889287047952,2806.9098795429386,-5280.889287047952,False,-5273.926916069429,2813.9098768726503,-5283.460632087294,True,-1.0199558311872123,-1.0186111124301178,0.0013447187570945207,-0.1622323161201729,-162.2323161201729,2810.3573465023687,-5.78904924779378
40,0,0.7923624579561874,1785873879.694001,0.01006000000052154,-5281.243052740831,2806.9098795429386,-5281.243052740831,False,-5277.51798692609,2813.9098768726503,-5277.51798692609,False,-1.0200241578196627,-1.0193046951699494,0.0007194626497133427,-0.10299218459760455,-102.99218459760455,2810.4165866338913,-3.6751421851842903
41,0,0.8920745414798148,1785873879.7940018,0.010622667032293975,-5278.160955413421,2806.9098795429386,-5278.160955413421,False,-5277.51798692609,2813.9098768726503,-5277.51798692609,False,-1.0194288786970556,-1.0193046951699494,0.00012418352710619196,-0.046592234081986046,-46.59223408198605,2810.472986584407,-1.6625832886806324
42,0,0.9023409789660946,1785873879.803803,0.009720291942358017,-5284.30901964276,2806.9098795429386,-5284.30901964276,False,-5284.530671463181,2813.9098768726503,-5284.530671463181,False,-1.0206163214970037,-1.0206591315341853,-4.2810037181650884e-05,-0.03077036429926782,-30.770364299267822,2810.4888084541894,-1.0980004388833793
43,0,0.9119349999818951,1785873879.813211,0.009308916050940752,-5281.970908622163,2806.9098795429386,-5281.970908622163,False,-5284.530671463181,2813.9098768726503,-5284.530671463181,False,-1.0201647365763975,-1.0206591315341853,-0.0004943949577878026,0.012015223517482734,12.015223517482735,2810.5315940420064,0.4287476276578195
44,0,0.9216129999840632,1785873879.823143,0.00984325003810227,-5287.130699902059,2806.9098795429386,-5287.130699902059,False,-5279.194893360851,2813.9098768726503,-5279.194893360851,False,-1.0211613034267093,-1.019628574426552,0.001532729000157218,-0.18004541925526032,-180.04541925526033,2810.3395333992335,-6.42468667054169
45,0,0.9311818329733796,1785873879.832335,0.009121999959461391,-5284.336080431526,2806.9098795429386,-5284.336080431526,False,-5279.194893360851,2813.9098768726503,-5279.194893360851,False,-1.0206215480427232,-1.019628574426552,0.0009929736161711222,-0.12890608681231067,-128.90608681231066,2810.3906727316767,-4.599846089505805
46,0,0.9408294790191576,1785873879.8424408,0.01003720797598362,-5281.039579210914,2806.9098795429386,-5281.039579210914,False,-5275.045938090954,2813.9098768726503,-5275.045938090954,False,-1.0199848587542872,-1.018827241376218,0.0011576173780691867,-0.14450532365953378,-144.5053236595338,2810.3750734948294,-5.156484572492642
47,0,0.9508182915160432,1785873879.852308,0.009805666981264949,-5276.8780769470995,2806.9098795429386,-5276.8780769470995,False,-5275.045938090954,2813.9098768726503,-5275.045938090954,False,-1.0191811023659672,-1.018827241376218,0.00035386098974909963,-0.06835311403839862,-68.35311403839863,2810.4512257044503,-2.4390919939479954
48,0,0.9607370625017211,1785873879.862283,0.009913041023537517,-5278.657358028201,2806.9098795429386,-5278.657358028201,False,-5275.719256442934,2813.9098768726503,-5275.719256442934,False,-1.0195247543562562,-1.0189572867041956,0.0005674676520606159,-0.08859135980689087,-88.59135980689086,2810.430987458682,-3.161267478121998
49,0,0.9703199790092185,1785873879.8714938,0.009128957986831665,-5276.520741111853,2806.9098795429386,-5276.520741111853,False,-5275.719256442934,2813.9098768726503,-5275.719256442934,False,-1.0191120861929248,-1.0189572867041956,0.000154799488729207,-0.049492955197424304,-49.4929551974243,2810.4700858632914,-1.7660917498367221
50,0,0.9798853329848498,1785873879.881394,0.009828249923884869,-5283.5096984548645,2806.9098795429386,-5283.5096984548645,False,-5279.793396200087,2813.9098768726503,-5279.793396200087,False,-1.0204619398649961,-1.019744169817343,0.0007177700476530546,-0.10283181836130051,-102.8318183613005,2810.4167470001275,-3.6694197245682454
51,0,1.0770854165311903,1785873879.978473,0.00953758298419416,-5279.747978381136,2806.9098795429386,-5279.747978381136,False,-5279.793396200087,2813.9098768726503,-5279.793396200087,False,-1.01973539777787,-1.019744169817343,-8.772039473026183e-06,-0.033995307546074896,-33.9953075460749,2810.485583510943,-1.2130783452067833
52,0,1.0867877919808961,1785873879.988252,0.009672500076703727,-5283.5875744693285,2806.9098795429386,-5283.5875744693285,False,-5276.706131369013,2813.9098768726503,-5276.706131369013,False,-1.0204769809103096,-1.0191478926383088,0.0013290882720007335,-0.16075139976959815,-160.75139976959815,2810.358827418719,-5.736204673479809
53,0,1.096268916502595,1785873879.9974132,0.009066832950338721,-5278.859290011442,2806.9098795429386,-5278.859290011442,False,-5276.706131369013,2813.9098768726503,-5276.706131369013,False,-1.0195637556858836,-1.0191478926383088,0.00041586304757479375,-0.0742275229676421,-74.2275229676421,2810.445351295521,-2.648712638011779
54,0,1.1062698334571905,1785873880.0082471,0.010755417053587735,-5281.039579210914,2806.9098795429386,-5289.561406714499,True,-5276.706131369013,2813.9098768726503,-5287.155682925111,True,-1.0199848587542872,-1.0191478926383088,0.0008369661159783881,-0.11412509591782191,-114.12509591782191,2810.405453722571,-4.072405649365612
55,0,1.116575957974419,1785873880.018017,0.009707750054076314,-5281.039579210914,2806.9098795429386,-5270.14682966308,True,-5271.152145341273,2813.9098768726503,-5271.152145341273,False,-1.0199848587542872,-1.0180751906505547,0.001909668103732498,-0.2157586602907221,-215.7586602907221,2810.303820158198,-7.699067238464249
56,0,1.1259983124909922,1785873880.0270898,0.009015040937811136,-5279.747978381136,2806.9098795429386,-5266.72368772517,True,-5271.152145341273,2813.9098768726503,-5271.152145341273,False,-1.01973539777787,-1.0180751906505547,0.001660207127315294,-0.1921233836764719,-192.1233836764719,2810.3274554348122,-6.855673125766196
57,0,1.135566896002274,1785873880.037157,0.010008792043663561,-5278.859290011442,2806.9098795429386,-5270.232873881549,True,-5269.967656091569,2813.9098768726503,-5269.967656091569,False,-1.0195637556858836,-1.0178464173035775,0.0017173383823061439,-0.19753630650881784,-197.53630650881783,2810.32204251198,-7.048826238539032
58,0,1.1453170414897613,1785873880.0465899,0.009375583031214774,-5278.657358028201,2806.9098795429386,-5265.482520721178,True,-5269.967656091569,2813.9098768726503,-5269.967656091569,False,-1.0195247543562562,-1.0178464173035775,0.0016783370526787245,-0.19384111046129673,-193.84111046129672,2810.3257377080276,-6.916967972498456
59,0,1.1551771664526314,1785873880.056879,0.010230083018541336,-5273.808516646711,2806.9098795429386,-5273.808516646711,False,-5268.040192507286,2813.9098768726503,-5268.040192507286,False,-1.0185882446563308,-1.0174741452078506,0.001114099448480177,-0.14038220060322246,-140.38220060322246,2810.3791966178856,-5.009356287582873
60,0,1.1652154374751262,1785873880.0666811,0.009728459059260786,-5276.520741111853,2806.9098795429386,-5268.023503271135,True,-5268.284321008491,2813.9098768726503,-5268.284321008491,False,-1.0191120861929248,-1.0175212964119054,0.0015907897810194527,-0.18554641037550368,-185.54641037550368,2810.334032408113,-6.620982385651716
61,0,1.2657676459639333,1785873880.167656,0.010543458047322929,-5273.808516646711,2806.9098795429386,-5264.6253622966915,True,-5268.284321008491,2813.9098768726503,-5268.284321008491,False,-1.0185882446563308,-1.0175212964119054,0.0010669482444254363,-0.13591484155358516,-135.91484155358515,2810.383663976935,-4.849944388866156
62,0,1.2760000419802964,1785873880.177491,0.009728250093758106,-5273.155619801432,2806.9098795429386,-5273.155619801432,False,-5269.987478255554,2813.9098768726503,-5269.987478255554,False,-1.0184621435570067,-1.0178502457746257,0.0006118977823810212,-0.09280090967401608,-92.80090967401608,2810.4267779088145,-3.3114797913936656
63,0,1.285507520486135,1785873880.1866398,0.009069375111721456,-5270.116988774616,2806.9098795429386,-5270.116988774616,False,-5269.987478255554,2813.9098768726503,-5269.987478255554,False,-1.017875259555816,-1.0178502457746257,2.5013781190352802e-05,-0.03719635818127694,-37.196358181276935,2810.4823824603077,-1.3273036747529594
64,0,1.2951329789939336,1785873880.196741,0.010029957978986204,-5274.321728764863,2806.9098795429386,-5274.321728764863,False,-5275.526663441823,2813.9098768726503,-5275.526663441823,False,-1.0186873669185281,-1.0189200891141967,-0.00023272219566861096,-0.012777063452317909,-12.77706345231791,2810.5068017550366,-0.45593289510126705
65,0,1.3051490624784492,1785873880.206667,0.009863291052170098,-5270.805586379107,2806.9098795429386,-5270.805586379107,False,-5275.526663441823,2813.9098768726503,-5275.526663441823,False,-1.0180082559327264,-1.0189200891141967,-0.0009118331814703673,0.051565569338298055,51.565569338298054,2810.571144387827,1.8400502904045837
66,0,1.3148746250080876,1785873880.216213,0.009467583964578807,-5276.838322983265,2806.9098795429386,-5276.838322983265,False,-5269.987478255554,2813.9098768726503,-5277.74034639617,True,-1.019173424248699,-1.0178502457746257,0.001323178474073261,-0.16019147368113237,-160.19147368113238,2810.3593873448076,-5.716224439092648
67,0,1.3245658544474281,1785873880.226031,0.009751625009812415,-5270.232873881549,2806.9098795429386,-5278.295543734078,True,-5272.8056488383245,2813.9098768726503,-5272.8056488383245,False,-1.0178976417123315,-1.0183945498421672,-0.0004969081298356048,0.012253334974361126,12.253334974361126,2810.5318321534633,0.43724432537686003
68,0,1.3340230209869333,1785873880.235133,0.009036207920871675,-5275.510652619101,2806.9098795429386,-5275.510652619101,False,-5272.8056488383245,2813.9098768726503,-5272.8056488383245,False,-1.018916996769118,-1.0183945498421672,0.0005224469269509147,-0.08432585380821987,-84.32585380821988,2810.4352529646803,-3.009058443056661
69,0,1.343530562473461,1785873880.245043,0.009845291031524539,-5277.241477971164,2806.9098795429386,-5277.241477971164,False,-5276.8775467082005,2813.9098768726503,-5276.8775467082005,False,-1.019251289975176,-1.0191809999551367,7.029002003933194e-05,-0.041486072927918505,-41.48607292791851,2810.478092745561,-1.4803765675106517
70,0,1.3530878750025295,1785873880.254248,0.009140415932051837,-5273.989599211152,2806.9098795429386,-5273.989599211152,False,-5276.8775467082005,2813.9098768726503,-5276.8775467082005,False,-1.0186232191099671,-1.0191809999551367,-0.0005577808451695532,0.018020743912792417,18.020743912792415,2810.5375995624017,0.6430468139020988
71,0,1.4545318955206312,1785873880.355969,0.009646125021390617,-5277.491521493281,2806.9098795429386,-5277.491521493281,False,-5274.167687055394,2813.9098768726503,-5274.167687055394,False,-1.0192995836118288,-1.01865761516058,0.0006419684512488644,-0.09564996681663848,-95.64996681663848,2810.423928851672,-3.4131446908592094
72,0,1.46481345850043,1785873880.366791,0.010728833032771945,-5272.238534414366,2806.9098795429386,-5272.238534414366,False,-5268.286465884641,2813.9098768726503,-5268.286465884641,False,-1.0182850168388744,-1.0175217106752645,0.000763306163609867,-0.10714615526495262,-107.14615526495263,2810.4124326632236,-3.823371226982323
73,0,1.4751011664629914,1785873880.376549,0.009659916977398098,-5277.025443493677,2806.9098795429386,-5277.025443493677,False,-5274.913581690677,2813.9098768726503,-5274.913581690677,False,-1.0192095648767932,-1.0188016779389029,0.0004078869378902894,-0.07347182337323507,-73.47182337323507,2810.4461069951153,-2.6217464806321393
74,0,1.4848016455071047,1785873880.386165,0.009543624939396977,-5274.383948113665,2806.9098795429386,-5274.383948113665,False,-5274.913581690677,2813.9098768726503,-5274.913581690677,False,-1.0186993840209844,-1.0188016779389029,-0.00010229391791849451,-0.02513454103145105,-25.13454103145105,2810.494444277457,-0.8968934139113278
75,0,1.4950995625113137,1785873880.3972769,0.010915625025518239,-5269.255695416955,2806.9098795429386,-5269.255695416955,False,-5269.1824373979225,2813.9098768726503,-5269.1824373979225,False,-1.0177089085617395,-1.0176947594403258,1.4149121413620236e-05,-0.03616698179210843,-36.16698179210843,2810.4834118366966,-1.2905717168180284
76,0,1.5069569164770655,1785873880.409854,0.012352082994766533,-5275.510652619101,2806.9098795429386,-5265.6412482009755,True,-5269.1824373979225,2813.9098768726503,-5269.1824373979225,False,-1.018916996769118,-1.0176947594403258,0.0012222373287922306,-0.15062776586301516,-150.62776586301516,2810.3689510526256,-5.374955961426461
77,0,1.519209937483538,1785873880.4217758,0.011701624956913292,-5275.510652619101,2806.9098795429386,-5264.700073489251,True,-5274.167687055394,2813.9098768726503,-5262.343116396075,True,-1.018916996769118,-1.01865761516058,0.00025938160853811176,-0.05940162855423096,-59.40162855423096,2810.4601771899347,-2.119669874187516
78,0,1.530154062435031,1785873880.431647,0.009751959005370736,-5274.383948113665,2806.9098795429386,-5261.478499410624,True,-5265.405511162259,2813.9098768726503,-5265.405511162259,False,-1.0186993840209844,-1.0169652804210485,0.0017341035999358656,-0.1991247335320244,-199.1247335320244,2810.3204540849565,-7.105507191408235
79,0,1.540173708461225,1785873880.4418402,0.010089833056554198,-5272.622178205452,2806.9098795429386,-5272.622178205452,False,-5268.248122568906,2813.9098768726503,-5268.248122568906,False,-1.0183591141547899,-1.0175143050118725,0.0008448091429174021,-0.11486818653607793,-114.86818653607793,2810.4047106319526,-4.098921871826931
80,0,1.5501759169856086,1785873880.451617,0.009708750061690807,-5269.273899621391,2806.9098795429386,-5269.273899621391,False,-5272.954525701967,2813.9098768726503,-5272.954525701967,False,-1.0177124245385867,-1.0184233040570252,-0.0007108795184385119,0.03252613687627881,32.52613687627881,2810.552104955365,1.1606529002383246
81,0,1.6499681459972635,1785873880.5522292,0.011286041932180524,-5265.852499897009,2806.9098795429386,-5265.852499897009,False,-5272.954525701967,2813.9098768726503,-5272.954525701967,False,-1.0170516122378508,-1.0184233040570252,-0.0013716918191744032,0.09513505367884598,95.13505367884598,2810.6147138721676,3.394770685085854
82,0,1.660901062481571,1785873880.562699,0.01038279093336314,-5269.23569451329,2806.9098795429386,-5269.23569451329,False,-5269.729317692836,2813.9098768726503,-5269.729317692836,False,-1.0177050455687444,-1.0178003844052588,-9.533883651435815e-05,-0.02579350290686065,-25.79350290686065,2810.493785315582,-0.9204076115779564
83,0,1.6719115625019185,1785873880.574261,0.01146587508264929,-5272.599539396485,2806.9098795429386,-5272.599539396485,False,-5265.681264626421,2813.9098768726503,-5265.681264626421,False,-1.0183547416743302,-1.0170185396996383,0.001336201974691864,-0.16142539028014283,-161.42539028014284,2810.3581534282084,-5.760255148449287
84,0,1.6829126039519906,1785873880.5846882,0.010338291991502047,-5270.980022352427,2806.9098795429386,-5270.980022352427,False,-5266.816856945797,2813.9098768726503,-5266.816856945797,False,-1.0180419466576187,-1.0172378690483599,0.0008040776092588242,-0.11100906163899148,-111.00906163899148,2810.40856975685,-3.961214017948597
85,0,1.6934956875047646,1785873880.595411,0.010657624923624098,-5269.579062075161,2806.9098795429386,-5269.579062075161,False,-5271.372856286653,2813.9098768726503,-5271.372856286653,False,-1.0177713638965744,-1.0181178189662627,-0.00034645506968833395,-0.00200139835152004,-2.0013983515200398,2810.517577420137,-0.07141729772766342
86,0,1.7041682919953018,1785873880.6060438,0.01056475006043911,-5266.867630974989,2806.9098795429386,-5266.867630974989,False,-5274.895065854608,2813.9098768726503,-5274.895065854608,False,-1.0172476755912228,-1.0187981017732344,-0.0015504261820116216,0.11206930995732853,112.06930995732853,2810.631648128446,3.999047600532705
87,0,1.7146453959867358,1785873880.616354,0.010242792079225183,-5275.186336447878,2806.9098795429386,-5275.186336447878,False,-5269.096199821659,2813.9098768726503,-5269.096199821659,False,-1.0188543580444627,-1.0176781034352487,0.0011762546092140003,-0.14627111532666287,-146.27111532666288,2810.373307703162,-5.219494552050488
88,0,1.7254285624949262,1785873880.627619,0.011198291089385748,-5269.273899621391,2806.9098795429386,-5281.0979314038295,True,-5276.622205448305,2813.9098768726503,-5276.622205448305,False,-1.0177124245385867,-1.0191316831085193,-0.0014192585699326354,0.09964178386149262,99.64178386149263,2810.61922060235,3.5555874914891743
89,0,1.7367790209827945,1785873880.639052,0.011366707971319556,-5266.466521194274,2806.9098795429386,-5266.466521194274,False,-5270.061862533905,2813.9098768726503,-5270.061862533905,False,-1.0171702048779492,-1.0178646124228032,-0.0006944075448540588,0.0309654933734647,30.9654933734647,2810.5505443118623,1.1049633661670246
90,0,1.748107187449932,1785873880.65028,0.011157959001138806,-5269.579062075161,2806.9098795429386,-5260.039510107099,True,-5266.86636185682,2813.9098768726503,-5266.86636185682,False,-1.0177713638965744,-1.0172474304725683,0.00052393342400614,-0.08446669254617045,-84.46669254617045,2810.4351121259424,-3.0140840902858423
91,0,1.8507328539853916,1785873880.752946,0.011193291982635856,-5261.733316411758,2806.9098795429386,-5261.733316411758,False,-5263.308165811949,2813.9098768726503,-5263.308165811949,False,-1.016256029337483,-1.0165601972042295,-0.00030416786674658525,-0.006007915736025227,-6.007915736025227,2810.5135709027527,-0.21438466086301836
92,0,1.8612782709533349,1785873880.762739,0.009701207978650928,-5273.927041652325,2806.9098795429386,-5273.927041652325,False,-5268.982694809638,2813.9098768726503,-5268.982694809638,False,-1.0186111366853143,-1.0176561809724614,0.0009549557128529784,-0.12530406587050463,-125.30406587050463,2810.3942747526185,-4.471312655955774
93,0,1.870863249991089,1785873880.772129,0.009285249980166554,-5270.916105308901,2806.9098795429386,-5270.916105308901,False,-5268.982694809638,2813.9098768726503,-5268.982694809638,False,-1.0180296016608363,-1.0176561809724614,0.0003734206883749813,-0.07020630524350689,-70.20630524350689,2810.449372513245,-2.5052207123717847
94,0,1.8806378959561698,1785873880.782264,0.010049207950942218,-5272.275280368803,2806.9098795429386,-5272.275280368803,False,-5269.036807084735,2813.9098768726503,-5269.036807084735,False,-1.018292113986431,-1.0176666322672194,0.000625481719211507,-0.09408792501850059,-94.0879250185006,2810.4254908934704,-3.357405260437503
95,0,1.8905159999849275,1785873880.791893,0.009544749977067113,-5268.41760964583,2806.9098795429386,-5268.41760964583,False,-5267.0418855507905,2813.9098768726503,-5267.0418855507905,False,-1.0175470399023472,-1.017281331280831,0.000265708621516092,-0.06000108384388884,-60.001083843888836,2810.459577734645,-2.1410606567188424
96,0,1.900368687522132,1785873880.801952,0.00999062496703118,-5270.344675883168,2806.9098795429386,-5270.344675883168,False,-5270.119766216472,2813.9098768726503,-5270.119766216472,False,-1.017919235254118,-1.0178757959934996,4.343926061833869e-05,-0.03894208735016425,-38.94208735016425,2810.4806367311385,-1.3895977501485959
97,0,1.909998708521016,1785873880.811156,0.009140416979789734,-5266.900845990184,2806.9098795429386,-5266.900845990184,False,-5270.119766216472,2813.9098768726503,-5270.119766216472,False,-1.0172540907699152,-1.0178757959934996,-0.0006217052235844012,0.024077283849131503,24.077283849131504,2810.543656102338,0.859166566126588
98,0,1.9196027499856427,1785873880.8211782,0.009942084085196257,-5275.593009750283,2806.9098795429386,-5275.593009750283,False,-5271.2540329386,2813.9098768726503,-5271.2540329386,False,-1.0189329033014507,-1.0180948693151453,0.000838033986305442,-0.11422627170463459,-114.22627170463458,2810.4053525467843,-4.076015975757729
99,0,1.9298600205220282,1785873880.831655,0.010406624991446733,-5273.620536989811,2806.9098795429386,-5273.620536989811,False,-5271.2540329386,2813.9098768726503,-5271.2540329386,False,-1.018551938091891,-1.0180948693151453,0.0004570687767457837,-0.07813157570180376,-78.13157570180377,2810.441447242787,-2.7880236833358465
100,0,1.9399952084640972,1785873880.8414998,0.009726666961796582,-5272.949209359315,2806.9098795429386,-5272.949209359315,False,-5274.001026590351,2813.9098768726503,-5274.001026590351,False,-1.0184222772536984,-1.0186254262045331,-0.0002031489508347306,-0.015578991962614175,-15.578991962614175,2810.503999826526,-0.555916070604274
101,0,2.0394270204706118,1785873880.940897,0.009716874919831753,-5269.588802390991,2806.9098795429386,-5269.588802390991,False,-5274.001026590351,2813.9098768726503,-5274.001026590351,False,-1.017773245150164,-1.0186254262045331,-0.0008521810543691277,0.04591380550366818,45.91380550366818,2810.565492623992,1.638374447033549
102,0,2.0491846459917724,1785873880.950769,0.009613292058929801,-5266.863929269586,2806.9098795429386,-5266.863929269586,False,-5270.119766216472,2813.9098768726503,-5262.774653783234,True,-1.0172469606404246,-1.0178757959934996,-0.0006288353530750079,0.02475283072314066,24.752830723140658,2810.544331649212,0.8832725779025357
103,0,2.0589096664916724,1785873880.9601789,0.009309417102485895,-5270.916105308901,2806.9098795429386,-5262.89394092421,True,-5270.119766216472,2813.9098768726503,-5262.774653783234,True,-1.0180296016608363,-1.0178757959934996,0.00015380566733669276,-0.04939879520553062,-49.398795205530625,2810.4701800232833,-1.7627317729635534
104,0,2.0686165204970166,1785873880.970173,0.009909125044941902,-5271.075344422723,2806.9098795429386,-5271.075344422723,False,-5268.821986575254,2813.9098768726503,-5268.821986575254,False,-1.0180603572502585,-1.017625141635738,0.00043521561452042334,-0.07606108940165933,-76.06108940165933,2810.443517729087,-2.7141410719975494
105,0,2.0783264999627136,1785873880.979588,0.009346834034658968,-5267.612075094586,2806.9098795429386,-5267.612075094586,False,-5268.821986575254,2813.9098768726503,-5268.821986575254,False,-1.0173914582156074,-1.017625141635738,-0.00023368342013063703,-0.012685991869200336,-12.685991869200336,2810.5068928266196,-0.4526831240793725
106,0,2.088051395956427,1785873880.989621,0.009973458014428616,-5272.813307401683,2806.9098795429386,-5272.813307401683,False,-5272.598597192524,2813.9098768726503,-5272.598597192524,False,-1.0183960290241632,-1.0183545596961876,4.1469327975551806e-05,-0.03875544532064761,-38.75544532064761,2810.4808233731683,-1.3829376720185416
107,0,2.0976599375135265,1785873880.998806,0.009125959011726081,-5269.146988468966,2806.9098795429386,-5269.146988468966,False,-5272.598597192524,2813.9098768726503,-5272.598597192524,False,-1.0176879128014678,-1.0183545596961876,-0.0006666468947198467,0.02833529984846143,28.335299848461432,2810.5479141183373,1.0111083303047899
108,0,2.107266020961106,1785873881.008838,0.009969291975721717,-5268.961179602147,2806.9098795429386,-5268.961179602147,False,-5270.073625465287,2813.9098768726503,-5270.073625465287,False,-1.0176520255054278,-1.0178668843262275,-0.00021485882079974594,-0.014469535807527342,-14.469535807527341,2810.505109282681,-0.5163265703513896
109,0,2.116911187476944,1785873881.018104,0.009192708996124566,-5266.153482898798,2806.9098795429386,-5266.153482898798,False,-5270.073625465287,2813.9098768726503,-5270.073625465287,False,-1.0171097443726251,-1.0178668843262275,-0.0007571399536023815,0.036909099683115,36.909099683115,2810.556487918172,1.3170532287723025
110,0,2.1265022914740257,1785873881.0280151,0.009840082959271967,-5269.44389301666,2806.9098795429386,-5269.44389301666,False,-5265.8754822316805,2813.9098768726503,-5265.8754822316805,False,-1.0177452572198538,-1.017056051067182,0.0006892061526717619,-0.1001255210928485,-100.1255210928485,2810.419453297396,-3.5728490255798064
111,0,2.2220453749760054,1785873881.1233978,0.009481916087679565,-5266.5670991413845,2806.9098795429386,-5266.5670991413845,False,-5265.8754822316805,2813.9098768726503,-5265.8754822316805,False,-1.0171896305954882,-1.017056051067182,0.00013357952830617137,-0.04748246184674045,-47.48246184674045,2810.472096356642,-1.6943499088902532
112,0,2.2318336039897986,1785873881.133474,0.009903791942633688,-5276.336355517874,2806.9098795429386,-5276.336355517874,False,-5275.932167295025,2813.9098768726503,-5275.932167295025,False,-1.019076473789115,-1.0189984085026862,7.806528642873012e-05,-0.04222274354671528,-42.22274354671528,2810.4773560749422,-1.5066637006392833
113,0,2.2417935834964737,1785873881.143237,0.009662416996434331,-5272.295210839731,2806.9098795429386,-5272.295210839731,False,-5275.932167295025,2813.9098768726503,-5275.932167295025,False,-1.018295963375982,-1.0189984085026862,-0.0007024451267041432,0.03172701717195538,31.727017171955378,2810.5513058356605,1.1321373526960954
114,0,2.2515699375071563,1785873881.15301,0.009699290967546403,-5276.35293711154,2806.9098795429386,-5276.35293711154,False,-5274.508248603638,2813.9098768726503,-5274.508248603638,False,-1.0190796763734205,-1.0187233915323477,0.0003562848410727515,-0.0685827627687496,-68.5827627687496,2810.45099605572,-2.447286710275107
115,0,2.2610056455014274,1785873881.162105,0.00903062499128282,-5272.183263985882,2806.9098795429386,-5272.183263985882,False,-5274.508248603638,2813.9098768726503,-5274.508248603638,False,-1.0182743418573021,-1.0187233915323477,-0.00044904967504555415,0.007718967180491515,7.718967180491515,2810.5272977856694,0.2754413067546216
116,0,2.2705439790152013,1785873881.172092,0.00992395798675716,-5269.44389301666,2806.9098795429386,-5279.603623166257,True,-5277.613878438414,2813.9098768726503,-5277.613878438414,False,-1.0177452572198538,-1.019323215745148,-0.0015779585252941875,0.11467787246144394,114.67787246144394,2810.63425669095,4.092130761541676
117,0,2.280192249978427,1785873881.181398,0.009243416017852724,-5275.646156565328,2806.9098795429386,-5275.646156565328,False,-5277.613878438414,2813.9098768726503,-5277.613878438414,False,-1.0189431681263632,-1.019323215745148,-0.00038004761878474014,0.0011813406943798294,1.1813406943798295,2810.5207601591833,0.04215460656508098
118,0,2.289905457990244,1785873881.191535,0.010061499895527959,-5266.195977759204,2806.9098795429386,-5266.195977759204,False,-5274.508248603638,2813.9098768726503,-5266.054483043651,True,-1.0171179518691869,-1.0187233915323477,-0.0016054396631608459,0.11728158348864098,117.28158348864099,2810.636860401977,4.18504080390526
119,0,2.299727145989891,1785873881.2010272,0.00942004204262048,-5272.183263985882,2806.9098795429386,-5263.1086232260595,True,-5274.508248603638,2813.9098768726503,-5266.054483043651,True,-1.0182743418573021,-1.0187233915323477,-0.00044904967504555415,0.007718967180491515,7.718967180491515,2810.5272977856694,0.2754413067546216
120,0,2.309393208473921,1785873881.210882,0.009777833009138703,-5268.693090017024,2806.9098795429386,-5268.693090017024,False,-5269.0150493494275,2813.9098768726503,-5269.0150493494275,False,-1.0176002464355092,-1.0176624299581396,-6.218352263043236e-05,-0.028934815933585552,-28.93481593358555,2810.490644002555,-1.0325012822432755
121,0,2.406360750028398,1785873881.308293,0.010581334005109966,-5265.103897588144,2806.9098795429386,-5265.103897588144,False,-5269.0150493494275,2813.9098768726503,-5269.0150493494275,False,-1.016907026496953,-1.0176624299581396,-0.0007554034611865212,0.036744575038110946,36.744575038110945,2810.556323393527,1.3111823807490346
122,0,2.41675968747586,1785873881.318542,0.009956791065633297,-5275.502994055742,2806.9098795429386,-5275.502994055742,False,-5276.90718560089,2813.9098768726503,-5276.90718560089,False,-1.018915517587122,-1.0191867244382278,-0.00027120685110570975,-0.009130819900626235,-9.130819900626236,2810.510447998588,-0.32582143522074775
123,0,2.4269136249786243,1785873881.328522,0.009767916053533554,-5271.2379025131195,2806.9098795429386,-5271.2379025131195,False,-5276.90718560089,2813.9098768726503,-5276.90718560089,False,-1.0180917538698795,-1.0191867244382278,-0.0010949705683482858,0.06891699183105492,68.91699183105491,2810.5884958103197,2.4592132397607376
124,0,2.4368898124666885,1785873881.338372,0.009717958979308605,-5272.183263985882,2806.9098795429386,-5283.724651191841,True,-5279.899187498588,2813.9098768726503,-5279.899187498588,False,-1.0182743418573021,-1.0197646024463813,-0.0014902605890791953,0.10636889760409521,106.36889760409521,2810.625947716093,3.7956357980336572
125,0,2.446756687539164,1785873881.348286,0.009797959006391466,-5279.208447011326,2806.9098795429386,-5279.208447011326,False,-5279.899187498588,2813.9098768726503,-5279.899187498588,False,-1.0196311921911148,-1.0197646024463813,-0.00013341025526658612,-0.022186411624571398,-22.1864116245714,2810.497392406864,-0.7916932495208178
126,0,2.456598312477581,1785873881.3580449,0.009650958934798837,-5275.658227141588,2806.9098795429386,-5275.658227141588,False,-5271.719544154015,2813.9098768726503,-5271.719544154015,False,-1.0189454994486034,-1.0181847785809597,0.0007607208676436716,-0.10690121039955396,-106.90121039955396,2810.4126776080893,-3.8146306879658134
127,0,2.4661925834952854,1785873881.367413,0.009259916958399117,-5273.043627764319,2806.9098795429386,-5273.043627764319,False,-5271.719544154015,2813.9098768726503,-5271.719544154015,False,-1.0184405133115895,-1.0181847785809597,0.00025573473062978636,-0.05905610369747935,-59.05610369747935,2810.4605227147913,-2.1073402689651495
128,0,2.475856708479114,1785873881.377405,0.009924666956067085,-5271.516311158538,2806.9098795429386,-5271.516311158538,False,-5269.525595654964,2813.9098768726503,-5269.525595654964,False,-1.0181455259726282,-1.0177610373428276,0.0003844886298005612,-0.07125494163105314,-71.25494163105314,2810.4483238768576,-2.5426399383047795
129,0,2.4856608334812336,1785873881.3870232,0.009534832905046642,-5268.038888837208,2806.9098795429386,-5268.038888837208,False,-5269.525595654964,2813.9098768726503,-5269.525595654964,False,-1.0174738934158085,-1.0177610373428276,-0.00028714392701911784,-0.007620855484365226,-7.620855484365226,2810.5119579630045,-0.2719403184543686
130,0,2.4955616039806046,1785873881.397218,0.010116292047314346,-5264.4039197811,2806.9098795429386,-5264.4039197811,False,-5271.719544154015,2813.9098768726503,-5261.755743258058,True,-1.0167718321372174,-1.0181847785809597,-0.0014129464437422357,0.09904373902627701,99.04373902627701,2810.618622557515,3.534247039190587
131,0,2.5900325835100375,1785873881.4921842,0.01107966701965779,-5271.516311158538,2806.9098795429386,-5261.922349237399,True,-5271.719544154015,2813.9098768726503,-5261.755743258058,True,-1.0181455259726282,-1.0181847785809597,-3.9252608331485916e-05,-0.031107414270436638,-31.10741427043664,2810.488471404218,-1.1100276288337367
132,0,2.6012509374995716,1785873881.503445,0.011164958938024938,-5267.377666975419,2806.9098795429386,-5267.377666975419,False,-5264.421783117672,2813.9098768726503,-5264.421783117672,False,-1.0173461844151115,-1.016775282278531,0.0005709021365805089,-0.08891676136997653,-88.91676136997653,2810.4306620571188,-3.172879009776496
133,0,2.6147786045330577,1785873881.519339,0.01569512498099357,-5267.8255786447935,2806.9098795429386,-5267.8255786447935,False,-5266.607124204807,2813.9098768726503,-5266.607124204807,False,-1.0174326944883594,-1.017197361073181,0.0002353334151783404,-0.05712317318099217,-57.123173180992175,2810.4624556453077,-2.038366156900948
134,0,2.6282926665153354,1785873881.530449,0.010883833048865199,-5267.863038229029,2806.9098795429386,-5267.863038229029,False,-5269.525595654964,2813.9098768726503,-5260.106397285815,True,-1.017439929467034,-1.0177610373428276,-0.00032110787579364697,-0.004402928032435075,-4.402928032435075,2810.5151758904562,-0.15711276164841118
135,0,2.6392579789389856,1785873881.541276,0.010605041985400021,-5267.385009920385,2806.9098795429386,-5267.385009920385,False,-5265.737336393391,2813.9098768726503,-5265.737336393391,False,-1.01734760263828,-1.0170293694524657,0.00031823318581425397,-0.0649775439863114,-64.9775439863114,2810.4546012745022,-2.318639165940316
136,0,2.6497547294711694,1785873881.5514371,0.009943125071004033,-5273.293479257559,2806.9098795429386,-5273.293479257559,False,-5266.607124204807,2813.9098768726503,-5277.204296131116,True,-1.018488769859608,-1.017197361073181,0.001291408786426862,-0.1571814423477539,-157.18144234775392,2810.362397376141,-5.608815384946971
137,0,2.660131458484102,1785873881.561929,0.010376667021773756,-5267.863038229029,2806.9098795429386,-5280.452542289543,True,-5266.607124204807,2813.9098768726503,-5276.843999463117,True,-1.017439929467034,-1.017197361073181,0.00024256839385294882,-0.05780865403145828,-57.80865403145828,2810.4617701644574,-2.062826649709473
138,0,2.6711108329473063,1785873881.5733912,0.01139350002631545,-5269.3075631469355,2806.9098795429386,-5269.3075631469355,False,-5268.911934494899,2813.9098768726503,-5268.911934494899,False,-1.017718926342982,-1.0176425142599603,7.64120830216708e-05,-0.04206611015103691,-42.06611015103691,2810.4775127083376,-1.5010744415871007
139,0,2.682343937456608,1785873881.584397,0.010945959016680717,-5263.798616860535,2806.9098795429386,-5263.798616860535,False,-5265.481650943335,2813.9098768726503,-5265.481650943335,False,-1.016654923372442,-1.0169799861286428,-0.00032506275620081126,-0.0040282213599041475,-4.028221359904148,2810.515550597129,-0.14374184127548342
140,0,2.693341000005603,1785873881.595386,0.01093333400785923,-5267.245263398499,2806.9098795429386,-5267.245263398499,False,-5267.492293595537,2813.9098768726503,-5267.492293595537,False,-1.0173206118660563,-1.0173683235063222,-4.77116402659572e-05,-0.030305960020832343,-30.30596002083234,2810.4892728584678,-1.0814287760788017
141,0,2.7884789794916287,1785873881.690241,0.010300874942913651,-5268.273555431227,2806.9098795429386,-5268.273555431227,False,-5271.675856588317,2813.9098768726503,-5271.675856588317,False,-1.0175192171383758,-1.018176340724197,-0.0006571235858212621,0.027433010266604906,27.433010266604906,2810.5470118287553,0.97891129983603
142,0,2.799167957971804,1785873881.701211,0.010886000003665686,-5271.884098281574,2806.9098795429386,-5271.884098281574,False,-5270.162966068698,2813.9098768726503,-5270.162966068698,False,-1.0182165607170406,-1.0178841396528322,0.000332421064208388,-0.06632178000763556,-66.32178000763555,2810.4532570384813,-2.3666064804323277
143,0,2.8097234374727122,1785873881.711377,0.010052790981717408,-5270.241959704501,2806.9098795429386,-5270.241959704501,False,-5269.200819677577,2813.9098768726503,-5269.200819677577,False,-1.0178993965565628,-1.0176983098107852,0.0002010867457775678,-0.05387845925407187,-53.87845925407187,2810.4657003592347,-1.922582759565796
144,0,2.819779354496859,1785873881.7212899,0.009825624991208315,-5264.809967162399,2806.9098795429386,-5264.809967162399,False,-5267.152919436909,2813.9098768726503,-5267.152919436909,False,-1.0168502565032254,-1.0173027764680806,-0.00045251996485529133,0.008047761129600324,8.047761129600325,2810.5276265796183,0.2871738912931888
145,0,2.8293692290317267,1785873881.7305548,0.009191791992634535,-5260.807147195117,2806.9098795429386,-5260.807147195117,False,-5267.152919436909,2813.9098768726503,-5267.152919436909,False,-1.016077148160122,-1.0173027764680806,-0.0012256283079585817,0.08129620986280575,81.29620986280575,2810.6008750283518,2.9009495383530455
146,0,2.838967749965377,1785873881.7404969,0.009864083956927061,-5267.32252943889,2806.9098795429386,-5267.32252943889,False,-5267.679038021716,2813.9098768726503,-5267.679038021716,False,-1.0173355351004143,-1.0174043914971604,-6.885639674614197e-05,-0.028302591896776284,-28.302591896776285,2810.491276226592,-1.0099411895795134
147,0,2.848625645507127,1785873881.749866,0.009294125018641353,-5263.155886249803,2806.9098795429386,-5263.155886249803,False,-5267.679038021716,2813.9098768726503,-5267.679038021716,False,-1.0165307857890418,-1.0174043914971604,-0.0008736057081186743,0.047943692602675565,47.94369260267557,2810.5675225110913,1.7108083286709808
148,0,2.8583381039788947,1785873881.759914,0.009985042037442327,-5268.150904794875,2806.9098795429386,-5268.150904794875,False,-5265.817166584051,2813.9098768726503,-5265.817166584051,False,-1.0174955282812637,-1.0170447879291733,0.0004507403520903619,-0.07753198666222114,-77.53198666222113,2810.4420468318267,-2.766628128112373
149,0,2.868189645523671,1785873881.769574,0.00956562499050051,-5265.528283394751,2806.9098795429386,-5265.528283394751,False,-5265.817166584051,2813.9098768726503,-5265.817166584051,False,-1.0169889927633513,-1.0170447879291733,-5.57951658219924e-05,-0.029540083268166522,-29.540083268166523,2810.4900387352204,-1.0540994600401985
150,0,2.8780061670113355,1785873881.7795498,0.009898500051349401,-5264.449051217888,2806.9098795429386,-5264.449051217888,False,-5263.2384805931215,2813.9098768726503,-5263.2384805931215,False,-1.0167805488645754,-1.0165467381367452,0.00023381072783013046,-0.05697890557974711,-56.97890557974711,2810.462599912909,-2.033218155143702
151,0,2.9781016249908134,1785873881.88008,0.010737583972513676,-5261.966982329357,2806.9098795429386,-5261.966982329357,False,-5263.2384805931215,2813.9098768726503,-5263.2384805931215,False,-1.0163011597884828,-1.0165467381367452,-0.00024557834826244296,-0.011559002306585641,-11.559002306585642,2810.5080198161822,-0.4124679669777919
152,0,2.9884225624846295,1785873881.889889,0.009712958941236138,-5266.384132169022,2806.9098795429386,-5266.384132169022,False,-5266.9160375340025,2813.9098768726503,-5266.9160375340025,False,-1.0171542921855667,-1.0172570248787103,-0.00010273269314353684,-0.02509296910319077,-25.09296910319077,2810.4944858493855,-0.8954099737079207
153,0,2.997907208511606,1785873881.899029,0.009056417038664222,-5263.533304717266,2806.9098795429386,-5263.533304717266,False,-5266.9160375340025,2813.9098768726503,-5266.9160375340025,False,-1.0166036807402068,-1.0172570248787103,-0.0006533441385034866,0.027074925069923827,27.074925069923825,2810.5466537435586,0.966133495215666
154,0,3.0074376664706506,1785873881.90896,0.009849832975305617,-5264.809967162399,2806.9098795429386,-5273.774205937347,True,-5267.484207120085,2813.9098768726503,-5267.484207120085,False,-1.0168502565032254,-1.0173667616769895,-0.0005165051737641146,0.0141100644745989,14.1100644745989,2810.5336888829634,0.5034993032614509
155,0,3.0172159165376797,1785873881.918571,0.009545332984998822,-5269.964825492929,2806.9098795429386,-5269.964825492929,False,-5267.484207120085,2813.9098768726503,-5267.484207120085,False,-1.0178458705991436,-1.0173667616769895,0.0004791089221540812,-0.08021977779587479,-80.21977779587479,2810.439359040693,-2.862538459744319
156,0,3.026967521000188,1785873881.928465,0.00983420794364065,-5270.276415266096,2806.9098795429386,-5270.276415266096,False,-5265.617770843769,2813.9098768726503,-5265.617770843769,False,-1.0179060513355318,-1.017006276451852,0.0008997748836798714,-0.12007593688599814,-120.07593688599815,2810.3995028816025,-4.28475367135306
157,0,3.0365668749436736,1785873881.937771,0.009244584012776613,-5266.089712700882,2806.9098795429386,-5266.089712700882,False,-5265.617770843769,2813.9098768726503,-5265.617770843769,False,-1.0170974277377394,-1.017006276451852,9.115128588743637e-05,-0.04346258162248383,-43.46258162248383,2810.4761162368663,-1.5509057101942558
158,0,3.046154208481312,1785873881.9476428,0.009806917048990726,-5266.528152496176,2806.9098795429386,-5266.528152496176,False,-5266.103156715493,2813.9098768726503,-5266.103156715493,False,-1.0171821084044845,-1.0171000243271304,8.208407735410539e-05,-0.04260350544599217,-42.60350544599217,2810.4769753130427,-1.5202506939049445
159,0,3.055723520985339,1785873881.956907,0.009200707892887294,-5263.6337344898475,2806.9098795429386,-5263.6337344898475,False,-5266.103156715493,2813.9098768726503,-5266.103156715493,False,-1.0166230778391803,-1.0171000243271304,-0.00047694648795015837,0.010362061499795374,10.362061499795374,2810.5299408799888,0.36975669068638933
160,0,3.065371333505027,1785873881.966939,0.009968332946300507,-5268.1289430704155,2806.9098795429386,-5268.1289430704155,False,-5270.598276922913,2813.9098768726503,-5270.598276922913,False,-1.0174912865735308,-1.0179682159930095,-0.0004769294194786333,0.010360444340864663,10.360444340864662,2810.5299392628294,0.3696989844727613
161,0,3.164339312526863,1785873882.0657148,0.009530041017569602,-5264.226168153507,2806.9098795429386,-5264.226168153507,False,-5270.598276922913,2813.9098768726503,-5270.598276922913,False,-1.0167375010237987,-1.0179682159930095,-0.0012307149692107888,0.08177814754887427,81.77814754887427,2810.6013569660377,2.9181468580100725
162,0,3.174168062454555,1785873882.0757492,0.009934791014529765,-5266.624695179079,2806.9098795429386,-5266.624695179079,False,-5267.8892564828,2813.9098768726503,-5267.8892564828,False,-1.0172007547473698,-1.017444993284767,-0.000244238537397079,-0.011685943204791277,-11.685943204791277,2810.507892875284,-0.41699768786723085
163,0,3.1838994794525206,1785873882.085164,0.009326125029474497,-5263.867738617472,2806.9098795429386,-5263.867738617472,False,-5267.8892564828,2813.9098768726503,-5267.8892564828,False,-1.0166682736123767,-1.017444993284767,-0.0007767196723902359,0.03876418770620612,38.76418770620612,2810.558343006195,1.3832496326793506
164,0,3.193533812474925,1785873882.0950232,0.009772125049494207,-5268.0941147468875,2806.9098795429386,-5268.0941147468875,False,-5266.048617192762,2813.9098768726503,-5266.048617192762,False,-1.017484559798978,-1.0170894905133698,0.00039506928560806287,-0.07225740995440422,-72.25740995440421,2810.447321408534,-2.5784117168999505
165,0,3.2030650210217573,1785873882.1042051,0.009115958004258573,-5265.320475593728,2806.9098795429386,-5265.320475593728,False,-5266.048617192762,2813.9098768726503,-5266.048617192762,False,-1.016948856572854,-1.0170894905133698,-0.0001406339405158885,-0.021502000774050224,-21.502000774050224,2810.4980768177147,-0.7672709382689917
166,0,3.212630187452305,1785873882.114155,0.009890291024930775,-5267.990614505689,2806.9098795429386,-5267.990614505689,False,-5271.699853553064,2813.9098768726503,-5271.699853553064,False,-1.0174645696668616,-1.0181809755201174,-0.0007164058532558304,0.033049731604184625,33.04973160418462,2810.552628550093,1.17933669726608
167,0,3.2223501250264235,1785873882.123661,0.009429999976418912,-5264.739430106141,2806.9098795429386,-5264.739430106141,False,-5271.699853553064,2813.9098768726503,-5271.699853553064,False,-1.0168366329110738,-1.0181809755201174,-0.0013443426090435917,0.0925438421959649,92.5438421959649,2810.6121226606847,3.302306672707854
168,0,3.2319478960125707,1785873882.133334,0.009611792047508061,-5263.227096403811,2806.9098795429386,-5263.227096403811,False,-5265.74731923704,2813.9098768726503,-5265.74731923704,False,-1.016544539383914,-1.0170312975481022,-0.0004867581641880836,0.011291672556656593,11.291672556656593,2810.5308704910453,0.40292865246419474
169,0,3.2414627914549783,1785873882.142696,0.009300332982093096,-5259.698977130624,2806.9098795429386,-5259.698977130624,False,-5265.74731923704,2813.9098768726503,-5265.74731923704,False,-1.0158631151710196,-1.0170312975481022,-0.001168182377082605,0.0758534729421177,75.85347294211769,2810.595432291431,2.7067325486053986
170,0,3.2511341875069775,1785873882.152676,0.009916874929331243,-5266.649934683604,2806.9098795429386,-5266.649934683604,False,-5266.763638369096,2813.9098768726503,-5266.763638369096,False,-1.01720562952857,-1.017227590363335,-2.1960834764911397e-05,-0.032745730039366594,-32.74573003936659,2810.486833088449,-1.1684887967230444
171,0,3.3507074170047417,1785873882.252131,0.009630749933421612,-5264.282135600293,2806.9098795429386,-5264.282135600293,False,-5266.763638369096,2813.9098768726503,-5266.763638369096,False,-1.0167483106281292,-1.017227590363335,-0.00047927973520578426,0.010583125912707514,10.583125912707514,2810.5301619444012,0.37764508680800435
172,0,3.360528645978775,1785873882.2620318,0.009823208092711866,-5264.739430106141,2806.9098795429386,-5278.154204502112,True,-5266.763638369096,2813.9098768726503,-5275.639886722897,True,-1.0168366329110738,-1.017227590363335,-0.00039095745226114254,0.0022149970831808266,2.2149970831808266,2810.521793815572,0.0790392907215539
173,0,3.3700316664762795,1785873882.271152,0.009015083080157638,-5265.320475593728,2806.9098795429386,-5273.541371923384,True,-5266.763638369096,2813.9098768726503,-5275.639886722897,True,-1.016948856572854,-1.017227590363335,-0.00027873379048104496,-0.008417677120742244,-8.417677120742244,2810.511161141368,-0.30037386243014
174,0,3.379638292011805,1785873882.28123,0.009995999978855252,-5266.820910150421,2806.9098795429386,-5266.820910150421,False,-5266.73836896388,2813.9098768726503,-5266.73836896388,False,-1.017238651888042,-1.0172227098070878,1.5942080954234328e-05,-0.03633685643666887,-36.33685643666887,2810.483241962052,-1.2966334726187863
175,0,3.389240249991417,1785873882.290355,0.009043500060215592,-5264.096268261016,2806.9098795429386,-5264.096268261016,False,-5266.73836896388,2813.9098768726503,-5266.73836896388,False,-1.0167124120386648,-1.0172227098070878,-0.0005102977684230403,0.013521941456721752,13.521941456721752,2810.5331007599457,0.48251289811310843
176,0,3.3987680000136606,1785873882.300284,0.009859165991656482,-5267.760868236297,2806.9098795429386,-5267.760868236297,False,-5266.853732469889,2813.9098768726503,-5266.853732469889,False,-1.0174201962603342,-1.0172449912211194,0.00017520503921475417,-0.05142628696385402,-51.42628696385402,2810.468152531525,-1.835080179983372
177,0,3.408327124954667,1785873882.309471,0.009124165982939303,-5265.179257293443,2806.9098795429386,-5265.179257293443,False,-5266.853732469889,2813.9098768726503,-5266.853732469889,False,-1.016921581539992,-1.0172449912211194,-0.00032340968112754,-0.004184842596548174,-4.184842596548174,2810.515393975892,-0.1493306664483362
178,0,3.417905999987852,1785873882.31944,0.009908249950967729,-5262.650606452435,2806.9098795429386,-5262.650606452435,False,-5264.38622787515,2813.9098768726503,-5264.38622787515,False,-1.0164331955826023,-1.0167684151061727,-0.00033521952357040696,-0.0030659145104131613,-3.0659145104131613,2810.5165129039783,-0.1094031726524822
179,0,3.4277381249703467,1785873882.329139,0.009636499918997288,-5260.146053574062,2806.9098795429386,-5260.146053574062,False,-5264.38622787515,2813.9098768726503,-5264.38622787515,False,-1.0159494639279587,-1.0167684151061727,-0.0008189511782139558,0.04276542804573965,42.76542804573965,2810.5623442465344,1.5260286913267074
180,0,3.437603478960227,1785873882.3391721,0.009968208032660186,-5268.847573592243,2806.9098795429386,-5268.847573592243,False,-5266.079678693831,2813.9098768726503,-5266.079678693831,False,-1.017630083535816,-1.0170954897603561,0.0005345937754599461,-0.08547671166432882,-85.47671166432883,2810.4341021068244,-3.0501253091753076
181,0,3.5379165834747255,1785873882.439471,0.009890333050861955,-5263.847564289806,2806.9098795429386,-5263.847564289806,False,-5266.079678693831,2813.9098768726503,-5266.079678693831,False,-1.0166643771241102,-1.0170954897603561,-0.0004311126362459561,0.006019515507697527,6.019515507697527,2810.5255983339966,0.2147985836317987
182,0,3.548303458490409,1785873882.4502552,0.010690333088859916,-5261.521969697976,2806.9098795429386,-5261.521969697976,False,-5266.73836896388,2813.9098768726503,-5258.618734974902,True,-1.016215209638109,-1.0172227098070878,-0.001007500168978881,0.06062957504007243,60.62957504007243,2810.5802083935287,2.1634875478187423
183,0,3.5649173749843612,1785873882.472927,0.02235050010494888,-5259.499340191444,2806.9098795429386,-5259.499340191444,False,-5264.210833086376,2813.9098768726503,-5264.210833086376,False,-1.0158245571083204,-1.0167345391947786,-0.0009099820864582053,0.0513901866260195,51.3901866260195,2810.570969005115,1.8337919863695225
184,0,3.582024270959664,1785873882.484319,0.01116654195357114,-5266.553294325115,2806.9098795429386,-5266.553294325115,False,-5264.246352448069,2813.9098768726503,-5264.246352448069,False,-1.0171869643205318,-1.0167413994370806,0.00044556488345115497,-0.0770416348859519,-77.04163488595191,2810.442537183603,-2.749130562587493
185,0,3.5930752709391527,1785873882.494936,0.01049479201901704,-5265.312297422826,2806.9098795429386,-5265.312297422826,False,-5265.351151708126,2813.9098768726503,-5265.351151708126,False,-1.0169472770333776,-1.016954781385903,-7.5043525253892795e-06,-0.03411541503582336,-34.11541503582336,2810.4854634034527,-1.2173642248010048
186,0,3.603462833503727,1785873882.505088,0.010061832959763706,-5269.5836063155575,2806.9098795429386,-5269.5836063155575,False,-5263.34278682403,2813.9098768726503,-5263.34278682403,False,-1.0177722415753587,-1.016566883938458,0.0012053576369006613,-0.14902849293163156,-149.02849293163158,2810.370550325557,-5.3178879864270465
187,0,3.614106396038551,1785873882.516219,0.011064207996241748,-5265.059855865386,2806.9098795429386,-5265.059855865386,False,-5265.0431101501545,2813.9098768726503,-5265.0431101501545,False,-1.0168985202379688,-1.0168952859550726,3.2342828961695602e-06,-0.03513285119875913,-35.13285119875913,2810.48444596729,-1.253670111288864
188,0,3.6251214374788105,1785873882.527137,0.010840124916285276,-5265.47921769164,2806.9098795429386,-5265.47921769164,False,-5259.628791573587,2813.9098768726503,-5259.628791573587,False,-1.0169795161681645,-1.0158495594677517,0.0011299567004128264,-0.14188460206557868,-141.8846020655787,2810.377694216423,-5.062967530173376
189,0,3.636136291490402,1785873882.538233,0.011030583060346544,-5261.461371631021,2806.9098795429386,-5261.461371631021,False,-5264.113257832984,2813.9098768726503,-5264.113257832984,False,-1.016203505671525,-1.0167156934202761,-0.0005121877487510584,0.01370100837327824,13.70100837327824,2810.533279826862,0.4889026681872053
190,0,3.647409625002183,1785873882.549698,0.011389666004106402,-5259.729371514079,2806.9098795429386,-5259.729371514079,False,-5259.03429276895,2813.9098768726503,-5259.03429276895,False,-1.015868985570294,-1.0157347374198988,0.00013424815039519977,-0.04754581070495287,-47.54581070495287,2810.472033007784,-1.6966104305221548
191,0,3.7476092705037445,1785873882.649905,0.011346125043928623,-5265.059855865386,2806.9098795429386,-5257.039908782963,True,-5264.638100655025,2813.9098768726503,-5264.638100655025,False,-1.0168985202379688,-1.0168170620473576,8.145819061122772e-05,-0.04254420556466578,-42.54420556466578,2810.477034612924,-1.5181346547482792
192,0,3.75874089600984,1785873882.660699,0.010689791990444064,-5260.060142912009,2806.9098795429386,-5260.060142912009,False,-5266.22518741088,2813.9098768726503,-5266.22518741088,False,-1.015932871063394,-1.0171235934482723,-0.0011907223848783843,0.07798903469126132,77.98903469126132,2810.59756785318,2.7829372927227136
193,0,3.7695518329855986,1785873882.671521,0.010729000088758767,-5265.13776310946,2806.9098795429386,-5265.13776310946,False,-5262.131140438889,2813.9098768726503,-5262.131140438889,False,-1.016913567314998,-1.0163328654372765,0.0005807018777215234,-0.08984524163146865,-89.84524163146865,2810.4297335768574,-3.206010620591944
194,0,3.780358833493665,1785873882.682295,0.010700833052396774,-5259.9497841170205,2806.9098795429386,-5259.9497841170205,False,-5263.990827132816,2813.9098768726503,-5263.990827132816,False,-1.015911556263868,-1.0166920470418415,-0.000780490777973375,0.03912148256201543,39.12148256201543,2810.558700301051,1.3959992350133967
195,0,3.7908170624868944,1785873882.692441,0.010077208979055285,-5260.527319928078,2806.9098795429386,-5260.527319928078,False,-5263.026067421405,2813.9098768726503,-5263.026067421405,False,-1.0160231020634842,-1.0165057124607015,-0.00048261039721730903,0.010898690772115856,10.898690772115856,2810.530477509261,0.3889056084825812
196,0,3.8012777499388903,1785873882.7032242,0.010707915993407369,-5259.538330690999,2806.9098795429386,-5259.538330690999,False,-5263.990827132816,2813.9098768726503,-5256.8006667189375,True,-1.0158320877693927,-1.0166920470418415,-0.0008599592724487515,0.04665075578149605,46.65075578149605,2810.5662295742704,1.6646715594310608
197,0,3.81165864598006,1785873882.7131908,0.009900707984343171,-5260.527319928078,2806.9098795429386,-5269.1274599962,True,-5268.52740099217,2813.9098768726503,-5268.52740099217,False,-1.0160231020634842,-1.017568245104317,-0.0015451430408328637,0.11156875670468973,111.56875670468973,2810.6311475751936,3.9811860085887
198,0,3.821256083494518,1785873882.722431,0.009166583069600165,-5265.397210730759,2806.9098795429386,-5265.397210730759,False,-5268.52740099217,2813.9098768726503,-5268.52740099217,False,-1.0169636772680473,-1.017568245104317,-0.0006045678362698315,0.022453595465309943,22.45359546530994,2810.542032413954,0.8012273574546797
199,0,3.8308128959615715,1785873882.732296,0.009794541983865201,-5260.527319928078,2806.9098795429386,-5269.451629986273,True,-5266.287861914627,2813.9098768726503,-5266.287861914627,False,-1.0160231020634842,-1.0171356984597748,-0.0011125963962905772,0.07058695771090669,70.58695771090669,2810.5901657761997,2.5188038007032074
200,0,3.8406107084592804,1785873882.7420301,0.009664332959800959,-5265.816868906073,2806.9098795429386,-5265.816868906073,False,-5266.287861914627,2813.9098768726503,-5266.287861914627,False,-1.0170447304353738,-1.0171356984597748,-9.096802440100582e-05,-0.026207617189630182,-26.20761718963018,2810.493371201299,-0.9351847412799807
201,0,3.943888562498614,1785873882.845902,0.01078687491826713,-5262.536488808504,2806.9098795429386,-5262.536488808504,False,-5266.158188602919,2813.9098768726503,-5266.158188602919,False,-1.0164111547955224,-1.0171106532366625,-0.000699498441140145,0.031447832309454735,31.447832309454736,2810.551026650798,1.1221750039057499
202,0,3.9545195000246167,1785873882.856265,0.01025258400477469,-5262.536488808504,2806.9098795429386,-5270.552450461202,True,-5265.248268085598,2813.9098768726503,-5265.248268085598,False,-1.0164111547955224,-1.016934910348086,-0.0005237555525636761,0.01479700441585503,14.79700441585503,2810.5343758229046,0.5280118618275418
203,0,3.9647708124830388,1785873882.866529,0.010027208947576582,-5264.922294751697,2806.9098795429386,-5264.922294751697,False,-5263.275349472618,2813.9098768726503,-5263.275349472618,False,-1.0168719515575013,-1.0165538590261614,0.00031809253133996407,-0.06496421762378922,-64.96421762378922,2810.454614600865,-2.3181636320221672
204,0,3.97489102097461,1785873882.876357,0.009693541913293302,-5268.458865288755,2806.9098795429386,-5268.458865288755,False,-5268.755399732356,2813.9098768726503,-5268.755399732356,False,-1.0175550080553006,-1.0176122809914405,-5.7272936139884933e-05,-0.029400071348316962,-29.400071348316963,2810.4901787471404,-1.0491033167398287
205,0,3.984350728977006,1785873882.885484,0.00900354201439768,-5264.672150896157,2806.9098795429386,-5264.672150896157,False,-5268.755399732356,2813.9098768726503,-5268.755399732356,False,-1.0168236385423584,-1.0176122809914405,-0.0007886424490821664,0.03989381579141183,39.89381579141183,2810.55947263428,1.4235589420286836
206,0,3.9938790834858082,1785873882.895398,0.009802166954614222,-5266.101845071899,2806.9098795429386,-5266.101845071899,False,-5260.648251606996,2813.9098768726503,-5260.648251606996,False,-1.017099770995076,-1.016046458919571,0.001053312075504964,-0.1346228774595499,-134.6228774595499,2810.384955941029,-4.8038423301295285
207,0,4.003632770443801,1785873882.9049659,0.009484375012107193,-5263.186376979923,2806.9098795429386,-5263.186376979923,False,-5260.648251606996,2813.9098768726503,-5260.648251606996,False,-1.0165366747968003,-1.016046458919571,0.0004902158772293053,-0.08127211054673332,-81.27211054673332,2810.438306707942,-2.9000895855956794
208,0,4.0133312289835885,1785873882.914788,0.009757041931152344,-5267.941765416463,2806.9098795429386,-5267.941765416463,False,-5267.019217505592,2813.9098768726503,-5267.019217505592,False,-1.0174551349086804,-1.0172769531536585,0.00017818175502193334,-0.051708317053349974,-51.70831705334997,2810.4678705014353,-1.8451440569993567
209,0,4.022823666979093,1785873882.92396,0.00910600007046014,-5264.599957341682,2806.9098795429386,-5264.599957341682,False,-5267.019217505592,2813.9098768726503,-5267.019217505592,False,-1.016809695012612,-1.0172769531536585,-0.00046725814104653374,0.009444135328372794,9.444135328372793,2810.5290229538173,0.3370016888514414
210,0,4.032419791969005,1785873882.933972,0.009950749925337732,-5262.577713221819,2806.9098795429386,-5262.577713221819,False,-5266.287861914627,2813.9098768726503,-5259.849939069039,True,-1.0164191169167605,-1.0171356984597748,-0.0007165815430143496,0.03306637739825042,33.06637739825042,2810.552645195887,1.1799306807825585
211,0,4.130710020952392,1785873883.032208,0.009790707961656153,-5259.053539510772,2806.9098795429386,-5259.053539510772,False,-5259.849939069039,2813.9098768726503,-5259.849939069039,False,-1.0157384547533792,-1.0158922720991435,-0.0001538173457642511,-0.020252933949098443,-20.25293394909844,2810.4993258845398,-0.7226996127996875
212,0,4.140603728999849,1785873883.0421,0.00981470791157335,-5266.844398138981,2806.9098795429386,-5266.844398138981,False,-5267.955751630252,2813.9098768726503,-5267.955751630252,False,-1.0172431883798323,-1.017457836218921,-0.00021464783908875518,-0.014489525351268545,-14.489525351268545,2810.5050892931376,-0.5170398712271105
213,0,4.150179374963045,1785873883.051372,0.009187750052660704,-5263.929795838089,2806.9098795429386,-5263.929795838089,False,-5267.955751630252,2813.9098768726503,-5267.955751630252,False,-1.0166802594012458,-1.017457836218921,-0.0007775768176752074,0.038845398267472506,38.845398267472504,2810.558424216756,1.3861475259589104
214,0,4.159861333435401,1785873883.061457,0.009999583009630442,-5265.140571116464,2806.9098795429386,-5265.140571116464,False,-5266.811272161394,2813.9098768726503,-5266.811272161394,False,-1.0169141096560625,-1.0172367903979458,-0.00032268074188324114,-0.004253906226946109,-4.253906226946109,2810.515324912262,-0.15179511229467987
215,0,4.169588854012545,1785873883.070815,0.0092902920441702,-5263.002241222818,2806.9098795429386,-5263.002241222818,False,-5266.811272161394,2813.9098768726503,-5266.811272161394,False,-1.0165011106467148,-1.0172367903979458,-0.0007356797512310109,0.03487584451619523,34.87584451619523,2810.554454663005,1.2444991620109631
216,0,4.179171270516235,1785873883.08062,0.009743875009007752,-5264.524187000244,2806.9098795429386,-5264.524187000244,False,-5265.308837580782,2813.9098768726503,-5265.308837580782,False,-1.0167950606589302,-1.0169466087962917,-0.0001515481373615124,-0.020467930976146124,-20.467930976146125,2810.4991108875124,-0.7303715021462363
217,0,4.188652375014499,1785873883.0897799,0.00909924996085465,-5260.603550740142,2806.9098795429386,-5260.603550740142,False,-5265.308837580782,2813.9098768726503,-5265.308837580782,False,-1.0160378253528877,-1.0169466087962917,-0.0009087834434040598,0.051276620726641714,51.27662072664172,2810.5708554392154,1.829739534921557
218,0,4.198182979016565,1785873883.0996952,0.009839958045631647,-5263.525897319702,2806.9098795429386,-5263.525897319702,False,-5261.654399853288,2813.9098768726503,-5261.654399853288,False,-1.0166022500686043,-1.0162407873205395,0.0003614627480648114,-0.06907334556770219,-69.07334556770219,2810.450505472921,-2.4647925195440403
219,0,4.207865624979604,1785873883.1091352,0.009366334066726267,-5261.144890769458,2806.9098795429386,-5261.144890769458,False,-5261.654399853288,2813.9098768726503,-5261.654399853288,False,-1.0161423802658092,-1.0162407873205395,-9.840705473029843e-05,-0.02550280338628574,-25.50280338628574,2810.4940760151026,-0.9100343771869019
220,0,4.217456145503093,1785873883.118876,0.009673124994151294,-5267.587726630617,2806.9098795429386,-5267.587726630617,False,-5261.726503705693,2813.9098768726503,-5261.726503705693,False,-1.0173867555308027,-1.0162547135251454,0.0011320420056573077,-0.14208217511682833,-142.08217511682832,2810.377496643372,-5.0700176676002116
221,0,4.315135042008478,1785873883.21664,0.009761999943293631,-5263.735006797424,2806.9098795429386,-5263.735006797424,False,-5261.726503705693,2813.9098768726503,-5261.726503705693,False,-1.0166426376661404,-1.0162547135251454,0.0003879241409949774,-0.07158044046681325,-71.58044046681324,2810.447998378022,-2.5542549410081805
222,0,4.32498856249731,1785873883.2264209,0.00970845902338624,-5266.216995286321,2806.9098795429386,-5266.216995286321,False,-5267.262052303616,2813.9098768726503,-5267.262052303616,False,-1.0171220112137735,-1.0173238544906866,-0.0002018432769130829,-0.015702698542895275,-15.702698542895275,2810.5038761199457,-0.5603303790642048
223,0,4.334632082958706,1785873883.2359629,0.009450000012293458,-5262.392478448246,2806.9098795429386,-5262.392478448246,False,-5267.262052303616,2813.9098768726503,-5267.262052303616,False,-1.0163833405016198,-1.0173238544906866,-0.0009405139890668046,0.05428294353765253,54.28294353765253,2810.5738617620264,1.9370162552687884
224,0,4.344445271010045,1785873883.246021,0.009985291981138289,-5265.037653606488,2806.9098795429386,-5265.037653606488,False,-5260.502831263098,2813.9098768726503,-5260.502831263098,False,-1.0168942320731924,-1.0160183723001268,0.0008758597730655904,-0.11781009048891035,-117.81009048891035,2810.4017687279998,-4.203899888984811
225,0,4.35397956246743,1785873883.255033,0.00894695904571563,-5262.162552110257,2806.9098795429386,-5262.162552110257,False,-5260.502831263098,2813.9098768726503,-5260.502831263098,False,-1.0163389323164775,-1.0160183723001268,0.00032056001635072384,-0.06519800044468738,-65.19800044468738,2810.4543808180442,-2.326505867994839
226,0,4.363524312502705,1785873883.265107,0.010013625025749207,-5260.859844170893,2806.9098795429386,-5260.859844170893,False,-5261.62180677244,2813.9098768726503,-5261.62180677244,False,-1.0160873261026628,-1.016234492262821,-0.0001471661601581964,-0.020883103099678987,-20.883103099678987,2810.498695715389,-0.7451863795203749
227,0,4.373320562473964,1785873883.274629,0.009459958993829787,-5258.002497704291,2806.9098795429386,-5258.002497704291,False,-5261.62180677244,2813.9098768726503,-5261.62180677244,False,-1.0155354555687588,-1.016234492262821,-0.0006990366940622383,0.0314040839041174,31.4040839041174,2810.5509829023927,1.1206138989479517
228,0,4.3830644999979995,1785873883.284595,0.009904750040732324,-5265.81702438966,2806.9098795429386,-5265.81702438966,False,-5260.38072614822,2813.9098768726503,-5260.38072614822,False,-1.0170447604656174,-1.0159947888055356,0.0010499716600818054,-0.13430638850938711,-134.30638850938712,2810.3852724299795,-4.792548833477987
229,0,4.392646499967668,1785873883.293793,0.009134583990089595,-5262.825625821438,2806.9098795429386,-5262.825625821438,False,-5260.38072614822,2813.9098768726503,-5260.38072614822,False,-1.0164669989850754,-1.0159947888055356,0.0004722101795398004,-0.07956615376088205,-79.56615376088206,2810.440012664728,-2.839214735972097
230,0,4.402218895498663,1785873883.3037388,0.009882875019684434,-5268.697231594797,2806.9098795429386,-5268.697231594797,False,-5263.32988965981,2813.9098768726503,-5263.32988965981,False,-1.0176010463436629,-1.0165643929682566,0.0010366533754062601,-0.13304454248098307,-133.04454248098307,2810.3865342760078,-4.747521498750467
231,0,4.507359770999756,1785873883.409152,0.010325708077289164,-5265.031484761945,2806.9098795429386,-5265.031484761945,False,-5263.32988965981,2813.9098768726503,-5263.32988965981,False,-1.0168930406168635,-1.0165643929682566,0.00032864764860685014,-0.06596426628824036,-65.96426628824035,2810.4536145522006,-2.3538490682358106
232,0,4.517532229016069,1785873883.41903,0.009769291966222227,-5269.624013443349,2806.9098795429386,-5269.624013443349,False,-5264.467238146371,2813.9098768726503,-5264.467238146371,False,-1.0177800458453166,-1.0167840615047292,0.0009959843405873414,-0.12919133906061264,-129.19133906061265,2810.3903874794282,-4.610024945068964
233,0,4.527438624994829,1785873883.42895,0.009815915953367949,-5265.360448164828,2806.9098795429386,-5265.360448164828,False,-5264.467238146371,2813.9098768726503,-5264.467238146371,False,-1.0169565769121311,-1.0167840615047292,0.00017251540740192972,-0.05117145675834614,-51.17145675834614,2810.4684073617304,-1.8259868954591114
234,0,4.537344312469941,1785873883.438832,0.009801624924875796,-5265.031484761945,2806.9098795429386,-5273.285448596726,True,-5266.888946844547,2813.9098768726503,-5266.888946844547,False,-1.0168930406168635,-1.0172517925579438,-0.0003587519410803708,-0.0008363265193847475,-0.8363265193847476,2810.5187424919695,-0.02984322435714914
235,0,4.547194958024193,1785873883.448649,0.009750750032253563,-5263.330357439491,2806.9098795429386,-5263.330357439491,False,-5261.62180677244,2813.9098768726503,-5269.12484202469,True,-1.016564483315656,-1.016234492262821,0.0003299910528349326,-0.06609154764098539,-66.0915476409854,2810.4534872708477,-2.35839093780279
236,0,4.556973916536663,1785873883.4584372,0.009679583017714322,-5260.869851599555,2806.9098795429386,-5260.869851599555,False,-5269.12484202469,2813.9098768726503,-5269.12484202469,False,-1.0160892589466717,-1.017683635416779,-0.001594376470107406,0.11623339698744813,116.23339698744813,2810.635812215476,4.147637631581792
237,0,4.568485312454868,1785873883.471752,0.013118459028191864,-5261.671384109576,2806.9098795429386,-5261.671384109576,False,-5258.285487135395,2813.9098768726503,-5258.285487135395,False,-1.0162440676754756,-1.0155901124086826,0.000653955266793016,-0.09678566228764554,-96.78566228764554,2810.422793156201,-3.4536705069813567
238,0,4.58113800000865,1785873883.483735,0.01174716604873538,-5261.954721053143,2806.9098795429386,-5261.954721053143,False,-5263.32988965981,2813.9098768726503,-5254.594320729418,True,-1.0162987916342774,-1.0165643929682566,-0.00026560133397923735,-0.00966191678701265,-9.66191678701265,2810.5099169017017,-0.34477293701872147
239,0,4.59259579150239,1785873883.494574,0.010697832913137972,-5259.555419267473,2806.9098795429386,-5259.555419267473,False,-5258.86959844038,2813.9098768726503,-5258.86959844038,False,-1.0158353882728257,-1.0157029282052652,0.00013246006756051365,-0.04737639810578016,-47.37639810578016,2810.472202420383,-1.6905651622102542
240,0,4.603045312454924,1785873883.504819,0.009945875033736229,-5265.788638668105,2806.9098795429386,-5265.788638668105,False,-5265.62127786246,2813.9098768726503,-5265.62127786246,False,-1.0170392780211561,-1.017006953800679,3.2324220477164545e-05,-0.03788898857660783,-37.88898857660783,2810.4816898299123,-1.352019289773331
241,0,4.702316166483797,1785873883.604853,0.011849333066493273,-5263.3175539641015,2806.9098795429386,-5263.3175539641015,False,-5265.62127786246,2813.9098768726503,-5265.62127786246,False,-1.0165620104406015,-1.017006953800679,-0.0004449433600774988,0.007329912781967438,7.329912781967438,2810.526908731271,0.2615584064361775
242,0,4.713341478956863,1785873883.614944,0.009993707993999124,-5263.168116960868,2806.9098795429386,-5263.168116960868,False,-5259.119254582448,2813.9098768726503,-5259.119254582448,False,-1.0165331480398658,-1.0157511470229779,0.0007820010168879676,-0.10891740636336794,-108.91740636336795,2810.4106614121256,-3.8865760192466436
243,0,4.723346124985255,1785873883.6248782,0.009820915991440415,-5262.191890002672,2806.9098795429386,-5262.191890002672,False,-5264.201108717579,2813.9098768726503,-5264.201108717579,False,-1.0163445986640978,-1.0167326610212135,-0.0003880623571157482,0.001940700174827794,1.9407001748277941,2810.521519518664,0.06925136221909056
244,0,4.733680333534721,1785873883.635566,0.010617833002470434,-5260.6908474652855,2806.9098795429386,-5260.6908474652855,False,-5257.820576591615,2813.9098768726503,-5257.820576591615,False,-1.0160546859229571,-1.0155003191571423,0.0005543667658147733,-0.08735011127672211,-87.35011127672212,2810.432228707212,-3.1169751383357878
245,0,4.744196020998061,1785873883.6459332,0.010286957956850529,-5261.568564275187,2806.9098795429386,-5261.568564275187,False,-5264.201108717579,2813.9098768726503,-5255.728558215314,True,-1.0162242089577584,-1.0167326610212135,-0.0005084520634550671,0.013347069426262827,13.347069426262827,2810.532925887915,0.476272817094734
246,0,4.7544145419378765,1785873883.6560059,0.009984000003896654,-5261.296491918177,2806.9098795429386,-5261.296491918177,False,-5263.487103500241,2813.9098768726503,-5263.487103500241,False,-1.0161716606516014,-1.0165947573945064,-0.0004230967429050825,0.005260046595393502,5.260046595393502,2810.5248388650843,0.18769792304430138
247,0,4.764438770478591,1785873883.6659899,0.00988562498241663,-5261.671384109576,2806.9098795429386,-5269.190583010295,True,-5263.947319635717,2813.9098768726503,-5263.947319635717,False,-1.0162440676754756,-1.0166836439636942,-0.0004395762882185572,0.006821407484599836,6.821407484599836,2810.5264002259732,0.24341305611618028
248,0,4.774295479001012,1785873883.675732,0.00962595792952925,-5265.490023800949,2806.9098795429386,-5265.490023800949,False,-5263.947319635717,2813.9098768726503,-5263.947319635717,False,-1.0169816032700905,-1.0166836439636942,0.0002979593063963115,-0.06305668744606586,-63.056687446065865,2810.4565221310427,-2.2500958980183365
249,0,4.784271395998076,1785873883.685917,0.010084792040288448,-5268.6381471672075,2806.9098795429386,-5268.6381471672075,False,-5264.362216956748,2813.9098768726503,-5264.362216956748,False,-1.017589634722783,-1.0167637776152303,0.0008258571075527854,-0.11307256862148825,-113.07256862148824,2810.406506249867,-4.034847581411942
250,0,4.794313458492979,1785873883.695817,0.009809416951611638,-5265.150213756708,2806.9098795429386,-5265.150213756708,False,-5264.362216956748,2813.9098768726503,-5264.362216956748,False,-1.0169159720444993,-1.0167637776152303,0.00015219442926905913,-0.04924613783215355,-49.24613783215355,2810.4703326806566,-1.757284393097115
251,0,4.894180292030796,1785873883.795711,0.009843999985605478,-5267.897773528189,2806.9098795429386,-5267.897773528189,False,-5267.233681864634,2813.9098768726503,-5267.233681864634,False,-1.0174466382747744,-1.0173183749979156,0.0001282632768588865,-0.046978771548914694,-46.97877154891469,2810.47260004694,-1.676376375567895
252,0,4.904092333454173,1785873883.805563,0.009780082968063653,-5267.026531878786,2806.9098795429386,-5267.026531878786,False,-5263.691445479081,2813.9098768726503,-5263.691445479081,False,-1.0172783658584486,-1.0166342241929085,0.0006441416655400545,-0.0958558688444908,-95.8558688444908,2810.4237229496443,-3.4204920369858263
253,0,4.913824979506899,1785873883.815205,0.009550874936394393,-5264.426860254806,2806.9098795429386,-5264.426860254806,False,-5263.691445479081,2813.9098768726503,-5263.691445479081,False,-1.0167762628814834,-1.0166342241929085,0.00014203868857487478,-0.04828392825542117,-48.283928255421166,2810.4712948902334,-1.7229491955260194
254,0,4.923623353999574,1785873883.825155,0.009852042072452605,-5264.223231241305,2806.9098795429386,-5264.223231241305,False,-5261.775408609538,2813.9098768726503,-5261.775408609538,False,-1.0167369337858652,-1.0162641590634134,0.0004727747224517742,-0.07961964159724327,-79.61964159724327,2810.4399591768915,-2.841123379861664
255,0,4.93326270848047,1785873883.8344572,0.0092314169742167,-5261.519163684351,2806.9098795429386,-5261.519163684351,False,-5261.775408609538,2813.9098768726503,-5261.775408609538,False,-1.0162146676820474,-1.0162641590634134,-4.949138136600695e-05,-0.030137337762531406,-30.137337762531406,2810.4894414807263,-1.0754117100532188
256,0,4.942936124978587,1785873883.844518,0.009983666008338332,-5264.3218536833,2806.9098795429386,-5264.3218536833,False,-5260.326174000753,2813.9098768726503,-5260.326174000753,False,-1.016755981815341,-1.015984252553422,0.0007717292619191518,-0.10794420496935216,-107.94420496935216,2810.4116346135193,-3.851848592968604
257,0,4.952613687491976,1785873883.853798,0.00921345897950232,-5261.999084374432,2806.9098795429386,-5261.999084374432,False,-5260.326174000753,2813.9098768726503,-5260.326174000753,False,-1.0163073600070989,-1.015984252553422,0.0003231074536769185,-0.0654393583786088,-65.4393583786088,2810.45413946011,-2.3351184120257207
258,0,4.962189270998351,1785873883.8636942,0.009810792049393058,-5265.118349588235,2806.9098795429386,-5265.118349588235,False,-5260.506048577326,2813.9098768726503,-5260.506048577326,False,-1.0169098177695899,-1.0160189936951662,0.0008908240744236462,-0.1192278890039981,-119.2278890039981,2810.400350929485,-4.254492185412436
259,0,4.971978916495573,1785873883.873355,0.009587417007423937,-5262.480429001808,2806.9098795429386,-5262.480429001808,False,-5260.506048577326,2813.9098768726503,-5260.506048577326,False,-1.0164003273527138,-1.0160189936951662,0.00038133365754755566,-0.0709560225657106,-70.9560225657106,2810.4486227959233,-2.5319734001466814
260,0,4.981758562440518,1785873883.8832629,0.00983104098122567,-5266.1854839459875,2806.9098795429386,-5266.1854839459875,False,-5265.274709597856,2813.9098768726503,-5265.274709597856,False,-1.0171159250844164,-1.0169400172861691,0.00017590779824727676,-0.051492870139969935,-51.49287013996994,2810.4680859483487,-1.8374561140440313
261,0,5.097798562492244,1785873883.999518,0.01021945895627141,-5263.908800902601,2806.9098795429386,-5263.908800902601,False,-5265.274709597856,2813.9098768726503,-5265.274709597856,False,-1.016676204420027,-1.0169400172861691,-0.0002638128661420769,-0.00983136586339357,-9.83136586339357,2810.5097474526256,-0.35081950697236547
262,0,5.107906854012981,1785873884.0094059,0.009781792061403394,-5271.283299069358,2806.9098795429386,-5271.283299069358,False,-5261.775408609538,2813.9098768726503,-5270.180293850691,True,-1.0181005218026526,-1.0162641590634134,0.0018363627392392612,-0.20881331520312627,-208.81331520312625,2810.3107655032854,-7.451231630142958
263,0,5.117534396005794,1785873884.018771,0.009271041955798864,-5267.866799071351,2806.9098795429386,-5267.866799071351,False,-5261.775408609538,2813.9098768726503,-5270.180293850691,True,-1.0174406558395912,-1.0162641590634134,0.0011764967761778156,-0.1462940595292344,-146.2940595292344,2810.3732847589595,-5.220313286084585
264,0,5.12719012494199,1785873884.028733,0.00984616600908339,-5266.800788315076,2806.9098795429386,-5266.800788315076,False,-5263.338828637153,2813.9098768726503,-5263.338828637153,False,-1.017234765538191,-1.0165661194505913,0.0006686460875997557,-0.09817754978221294,-98.17754978221294,2810.4214012687066,-3.5033382023341755
265,0,5.1370279169641435,1785873884.0384262,0.009598999982699752,-5264.098863640893,2806.9098795429386,-5264.098863640893,False,-5263.338828637153,2813.9098768726503,-5263.338828637153,False,-1.0167129133127297,-1.0165661194505913,0.00014679386213845014,-0.048734459012327654,-48.734459012327655,2810.4708443594764,-1.7390257997547693
266,0,5.146830041485373,1785873884.048351,0.009822666994296014,-5265.109037848958,2806.9098795429386,-5265.109037848958,False,-5263.074812854905,2813.9098768726503,-5263.074812854905,False,-1.016908019291671,-1.01651512719872,0.0003928920929510138,-0.07205113099474117,-72.05113099474117,2810.447527687494,-2.5710509204517975
267,0,5.156464145984501,1785873884.0576909,0.009238542057573795,-5261.333610634545,2806.9098795429386,-5261.333610634545,False,-5263.074812854905,2813.9098768726503,-5263.074812854905,False,-1.0161788297947416,-1.01651512719872,-0.0003362974039784472,-0.0029637903146090628,-2.9637903146090627,2810.5166150281743,-0.10575900351873618
268,0,5.166094395972323,1785873884.0676212,0.00982070795726031,-5269.861085381752,2806.9098795429386,-5269.861085381752,False,-5266.6313065538325,2813.9098768726503,-5266.6313065538325,False,-1.0178258341383182,-1.0172020316743922,0.0006238024639260153,-0.09392882332753247,-93.92882332753247,2810.425649995161,-3.3517279234774646
269,0,5.175869062484708,1785873884.077207,0.009505875059403479,-5265.739967654098,2806.9098795429386,-5265.739967654098,False,-5266.6313065538325,2813.9098768726503,-5266.6313065538325,False,-1.0170298776565871,-1.0172020316743922,-0.00017215401780501516,-0.018515618870432866,-18.515618870432867,2810.5010631996183,-0.6607057832726544
270,0,5.185621416487265,1785873884.0871308,0.00985091703478247,-5268.525377047699,2806.9098795429386,-5268.525377047699,False,-5266.769953394792,2813.9098768726503,-5266.769953394792,False,-1.017567854197814,-1.0172288100532267,0.0003390441445871861,-0.06694928631759847,-66.94928631759848,2810.452629532171,-2.3889982271481043
271,0,5.286513312486932,1785873884.188121,0.010002125054597855,-5264.973712642411,2806.9098795429386,-5264.973712642411,False,-5266.769953394792,2813.9098768726503,-5266.769953394792,False,-1.0168818824563728,-1.0172288100532267,-0.000346927596853952,-0.0019566285826065535,-1.9566285826065535,2810.517622189906,-0.0698197467387437
272,0,5.296460416459013,1785873884.1979148,0.009693666943348944,-5263.633304584373,2806.9098795429386,-5263.633304584373,False,-5262.277381390609,2813.9098768726503,-5262.277381390609,False,-1.0166229948068402,-1.0163611105496728,0.000261884257167333,-0.05963874296574914,-59.638742965749145,2810.459940075523,-2.12813099363935
273,0,5.3063492919900455,1785873884.207894,0.009873249917291105,-5259.831902308466,2806.9098795429386,-5259.831902308466,False,-5262.277381390609,2813.9098768726503,-5262.277381390609,False,-1.0158887884625585,-1.0163611105496728,-0.00047232208711434076,0.009923920855517108,9.923920855517109,2810.5295027393445,0.35412221151574036
274,0,5.316282125015277,1785873884.217767,0.009784584050066769,-5266.323664336185,2806.9098795429386,-5266.323664336185,False,-5259.015261976557,2813.9098768726503,-5259.015261976557,False,-1.0171426133725203,-1.0157310617950905,0.0014115515774297815,-0.16856441751022194,-168.56441751022194,2810.3510144009783,-6.015002052177489
275,0,5.326168416533619,1785873884.2276711,0.009819332975894213,-5260.239151697495,2806.9098795429386,-5260.239151697495,False,-5261.811100066314,2813.9098768726503,-5261.811100066314,False,-1.0159674449854488,-1.0162710525443184,-0.0003036075588696008,-0.006061002322359769,-6.061002322359769,2810.5135178161663,-0.21627898666713422
276,0,5.335901020502206,1785873884.237237,0.009477625018917024,-5264.973712642411,2806.9098795429386,-5256.268070980251,True,-5261.811100066314,2813.9098768726503,-5261.811100066314,False,-1.0168818824563728,-1.0162710525443184,0.0006108299120544114,-0.09269973388724548,-92.69973388724547,2810.4268790846013,-3.30786946500305
277,0,5.345632958516944,1785873884.247126,0.009808916947804391,-5258.463669997381,2806.9098795429386,-5258.463669997381,False,-5260.154192541839,2813.9098768726503,-5260.154192541839,False,-1.0156245268111104,-1.0159510358957076,-0.00032650908459719297,-0.0038911884170587875,-3.8911884170587876,2810.5156876300716,-0.13885199889590308
278,0,5.355350479017943,1785873884.256665,0.009466957999393344,-5255.692559778123,2806.9098795429386,-5255.692559778123,False,-5260.154192541839,2813.9098768726503,-5260.154192541839,False,-1.0150893120256144,-1.0159510358957076,-0.0008617238700932006,0.04681794326724395,46.81794326724395,2810.566396761756,1.6706374274637437
279,0,5.36506493750494,1785873884.2665951,0.009821291081607342,-5260.681464628813,2806.9098795429386,-5260.681464628813,False,-5257.44501794706,2813.9098768726503,-5257.44501794706,False,-1.0160528737132604,-1.0154277834138905,0.000625090299369857,-0.0940508397943402,-94.0508397943402,2810.4255279786944,-3.3560819224357763
280,0,5.374837791954633,1785873884.276174,0.009491250035353005,-5257.439983999808,2806.9098795429386,-5257.439983999808,False,-5257.44501794706,2813.9098768726503,-5257.44501794706,False,-1.0154268111526719,-1.0154277834138905,-9.72261218645798e-07,-0.034734300550991956,-34.734300550991954,2810.4848445179377,-1.239448349664286
281,0,5.481492812454235,1785873884.384118,0.011933375033549964,-5258.2794212821145,2806.9098795429386,-5258.2794212821145,False,-5255.354638128562,2813.9098768726503,-5255.354638128562,False,-1.0155889408441814,-1.015024045526315,0.0005648953178662985,-0.08834764300957783,-88.34764300957782,2810.4312311754793,-3.1525707611182496
282,0,5.492493458499666,1785873884.394002,0.00974658306222409,-5261.246602949404,2806.9098795429386,-5261.246602949404,False,-5259.8995622539005,2813.9098768726503,-5259.8995622539005,False,-1.0161620250501249,-1.01590185636687,0.00026016868325484666,-0.05947620025243116,-59.47620025243116,2810.4601026182363,-2.122330868271166
283,0,5.502750832994934,1785873884.4046788,0.01047425006981939,-5264.510263245673,2806.9098795429386,-5264.510263245673,False,-5262.786241297238,2813.9098768726503,-5262.786241297238,False,-1.0167923714121208,-1.0164593922217193,0.00033297919040142787,-0.06637465988948166,-66.37465988948166,2810.4532041585994,-2.3684934302555543
284,0,5.513404437515419,1785873884.4152472,0.010450041037984192,-5258.049607237826,2806.9098795429386,-5258.049607237826,False,-5260.51221675741,2813.9098768726503,-5260.51221675741,False,-1.015544554347548,-1.0160201850231612,-0.00047563067561307015,0.010237394351425396,10.237394351425396,2810.52981621284,0.36530810560324706
285,0,5.523634103999939,1785873884.425153,0.009781791944988072,-5262.451281809351,2806.9098795429386,-5262.451281809351,False,-5260.807096696173,2813.9098768726503,-5260.807096696173,False,-1.0163946978370595,-1.0160771384067093,0.0003175594303501672,-0.0649137087644953,-64.9137087644953,2810.4546651097244,-2.3163612890556418
286,0,5.533570041472558,1785873884.435103,0.00983441702555865,-5260.425836322293,2806.9098795429386,-5260.425836322293,False,-5257.019475315983,2813.9098768726503,-5257.019475315983,False,-1.016003501426193,-1.0153455937173463,0.0006579077088466612,-0.09716013793743002,-97.16013793743002,2810.4224186805513,-3.4670331836079793
287,0,5.543511750001926,1785873884.445021,0.009817916085012257,-5257.889564792136,2806.9098795429386,-5257.889564792136,False,-5257.019475315983,2813.9098768726503,-5257.019475315983,False,-1.0155136436018675,-1.0153455937173463,0.00016804988452112646,-0.05074836906731372,-50.74836906731372,2810.4688304494216,-1.8108895613514744
288,0,5.553416853945237,1785873884.454918,0.00980545801576227,-5258.463669997381,2806.9098795429386,-5266.858348471941,True,-5264.2578967721865,2813.9098768726503,-5264.2578967721865,False,-1.0156245268111104,-1.0167436291184961,-0.0011191023073857664,0.07120336277181429,71.20336277181428,2810.5907821812607,2.5407994137815546
289,0,5.563479083008133,1785873884.4651341,0.010130750015377998,-5263.317825728147,2806.9098795429386,-5263.317825728147,False,-5264.2578967721865,2813.9098768726503,-5264.2578967721865,False,-1.0165620629293601,-1.0167436291184961,-0.00018156618913600653,-0.017623859060366818,-17.62385906036682,2810.5019549594285,-0.6288844940182279
290,0,5.573507395980414,1785873884.474991,0.009763042093254626,-5268.055522923197,2806.9098795429386,-5268.055522923197,False,-5262.88425442962,2813.9098768726503,-5262.88425442962,False,-1.0174771061385297,-1.0164783225685743,0.0009987835699554193,-0.12945655312884674,-129.45655312884674,2810.39012226536,-4.619488764232328
291,0,5.715935728978366,1785873884.61764,0.010151041904464364,-5263.87615732281,2806.9098795429386,-5263.87615732281,False,-5262.88425442962,2813.9098768726503,-5262.88425442962,False,-1.016669899608896,-1.0164783225685743,0.00019157704032179979,-0.05297745853566203,-52.977458535662024,2810.466601359953,-1.890431720513204
292,0,5.726049853954464,1785873884.627553,0.009827041998505592,-5269.310829631184,2806.9098795429386,-5269.310829631184,False,-5263.4262808458825,2813.9098768726503,-5263.4262808458825,False,-1.0177195572347646,-1.0165830100509041,0.0011365471838604702,-0.1425090199667024,-142.5090199667024,2810.377069798522,-5.085249071035626
293,0,5.735976833500899,1785873884.637543,0.009864083025604486,-5265.474745212899,2806.9098795429386,-5265.474745212899,False,-5263.934791246673,2813.9098768726503,-5263.934791246673,False,-1.0169786523494924,-1.0166812242190704,0.000297428130421995,-0.06300636097310755,-63.00636097310755,2810.4565724575154,-2.2483000632710373
294,0,5.74577906250488,1785873884.647106,0.009471541037783027,-5261.223518287926,2806.9098795429386,-5261.223518287926,False,-5263.934791246673,2813.9098768726503,-5263.934791246673,False,-1.0161575664572997,-1.0166812242190704,-0.0005236577617706573,0.014787739189379439,14.787739189379439,2810.534366557678,0.5276812442684641
295,0,5.75548977102153,1785873884.65696,0.009782708017155528,-5259.982401782878,2806.9098795429386,-5259.982401782878,False,-5259.716451093767,2813.9098768726503,-5259.716451093767,False,-1.015917856069958,-1.0158664901083896,5.1365961568405893e-05,-0.03969310569493314,-39.69310569493314,2810.479885712794,-1.4163968632219932
296,0,5.7652219999581575,1785873884.666589,0.00954300002194941,-5257.350251365132,2806.9098795429386,-5257.350251365132,False,-5259.716451093767,2813.9098768726503,-5259.716451093767,False,-1.015409480108787,-1.0158664901083896,-0.0004570099996026311,0.008473171206900302,8.473171206900302,2810.5280519896955,0.3023540967349523
297,0,5.774906770966481,1785873884.676318,0.0096510419389233,-5266.127505843923,2806.9098795429386,-5266.127505843923,False,-5260.560742919185,2813.9098768726503,-5260.560742919185,False,-1.0171047271402696,-1.0160295574108362,0.001075169729433334,-0.1366937893278318,-136.6937893278318,2810.382885029161,-4.877740127313438
298,0,5.784710208012257,1785873884.686187,0.00980025005992502,-5262.3108721566105,2806.9098795429386,-5262.3108721566105,False,-5260.560742919185,2813.9098768726503,-5260.560742919185,False,-1.0163675789871305,-1.0160295574108362,0.0003380215762942562,-0.06685240268951574,-66.85240268951574,2810.452726415799,-2.3855410608591114
299,0,5.794651041505858,1785873884.6962008,0.00995033304207027,-5259.218700290102,2806.9098795429386,-5259.218700290102,False,-5261.8073704536,2813.9098768726503,-5261.8073704536,False,-1.015770354058743,-1.0162703322034765,-0.0004999781447334595,0.012544204722258335,12.544204722258334,2810.532123023211,0.44762363410856176
300,0,5.804275750007946,1785873884.705436,0.009172249934636056,-5256.255428968585,2806.9098795429386,-5256.255428968585,False,-5261.8073704536,2813.9098768726503,-5261.8073704536,False,-1.0151980251005914,-1.0162703322034765,-0.001072307102885084,0.06676973303750142,66.76973303750141,2810.586348551526,2.3825911018234875
